Server_ID,Region,CPU_Usage_%,Hourly_Cost_USD,AI_Recommendation
Node_0,London,39.249135161326606,2.3185607664160743,MAINTAIN
Node_1,New York,52.11990880602261,2.4550456853254685,MAINTAIN
Node_2,London,23.95590323551354,3.556577434977213,SHUTDOWN
Node_3,London,96.558170632227,1.5964583062993307,MAINTAIN
Node_4,London,40.28875475203603,1.4219631504933554,MAINTAIN
Node_5,Cape Town,56.80403896115208,4.946019709694593,MAINTAIN
Node_6,Cape Town,92.82606312122367,3.2624004759310914,MAINTAIN
Node_7,Cape Town,58.46108435341988,2.8602783080966256,MAINTAIN
Node_8,London,43.94555315029441,2.9064916275994412,MAINTAIN
Node_9,Cape Town,25.791594534799636,1.890293810631664,SHUTDOWN
Node_10,Cape Town,22.781189098141155,4.784561824976712,SHUTDOWN
Node_11,Cape Town,82.89208130972398,2.5765091950597903,MAINTAIN
Node_12,New York,65.79367664058171,1.976811978384064,MAINTAIN
Node_13,London,15.615312488860432,2.5953271164590945,SHUTDOWN
Node_14,Cape Town,68.36376672128875,4.223198293222897,MAINTAIN
Node_15,London,41.278576271228516,0.5352331185566219,MAINTAIN
Node_16,Cape Town,63.82088174822357,3.128569359503482,MAINTAIN
Node_17,London,86.48505537692218,4.418385891557808,MAINTAIN
Node_18,New York,62.25365207216891,4.804034816027338,MAINTAIN
Node_19,Cape Town,48.3303472853554,1.3920984839048696,MAINTAIN
Node_20,London,34.869290522440565,4.023379177105577,MAINTAIN
Node_21,New York,73.88766441117154,3.9559145676202103,MAINTAIN
Node_22,Cape Town,26.334812093082235,0.9930096793219593,SHUTDOWN
Node_23,Cape Town,37.127263312735465,3.188575270392129,MAINTAIN
Node_24,London,31.844824885727913,1.1884230591090836,MAINTAIN
Node_25,New York,88.76966158148926,3.1236031353817673,MAINTAIN
Node_26,New York,63.83860261543226,1.311952505363154,MAINTAIN
Node_27,Cape Town,56.16065472363751,2.890122096263216,MAINTAIN
Node_28,Cape Town,94.55108107492931,0.9934668767744832,MAINTAIN
Node_29,London,91.0429219077356,0.5873794118138451,MAINTAIN
Node_30,London,11.75204730779145,3.3831299484083535,SHUTDOWN
Node_31,Cape Town,53.94841364902946,3.1911055771322285,MAINTAIN
Node_32,New York,93.98024447463958,3.239674133922266,MAINTAIN
Node_33,Cape Town,38.818381351367336,0.9338339243878001,MAINTAIN
Node_34,Cape Town,60.88019132001976,2.5523210247333767,MAINTAIN
Node_35,New York,54.06037229484546,4.405888579423016,MAINTAIN
Node_36,Cape Town,47.033501961640916,4.328083787521846,MAINTAIN
Node_37,Cape Town,11.193350504635976,3.2609603943982366,SHUTDOWN
Node_38,New York,59.71692921398857,2.0929938144430116,MAINTAIN
Node_39,New York,50.54975731620842,3.583279026831622,MAINTAIN
Node_40,London,55.57132445677031,4.663944811975005,MAINTAIN
Node_41,Cape Town,26.463376307790806,1.9739633429925942,SHUTDOWN
Node_42,New York,89.37103753994533,0.9716264622042319,MAINTAIN
Node_43,Cape Town,92.66966546133223,3.1600573314365117,MAINTAIN
Node_44,Cape Town,51.10069116870499,3.848326425413084,MAINTAIN
Node_45,Cape Town,58.050133675111006,4.64201576226444,MAINTAIN
Node_46,New York,58.41690225003559,3.123021252600833,MAINTAIN
Node_47,Cape Town,49.10098692015905,3.8286760935898663,MAINTAIN
Node_48,London,61.88106181147007,1.488987062980007,MAINTAIN
Node_49,Cape Town,41.392212927295574,0.7452626404671979,MAINTAIN
Node_50,London,21.96899333927773,0.6140466478966013,SHUTDOWN
Node_51,London,42.82709743545535,1.4132481202969005,MAINTAIN
Node_52,Cape Town,78.66256437445074,4.877907261480706,MAINTAIN
Node_53,Cape Town,23.03945478105816,4.143354641193169,SHUTDOWN
Node_54,Cape Town,31.409482245820143,3.1472921074475115,MAINTAIN
Node_55,New York,77.35662008272385,2.914567222297223,MAINTAIN
Node_56,New York,56.133606463724526,3.02736711662119,MAINTAIN
Node_57,New York,93.10402358949149,2.9235131685859685,MAINTAIN
Node_58,Cape Town,59.33279144478254,1.1845599474537025,MAINTAIN
Node_59,Cape Town,55.78211508989807,2.8749593347374196,MAINTAIN
Node_60,Cape Town,64.08718257963781,2.801464348969223,MAINTAIN
Node_61,New York,99.23758013200573,1.9783622507314829,MAINTAIN
Node_62,New York,36.09783726674786,2.319259758223953,MAINTAIN
Node_63,New York,32.9902979664367,2.275162363520608,MAINTAIN
Node_64,New York,38.138905716291376,3.2720826489738704,MAINTAIN
Node_65,New York,57.71682378496203,1.8426718571277831,MAINTAIN
Node_66,London,79.09721045778335,4.289338637521092,MAINTAIN
Node_67,New York,25.598230227748992,1.2767172657113914,SHUTDOWN
Node_68,London,35.1597164932075,2.5392199472700336,MAINTAIN
Node_69,London,86.0230919053841,0.8691118826227202,MAINTAIN
Node_70,London,28.487854746442835,1.2550661010737352,SHUTDOWN
Node_71,New York,47.99426167535507,1.7224663105024731,MAINTAIN
Node_72,New York,36.25443422466298,4.7802423685832105,MAINTAIN
Node_73,New York,85.54332591046354,3.1959984249289786,MAINTAIN
Node_74,Cape Town,15.64387258824345,1.2595852882079297,SHUTDOWN
Node_75,New York,55.60876148283838,3.374653072478206,MAINTAIN
Node_76,London,14.075050801324295,0.5359193853647838,SHUTDOWN
Node_77,New York,33.38950091968259,3.4031150740784946,MAINTAIN
Node_78,Cape Town,63.71323638812261,1.430248358782679,MAINTAIN
Node_79,Cape Town,49.22149541089841,0.5222254453162246,MAINTAIN
Node_80,New York,73.14958306099187,3.5238077278945568,MAINTAIN
Node_81,New York,10.541101646401463,2.6601553262189688,SHUTDOWN
Node_82,London,48.22139040523085,1.9705887766627799,MAINTAIN
Node_83,London,53.39661845552385,2.3674811858069775,MAINTAIN
Node_84,Cape Town,90.50192567347426,2.9113744061321327,MAINTAIN
Node_85,London,95.85938656062525,2.786197781187381,MAINTAIN
Node_86,Cape Town,38.14337457148114,4.548134286793734,MAINTAIN
Node_87,New York,82.12332321727729,4.981485395018078,MAINTAIN
Node_88,Cape Town,88.80413761154743,3.9308052792532293,MAINTAIN
Node_89,London,58.6009331427038,2.7490621309532948,MAINTAIN
Node_90,New York,73.93181820279668,0.9928416765573367,MAINTAIN
Node_91,London,77.11072373336911,4.147956238430445,MAINTAIN
Node_92,Cape Town,90.94519424042878,2.621085678097931,MAINTAIN
Node_93,Cape Town,75.00962759999024,4.349456617023559,MAINTAIN
Node_94,New York,37.304084219868535,4.389964808858695,MAINTAIN
Node_95,New York,28.894719489503604,4.7492522055301984,SHUTDOWN
Node_96,London,34.32615853529514,3.598616695728057,MAINTAIN
Node_97,London,26.718637728447263,2.437487566483012,SHUTDOWN
Node_98,New York,21.022256170490724,4.18861680131368,SHUTDOWN
Node_99,New York,62.83903142015308,0.8161199425988168,MAINTAIN
Node_100,Cape Town,67.25148114535088,1.1716204422936167,MAINTAIN
Node_101,London,47.09734742469632,1.5350086114685497,MAINTAIN
Node_102,New York,16.663160328084047,3.536026131679101,SHUTDOWN
Node_103,London,19.20804270410771,4.96578602409911,SHUTDOWN
Node_104,New York,55.419791324628264,3.160895193286452,MAINTAIN
Node_105,London,31.641650971006808,4.364509879753813,MAINTAIN
Node_106,New York,62.23078106834199,3.355165595733385,MAINTAIN
Node_107,London,35.31071616747028,3.5339852502131572,MAINTAIN
Node_108,London,33.46532799582482,2.006203074252829,MAINTAIN
Node_109,New York,30.300081195330726,1.2660926511949,MAINTAIN
Node_110,New York,32.66737576759751,1.9612865007978988,MAINTAIN
Node_111,Cape Town,12.805660021636585,3.254882855585285,SHUTDOWN
Node_112,Cape Town,73.8074844462251,3.2668491238766224,MAINTAIN
Node_113,London,61.41564004059698,3.0499229925135345,MAINTAIN
Node_114,London,39.245102726533254,4.529358153529619,MAINTAIN
Node_115,New York,25.749345894018685,2.3923714494578228,SHUTDOWN
Node_116,London,24.64154301159928,3.2914418702402366,SHUTDOWN
Node_117,New York,49.273239263700944,2.0167259414921084,MAINTAIN
Node_118,London,39.3809687707094,4.895769395487963,MAINTAIN
Node_119,New York,14.77022021158717,3.40416781812682,SHUTDOWN
Node_120,Cape Town,89.98752539677082,2.1391236596270424,MAINTAIN
Node_121,New York,71.0528347461372,4.3787714477863116,MAINTAIN
Node_122,London,80.59144415892679,4.586099708139696,MAINTAIN
Node_123,Cape Town,19.320489467739698,4.894362573043534,SHUTDOWN
Node_124,London,15.885303815883406,4.539434357959883,SHUTDOWN
Node_125,London,14.175395605947603,4.564417558395879,SHUTDOWN
Node_126,London,92.30827676318783,2.7228495318546666,MAINTAIN
Node_127,Cape Town,54.12521038185187,3.6043471117076775,MAINTAIN
Node_128,Cape Town,38.956182439751394,1.980409685687212,MAINTAIN
Node_129,Cape Town,15.33710735165025,2.651167929713558,SHUTDOWN
Node_130,Cape Town,26.84700098472347,4.260596928888597,SHUTDOWN
Node_131,Cape Town,11.61543983920107,3.1667493368030675,SHUTDOWN
Node_132,New York,75.55975132414846,2.4368661716443976,MAINTAIN
Node_133,London,39.16706996462184,3.9684947105374686,MAINTAIN
Node_134,Cape Town,55.30912525154386,1.4763616921321128,MAINTAIN
Node_135,London,61.21997513271408,3.5168795768037104,MAINTAIN
Node_136,Cape Town,68.33252084088258,1.6419142322496048,MAINTAIN
Node_137,London,38.965238370489544,1.8368549434411543,MAINTAIN
Node_138,London,86.09577402231099,0.5673218284505408,MAINTAIN
Node_139,Cape Town,57.43295917691915,1.1459204986788816,MAINTAIN
Node_140,Cape Town,53.41173972849864,4.089515144520539,MAINTAIN
Node_141,New York,35.690465755602986,0.8166292758563833,MAINTAIN
Node_142,New York,18.64708021974787,1.498945994172527,SHUTDOWN
Node_143,London,48.4273710025878,4.473550549643239,MAINTAIN
Node_144,London,21.535997344664253,0.9337586860206796,SHUTDOWN
Node_145,Cape Town,69.57456574095822,3.3065287625768183,MAINTAIN
Node_146,London,24.52679418124506,3.8655252151076933,SHUTDOWN
Node_147,Cape Town,69.03945892555663,4.523823296559259,MAINTAIN
Node_148,Cape Town,91.93124778045755,0.6622623729612898,MAINTAIN
Node_149,Cape Town,14.590034784426752,2.5055949110060225,SHUTDOWN
Node_150,London,86.71519166121719,2.3138702285688275,MAINTAIN
Node_151,New York,43.398122995376234,2.981713526749452,MAINTAIN
Node_152,New York,74.93622425915852,0.7797341838025829,MAINTAIN
Node_153,Cape Town,84.40097386902565,3.4290609313547638,MAINTAIN
Node_154,London,37.85523975874754,1.9173732016688994,MAINTAIN
Node_155,New York,16.114275947505803,2.3347531841675098,SHUTDOWN
Node_156,Cape Town,14.847547099185764,0.9195671468440824,SHUTDOWN
Node_157,Cape Town,37.7047074956498,0.7666268481144731,MAINTAIN
Node_158,New York,64.915920605276,2.305378591689519,MAINTAIN
Node_159,Cape Town,49.555984836491966,3.7613690786194027,MAINTAIN
Node_160,New York,64.03416511174302,1.4226755389546804,MAINTAIN
Node_161,New York,74.27752890691501,0.7961807993302923,MAINTAIN
Node_162,New York,34.58990340974736,1.0076719312760245,MAINTAIN
Node_163,Cape Town,23.551972861940662,2.30318483388658,SHUTDOWN
Node_164,New York,55.15441161156734,4.297988070552238,MAINTAIN
Node_165,New York,19.07482512408746,1.5431936870821477,SHUTDOWN
Node_166,London,20.81499992526264,4.278274640363001,SHUTDOWN
Node_167,London,67.16874981522665,3.388866625458875,MAINTAIN
Node_168,New York,53.07969569149948,3.9475348433964017,MAINTAIN
Node_169,London,33.53371775043219,2.7919340376890713,MAINTAIN
Node_170,New York,34.295708817087046,1.1795638100685946,MAINTAIN
Node_171,Cape Town,82.83794513033043,3.4174238227030456,MAINTAIN
Node_172,New York,40.357223650858685,1.9800565605896778,MAINTAIN
Node_173,Cape Town,84.72449582300092,1.7029875150208984,MAINTAIN
Node_174,New York,98.54577232076117,3.0184704708306076,MAINTAIN
Node_175,London,62.7329725533312,4.679004484892857,MAINTAIN
Node_176,London,87.61480329054356,2.228599198933691,MAINTAIN
Node_177,London,70.29649415297737,3.2242046796607204,MAINTAIN
Node_178,London,10.363221807444091,2.468573892214157,SHUTDOWN
Node_179,New York,12.247688454132854,3.6616124182458174,SHUTDOWN
Node_180,Cape Town,22.844036478811354,3.9430828890812797,SHUTDOWN
Node_181,New York,31.650715275836216,1.9696706225303047,MAINTAIN
Node_182,New York,88.55892834844305,4.168396121036139,MAINTAIN
Node_183,Cape Town,35.39202336819822,1.1796568946463135,MAINTAIN
Node_184,London,74.52521055413806,1.9636050284271152,MAINTAIN
Node_185,London,17.9808919998071,2.329955019743,SHUTDOWN
Node_186,New York,54.00374854511249,0.8287544157195904,MAINTAIN
Node_187,Cape Town,84.3796578458056,1.5542755565394724,MAINTAIN
Node_188,New York,82.92822692763687,2.6700456087025866,MAINTAIN
Node_189,New York,31.915150632690906,1.035982033873767,MAINTAIN
Node_190,London,37.43326284478312,0.6023181652538094,MAINTAIN
Node_191,Cape Town,85.41955755784848,4.230485892907746,MAINTAIN
Node_192,Cape Town,82.40927609139256,3.5835671794373014,MAINTAIN
Node_193,Cape Town,12.933617579896062,4.813028902555666,SHUTDOWN
Node_194,London,32.61256520758692,3.2782937090911943,MAINTAIN
Node_195,London,79.10248720138057,1.9065104663008166,MAINTAIN
Node_196,New York,52.30228876599755,2.722097185430423,MAINTAIN
Node_197,New York,90.63383932596834,0.9986226384364749,MAINTAIN
Node_198,Cape Town,27.74167215254484,3.4223265941146033,SHUTDOWN
Node_199,Cape Town,67.21720607097052,2.6446061530364045,MAINTAIN
Node_200,London,68.43286858490919,4.275748603881451,MAINTAIN
Node_201,Cape Town,55.553243536882825,4.137712389757214,MAINTAIN
Node_202,Cape Town,59.715172371615274,3.175279984382913,MAINTAIN
Node_203,Cape Town,31.661811331644586,3.6090588573225753,MAINTAIN
Node_204,Cape Town,19.620882624467956,4.844834241702097,SHUTDOWN
Node_205,New York,16.57144901741714,2.8638473762291703,SHUTDOWN
Node_206,London,52.614982016887865,2.520299344739956,MAINTAIN
Node_207,Cape Town,63.8103543300752,3.3874785622729835,MAINTAIN
Node_208,London,25.10622961622178,1.8246053542075895,SHUTDOWN
Node_209,Cape Town,34.26793424471148,4.9177940650085565,MAINTAIN
Node_210,Cape Town,70.21791191585336,1.5618371754702238,MAINTAIN
Node_211,London,78.82138301002506,2.3798431462221927,MAINTAIN
Node_212,New York,27.69012151848352,2.7068879015017107,SHUTDOWN
Node_213,New York,72.99807589889876,3.568192911178382,MAINTAIN
Node_214,London,74.54811361721161,3.929312850905374,MAINTAIN
Node_215,New York,49.68906307565441,2.583270516151216,MAINTAIN
Node_216,New York,61.0270080650616,4.416763167979278,MAINTAIN
Node_217,New York,36.32790232804009,3.187993411249925,MAINTAIN
Node_218,New York,77.36352060824944,4.373449637882398,MAINTAIN
Node_219,London,50.46385081312677,2.163201402352271,MAINTAIN
Node_220,New York,67.59769310467804,4.046805284272008,MAINTAIN
Node_221,London,53.73110992963001,0.6717029959165481,MAINTAIN
Node_222,London,58.84490763051326,2.954219719800103,MAINTAIN
Node_223,New York,45.29891964583583,1.1939581503113557,MAINTAIN
Node_224,London,72.15418452865234,4.542795485871416,MAINTAIN
Node_225,Cape Town,62.26816581996468,3.93844725490814,MAINTAIN
Node_226,New York,10.930913870911823,3.0359775655406582,SHUTDOWN
Node_227,Cape Town,98.89253827660937,4.62015691747724,MAINTAIN
Node_228,London,38.03555225209976,0.8663579317268697,MAINTAIN
Node_229,London,36.2653084593102,3.8344120857283395,MAINTAIN
Node_230,London,19.233901864327102,1.271758132241018,SHUTDOWN
Node_231,London,88.47397357532486,4.32218505514015,MAINTAIN
Node_232,New York,93.05351917214843,0.5787764190471547,MAINTAIN
Node_233,Cape Town,22.038865917179194,2.4364765594192344,SHUTDOWN
Node_234,New York,94.6842957932408,3.5297450612011563,MAINTAIN
Node_235,Cape Town,38.12766891313356,1.8906397213448791,MAINTAIN
Node_236,New York,75.0493462448477,4.931742712880691,MAINTAIN
Node_237,New York,68.63251349122687,3.3272660431280614,MAINTAIN
Node_238,London,73.29744678880377,1.6589156246352559,MAINTAIN
Node_239,London,60.673655522897,2.550755623096178,MAINTAIN
Node_240,London,51.53769057422231,0.7713254584955814,MAINTAIN
Node_241,Cape Town,23.99516340927626,4.841680579877521,SHUTDOWN
Node_242,London,60.30624614562149,1.8455243921335172,MAINTAIN
Node_243,New York,45.79107304564855,2.181839356138563,MAINTAIN
Node_244,Cape Town,97.93633986202322,1.4751299706323615,MAINTAIN
Node_245,New York,44.170335493224336,1.0658259038763431,MAINTAIN
Node_246,Cape Town,46.22427506901257,4.1977223007797395,MAINTAIN
Node_247,New York,77.61552137360626,0.8723315037365109,MAINTAIN
Node_248,Cape Town,30.51433694596235,4.019585159942368,MAINTAIN
Node_249,New York,58.57516665993725,1.4364134023442543,MAINTAIN
Node_250,London,74.55752726432603,0.6974316116862439,MAINTAIN
Node_251,Cape Town,31.18967791791318,1.2954719741582459,MAINTAIN
Node_252,London,92.11963683998454,3.4601385039719306,MAINTAIN
Node_253,London,40.43901730418547,2.465857820477123,MAINTAIN
Node_254,London,73.57063646873917,4.040523017530498,MAINTAIN
Node_255,New York,40.18078463244079,2.4681050263091313,MAINTAIN
Node_256,New York,93.34292817863786,2.8027259894236423,MAINTAIN
Node_257,London,79.15484732216605,0.7063715650760228,MAINTAIN
Node_258,London,13.415148826352183,3.9536110596373484,SHUTDOWN
Node_259,Cape Town,32.23576946976145,4.789556121748983,MAINTAIN
Node_260,London,91.4422563925836,0.558481151039071,MAINTAIN
Node_261,New York,32.425726864371896,3.9179214234326194,MAINTAIN
Node_262,Cape Town,20.331254633868646,1.3711194398932753,SHUTDOWN
Node_263,New York,46.92938683827971,2.4380984375932115,MAINTAIN
Node_264,London,38.30090570493324,4.586006106940285,MAINTAIN
Node_265,London,29.054278035266098,3.2642204802152643,SHUTDOWN
Node_266,Cape Town,50.886104608651316,0.5759242080080198,MAINTAIN
Node_267,New York,35.63576976214401,1.7981686833640176,MAINTAIN
Node_268,New York,78.10537069917318,3.423758457251471,MAINTAIN
Node_269,New York,74.40211740004166,2.6324131116600906,MAINTAIN
Node_270,London,26.534617065298942,1.9675233241074745,SHUTDOWN
Node_271,Cape Town,52.52675117225773,4.2562735073507625,MAINTAIN
Node_272,London,81.19461044725429,2.498299082959623,MAINTAIN
Node_273,London,45.14810571488614,0.5806913323387659,MAINTAIN
Node_274,London,53.34196473622073,3.172094533444177,MAINTAIN
Node_275,New York,82.89251227126447,2.6139795619960813,MAINTAIN
Node_276,New York,48.16386109952352,3.368933318626274,MAINTAIN
Node_277,New York,58.850958620321435,3.0856554410713226,MAINTAIN
Node_278,London,37.90548272053596,0.5418057532215153,MAINTAIN
Node_279,London,18.19165992626135,3.6665312847591047,SHUTDOWN
Node_280,London,12.346133249437145,4.7228733314881115,SHUTDOWN
Node_281,New York,26.234721653180582,1.9838828452682704,SHUTDOWN
Node_282,New York,92.55812920122246,2.5230949677541337,MAINTAIN
Node_283,Cape Town,90.99564805185202,3.2070489157409456,MAINTAIN
Node_284,New York,68.38819985528494,2.4763392704190865,MAINTAIN
Node_285,London,53.86767967817945,3.038685573485301,MAINTAIN
Node_286,London,64.69194271809124,4.685160669540985,MAINTAIN
Node_287,Cape Town,41.32851754778382,1.9191675840674658,MAINTAIN
Node_288,New York,19.561929688546833,3.01079587953472,SHUTDOWN
Node_289,Cape Town,44.89556413472698,3.3756828359863285,MAINTAIN
Node_290,Cape Town,45.22312140530688,0.5695397499183765,MAINTAIN
Node_291,New York,73.50938141599646,1.3477338652383495,MAINTAIN
Node_292,Cape Town,37.794495784872105,2.928504513129018,MAINTAIN
Node_293,New York,71.51678255714933,2.1548535190750817,MAINTAIN
Node_294,London,42.396483947374755,2.8736698455613263,MAINTAIN
Node_295,New York,93.98210106137877,0.7344930448710631,MAINTAIN
Node_296,New York,48.71514228891922,3.810398968736481,MAINTAIN
Node_297,Cape Town,28.074495615928267,1.431651048180803,SHUTDOWN
Node_298,Cape Town,79.74943414957028,2.8845542715457406,MAINTAIN
Node_299,London,16.661593516991296,4.1702710950338755,SHUTDOWN
Node_300,New York,73.92239594402335,2.4176984449557946,MAINTAIN
Node_301,London,60.180227069322065,3.1571843188188793,MAINTAIN
Node_302,London,39.41505340559627,1.3995857902558073,MAINTAIN
Node_303,Cape Town,62.95020962893152,4.226499791696622,MAINTAIN
Node_304,Cape Town,40.865692320671556,3.083793620793113,MAINTAIN
Node_305,New York,94.57939089620409,3.199039516594274,MAINTAIN
Node_306,London,97.51986704535405,1.0525388498395853,MAINTAIN
Node_307,New York,51.49945030399873,2.192646595795315,MAINTAIN
Node_308,New York,65.41539527677998,2.065564016941086,MAINTAIN
Node_309,New York,26.961796567228074,4.344272069728392,SHUTDOWN
Node_310,New York,19.54951561581603,2.3127794395236756,SHUTDOWN
Node_311,New York,15.093315269652527,3.9970297244537276,SHUTDOWN
Node_312,Cape Town,49.61066950910024,2.1405213014322584,MAINTAIN
Node_313,London,26.85611912245951,3.6804265929591664,SHUTDOWN
Node_314,Cape Town,66.5317141898513,4.292158117566745,MAINTAIN
Node_315,Cape Town,41.27387765539212,2.1094213246216653,MAINTAIN
Node_316,New York,98.02538803293632,2.948540866953412,MAINTAIN
Node_317,Cape Town,91.94367736300725,1.753156085843889,MAINTAIN
Node_318,Cape Town,16.01459099739824,4.619578547981046,SHUTDOWN
Node_319,New York,72.15842393089447,2.878815031070209,MAINTAIN
Node_320,London,86.61115009081162,1.709380381339144,MAINTAIN
Node_321,New York,86.16204089451766,0.8330401553963718,MAINTAIN
Node_322,London,39.17790281375735,0.8863411607144785,MAINTAIN
Node_323,Cape Town,17.768862537238494,2.975831152321582,SHUTDOWN
Node_324,New York,22.217151904854887,0.9379500907311025,SHUTDOWN
Node_325,Cape Town,86.71685002234328,0.5764744732856683,MAINTAIN
Node_326,Cape Town,96.49413069936537,2.787570407893363,MAINTAIN
Node_327,London,72.69712790357315,2.4996322050633153,MAINTAIN
Node_328,Cape Town,87.28470345230541,4.90337993028107,MAINTAIN
Node_329,London,43.75895955033876,0.8885822985329217,MAINTAIN
Node_330,London,21.728870587325044,2.9560074082100165,SHUTDOWN
Node_331,Cape Town,50.050546854541004,4.905858371437044,MAINTAIN
Node_332,Cape Town,46.1078586715794,4.22642641600552,MAINTAIN
Node_333,New York,90.5173448594599,4.134509503333357,MAINTAIN
Node_334,London,13.13928768822928,3.896979104018079,SHUTDOWN
Node_335,London,70.89640514445964,4.607132398109537,MAINTAIN
Node_336,New York,20.143115486549686,3.767443650172166,SHUTDOWN
Node_337,New York,25.276283798320613,2.04350352750293,SHUTDOWN
Node_338,London,46.480396800299694,3.3781184681755962,MAINTAIN
Node_339,London,67.66175960727087,4.2550954719453395,MAINTAIN
Node_340,New York,16.44819321013091,2.3578580542660275,SHUTDOWN
Node_341,London,84.94436635281566,4.534667812781848,MAINTAIN
Node_342,London,32.18278339588669,1.5477402709577506,MAINTAIN
Node_343,Cape Town,56.05605442963956,3.98752416115935,MAINTAIN
Node_344,London,72.97922792017312,2.190897944506653,MAINTAIN
Node_345,Cape Town,46.2486935263043,4.521098767725172,MAINTAIN
Node_346,Cape Town,13.762065441134567,1.1741682389674044,SHUTDOWN
Node_347,New York,46.537466041996055,4.7746312613281665,MAINTAIN
Node_348,London,18.138948901047613,4.523862387468599,SHUTDOWN
Node_349,New York,66.53434816088578,3.910115760706033,MAINTAIN
Node_350,Cape Town,16.983512301780852,2.6351811033442454,SHUTDOWN
Node_351,London,97.03841586849735,4.563779765447229,MAINTAIN
Node_352,New York,81.57950409229962,4.124010340025653,MAINTAIN
Node_353,Cape Town,92.78273569944349,2.7954980217086765,MAINTAIN
Node_354,New York,78.09545116623877,3.863302662887617,MAINTAIN
Node_355,New York,93.36988624624973,3.592422500765246,MAINTAIN
Node_356,Cape Town,66.23087228360633,2.8449358780293608,MAINTAIN
Node_357,London,86.68295817981445,4.060571292739352,MAINTAIN
Node_358,Cape Town,83.97892850297308,1.175180334917353,MAINTAIN
Node_359,Cape Town,57.66145546887859,4.518081900819251,MAINTAIN
Node_360,New York,76.36858733053226,2.444811154844268,MAINTAIN
Node_361,New York,69.54400948807572,3.9275976617996364,MAINTAIN
Node_362,Cape Town,10.886620304540862,2.517145124884114,SHUTDOWN
Node_363,London,35.83069399612163,3.7609432523416078,MAINTAIN
Node_364,New York,99.7653386125866,1.8474465306787953,MAINTAIN
Node_365,New York,41.631355275625616,3.2262932731406124,MAINTAIN
Node_366,Cape Town,43.09075963894242,4.3234671183752615,MAINTAIN
Node_367,Cape Town,39.74630636073839,0.8833056813351419,MAINTAIN
Node_368,London,64.33936026577382,4.534134864729249,MAINTAIN
Node_369,Cape Town,86.98732938460584,2.959271561877366,MAINTAIN
Node_370,Cape Town,20.26083314892164,1.8610601230940926,SHUTDOWN
Node_371,London,80.1997173860849,3.5636845437430327,MAINTAIN
Node_372,Cape Town,55.54613979541973,3.193044416820168,MAINTAIN
Node_373,Cape Town,51.468724770000875,4.091007403831157,MAINTAIN
Node_374,London,30.715695475125777,1.1084375756440448,MAINTAIN
Node_375,New York,64.15243492513014,1.445799976433838,MAINTAIN
Node_376,New York,36.90764063960462,4.355279247491389,MAINTAIN
Node_377,London,56.57954053530774,3.3333481756834424,MAINTAIN
Node_378,Cape Town,97.32112839947885,0.6574941254235264,MAINTAIN
Node_379,London,10.70631416373044,2.167849837369062,SHUTDOWN
Node_380,London,98.3409414569759,3.294282191127788,MAINTAIN
Node_381,London,92.86511555808416,4.423195800980999,MAINTAIN
Node_382,London,77.03387873858105,3.1081645226000396,MAINTAIN
Node_383,London,73.85065845223744,3.430195806736764,MAINTAIN
Node_384,Cape Town,66.48145012285377,2.3689561658725427,MAINTAIN
Node_385,Cape Town,10.231924611817364,4.280945378546888,SHUTDOWN
Node_386,New York,42.678761518509546,2.5656807805670656,MAINTAIN
Node_387,London,78.3461114502453,2.3159567376076335,MAINTAIN
Node_388,New York,93.48531684761019,2.6963699547008786,MAINTAIN
Node_389,London,75.36540875204997,1.230721455052367,MAINTAIN
Node_390,London,47.88502508519215,3.5120161574606548,MAINTAIN
Node_391,Cape Town,57.31493746612902,1.691151608130523,MAINTAIN
Node_392,New York,15.666192384131874,4.540730507828353,SHUTDOWN
Node_393,London,49.37376951681082,1.1669955959215057,MAINTAIN
Node_394,New York,38.260899631169195,4.745511604940117,MAINTAIN
Node_395,London,38.081769668840465,3.5271217131285195,MAINTAIN
Node_396,Cape Town,51.55383272358123,1.9996450732320477,MAINTAIN
Node_397,Cape Town,34.09506442318519,1.0187627618439552,MAINTAIN
Node_398,London,34.87547058090223,2.4454134229587137,MAINTAIN
Node_399,Cape Town,76.69634280815396,1.018406460467268,MAINTAIN
Node_400,London,86.46734042772181,1.4216478044415357,MAINTAIN
Node_401,Cape Town,46.26012406437236,2.661619602929221,MAINTAIN
Node_402,Cape Town,36.014740949699686,4.5332901216963,MAINTAIN
Node_403,London,44.37553744961349,3.5462364799747292,MAINTAIN
Node_404,London,52.334129446753586,3.090853111534433,MAINTAIN
Node_405,London,66.43484898995732,2.4117208668962338,MAINTAIN
Node_406,London,88.93406846408081,4.462381633719373,MAINTAIN
Node_407,London,86.4874143088089,1.8285937435124993,MAINTAIN
Node_408,New York,54.30481705293017,1.945314601935323,MAINTAIN
Node_409,London,14.884623864544405,1.5802362821729292,SHUTDOWN
Node_410,London,44.4711864539393,4.903132637689857,MAINTAIN
Node_411,New York,41.88624108437182,1.8617455521957784,MAINTAIN
Node_412,New York,70.29834383754638,4.039981673090385,MAINTAIN
Node_413,Cape Town,30.424003415170485,3.6104020001249424,MAINTAIN
Node_414,London,82.1531789406656,0.8434013173730961,MAINTAIN
Node_415,Cape Town,30.07662700592014,3.40048949576307,MAINTAIN
Node_416,Cape Town,31.292519295707045,4.057795877176296,MAINTAIN
Node_417,Cape Town,85.00509169616527,3.424645799574185,MAINTAIN
Node_418,London,80.23224049263153,3.8874065155645683,MAINTAIN
Node_419,Cape Town,54.9798402292668,3.4047814040439213,MAINTAIN
Node_420,London,67.68261961346198,1.7536294361441254,MAINTAIN
Node_421,London,52.686654359872314,4.604429609836839,MAINTAIN
Node_422,Cape Town,69.43337608741665,2.9692471069595365,MAINTAIN
Node_423,Cape Town,57.56560424308437,2.8626686889934683,MAINTAIN
Node_424,London,10.22113745517702,4.956530446475403,SHUTDOWN
Node_425,New York,30.753093533967018,4.197274450694851,MAINTAIN
Node_426,New York,31.412036362480855,4.523976784562046,MAINTAIN
Node_427,London,76.84543781166622,3.8923146679769793,MAINTAIN
Node_428,New York,67.3639867831936,3.8729963584264593,MAINTAIN
Node_429,New York,58.750462469344704,3.833614297450237,MAINTAIN
Node_430,New York,74.02497639406174,1.2818807500935356,MAINTAIN
Node_431,Cape Town,57.85319586324608,4.533633001668343,MAINTAIN
Node_432,New York,84.13707357585571,0.5457211010544849,MAINTAIN
Node_433,New York,24.26451877934803,4.780070608160503,SHUTDOWN
Node_434,London,91.60039375045093,1.9803220058168287,MAINTAIN
Node_435,New York,62.61102382489071,2.9338403507999975,MAINTAIN
Node_436,New York,54.96229284787779,1.894272931360985,MAINTAIN
Node_437,Cape Town,78.50867325688233,4.476330978010471,MAINTAIN
Node_438,London,39.353845173513186,1.6102645349198965,MAINTAIN
Node_439,New York,69.56924229750355,0.9532211432130562,MAINTAIN
Node_440,New York,53.83259935280452,2.1255719153523027,MAINTAIN
Node_441,New York,87.92363692101182,1.0438421233732957,MAINTAIN
Node_442,Cape Town,83.07337144799959,0.8944486922943025,MAINTAIN
Node_443,Cape Town,93.62153936843069,2.277807212569394,MAINTAIN
Node_444,Cape Town,79.86585383003278,0.5853903750258107,MAINTAIN
Node_445,London,61.062701706792055,3.6285889229330555,MAINTAIN
Node_446,London,12.350171279006435,4.25178587294325,SHUTDOWN
Node_447,New York,98.95030882355412,1.2309108163756017,MAINTAIN
Node_448,London,94.20419899963487,1.4343591873994208,MAINTAIN
Node_449,New York,52.20553028417727,4.400424639964055,MAINTAIN
Node_450,Cape Town,24.952901690550675,4.333942013431923,SHUTDOWN
Node_451,Cape Town,57.39161502923254,1.1413048898784184,MAINTAIN
Node_452,London,48.85306611096061,4.556762955739927,MAINTAIN
Node_453,London,62.213221080556686,1.2000815635284328,MAINTAIN
Node_454,London,40.01833438982741,2.6736946084392508,MAINTAIN
Node_455,New York,69.00603391264909,1.7579009091015179,MAINTAIN
Node_456,London,27.49867901734211,1.2455688131547218,SHUTDOWN
Node_457,Cape Town,82.58457891054064,0.6716056218324317,MAINTAIN
Node_458,London,81.82992536787226,3.511480277271935,MAINTAIN
Node_459,New York,15.104177565556023,2.157282783687014,SHUTDOWN
Node_460,London,80.25179157999526,1.594064921996006,MAINTAIN
Node_461,Cape Town,29.897435347262235,3.108976218127387,SHUTDOWN
Node_462,London,49.64401035154986,4.7727051248621475,MAINTAIN
Node_463,New York,28.16464731146838,1.0682051626882259,SHUTDOWN
Node_464,London,25.405164803438616,1.1884673933554393,SHUTDOWN
Node_465,Cape Town,62.03812012157135,1.5145429434671027,MAINTAIN
Node_466,Cape Town,11.912820446920287,1.2212867263930651,SHUTDOWN
Node_467,London,57.142200998125716,3.46605188247258,MAINTAIN
Node_468,London,36.817698398861225,4.256672234367795,MAINTAIN
Node_469,New York,94.36492575187873,2.772834179099639,MAINTAIN
Node_470,New York,74.07469774005278,1.6238166670498955,MAINTAIN
Node_471,London,13.186994514018807,2.78617774805258,SHUTDOWN
Node_472,London,84.54561193710484,3.677577928090501,MAINTAIN
Node_473,London,64.31300903407919,3.9237559236349817,MAINTAIN
Node_474,Cape Town,76.14053249789049,3.8570872905315072,MAINTAIN
Node_475,Cape Town,12.622094539577418,1.8487235449189912,SHUTDOWN
Node_476,New York,91.63127660575032,3.3337553057175433,MAINTAIN
Node_477,London,51.24089871454639,1.5774906125017703,MAINTAIN
Node_478,London,13.223671926348253,2.3688136054752755,SHUTDOWN
Node_479,Cape Town,72.01320756784939,4.220726094328732,MAINTAIN
Node_480,New York,55.65442555323338,4.699408381494529,MAINTAIN
Node_481,New York,49.89124200284382,1.3587936767734448,MAINTAIN
Node_482,Cape Town,31.19251701180714,4.9258242017352325,MAINTAIN
Node_483,London,32.64317774019878,3.1367120030763775,MAINTAIN
Node_484,New York,86.40612752138091,0.6651567526827308,MAINTAIN
Node_485,Cape Town,56.35777424269579,3.927015238333672,MAINTAIN
Node_486,Cape Town,53.617295270494914,3.396960848314269,MAINTAIN
Node_487,London,55.1138959929005,0.5587619040236025,MAINTAIN
Node_488,Cape Town,76.35735716884864,0.6203845707294432,MAINTAIN
Node_489,Cape Town,39.121793893343046,4.032832392050192,MAINTAIN
Node_490,Cape Town,82.90817309237514,1.5839668202701,MAINTAIN
Node_491,New York,92.44941683262242,2.6540274596528577,MAINTAIN
Node_492,New York,98.84708132425823,3.491802629412928,MAINTAIN
Node_493,London,70.19462617529382,3.6768734718065192,MAINTAIN
Node_494,Cape Town,56.938532256787,0.5323152909135767,MAINTAIN
Node_495,London,17.124476644527245,4.793077246393169,SHUTDOWN
Node_496,London,94.02307269731784,0.8782106650926682,MAINTAIN
Node_497,London,57.56115462998323,3.1773074435079116,MAINTAIN
Node_498,New York,43.9345982628458,3.7501261303415707,MAINTAIN
Node_499,London,54.40710057718491,0.6953662103632421,MAINTAIN
Node_500,London,34.009285920379035,2.535276726084638,MAINTAIN
Node_501,Cape Town,76.53439740132671,4.9634443569183135,MAINTAIN
Node_502,New York,48.948028312760954,2.0662054722313052,MAINTAIN
Node_503,London,31.919840038931437,4.710236454029924,MAINTAIN
Node_504,New York,21.92581700844864,3.9569974876474068,SHUTDOWN
Node_505,New York,99.58931696000887,3.5258582451237075,MAINTAIN
Node_506,New York,48.93519964028069,1.3928048442046166,MAINTAIN
Node_507,Cape Town,89.2615158529783,3.3672925840441406,MAINTAIN
Node_508,New York,44.83722787897582,1.4634238176093644,MAINTAIN
Node_509,London,50.22263922384673,3.6007529202063533,MAINTAIN
Node_510,Cape Town,32.52795464249636,3.7505131182245264,MAINTAIN
Node_511,New York,15.826009998663615,3.9363498948021864,SHUTDOWN
Node_512,Cape Town,39.27402676730976,4.063402608749001,MAINTAIN
Node_513,Cape Town,67.15551558597585,1.6440450628895225,MAINTAIN
Node_514,Cape Town,96.12713482620667,3.3974892015248885,MAINTAIN
Node_515,London,37.52261059924221,1.8229102491830098,MAINTAIN
Node_516,Cape Town,81.0023572317842,2.4812148041857474,MAINTAIN
Node_517,Cape Town,32.39690885234346,0.7460216959095642,MAINTAIN
Node_518,Cape Town,72.86383812841154,3.757839011717017,MAINTAIN
Node_519,New York,92.96479196473824,1.3312623559537746,MAINTAIN
Node_520,New York,37.56458621709727,2.2205779605396128,MAINTAIN
Node_521,London,22.586259578302933,1.8439593920775064,SHUTDOWN
Node_522,Cape Town,32.84572160514638,4.7907534014534,MAINTAIN
Node_523,New York,45.35160632013037,1.151971639278,MAINTAIN
Node_524,London,78.52077459706818,0.8853236921153043,MAINTAIN
Node_525,Cape Town,13.197996601900645,4.5153862374229785,SHUTDOWN
Node_526,New York,96.28569293658012,4.658220799687381,MAINTAIN
Node_527,Cape Town,40.13337710903197,4.879303918369814,MAINTAIN
Node_528,New York,25.785237477729044,4.868204923255594,SHUTDOWN
Node_529,New York,46.7681517502536,1.772562331039956,MAINTAIN
Node_530,London,40.21658912322815,0.7664100997250919,MAINTAIN
Node_531,London,70.33316382025902,2.54609151770185,MAINTAIN
Node_532,New York,20.05896324727044,3.9831304524201134,SHUTDOWN
Node_533,New York,20.435302768536957,3.5356003510386818,SHUTDOWN
Node_534,New York,83.24600344624868,1.4501395264612393,MAINTAIN
Node_535,New York,70.20942028427834,1.7571967060797666,MAINTAIN
Node_536,New York,79.68099841430019,3.4204432348494187,MAINTAIN
Node_537,Cape Town,37.5170458975757,1.228962821559547,MAINTAIN
Node_538,New York,73.18937629599021,3.133132614225223,MAINTAIN
Node_539,New York,39.89031227090557,4.893550942298355,MAINTAIN
Node_540,New York,49.12376525100852,1.0274204594469154,MAINTAIN
Node_541,New York,66.194288317374,1.9282973884684456,MAINTAIN
Node_542,Cape Town,55.74944140877113,2.531290340748046,MAINTAIN
Node_543,London,87.274903492334,2.9291057904998214,MAINTAIN
Node_544,New York,12.40894589494344,3.5439307680647816,SHUTDOWN
Node_545,London,23.415900467056783,1.3305285182230406,SHUTDOWN
Node_546,London,24.45890540179468,1.9502972262968252,SHUTDOWN
Node_547,New York,44.821974137493974,0.6126945178592106,MAINTAIN
Node_548,Cape Town,50.71084361508033,4.76179660391682,MAINTAIN
Node_549,New York,73.16909809276554,4.906611718924256,MAINTAIN
Node_550,London,61.36205635600644,2.6457407824934958,MAINTAIN
Node_551,Cape Town,23.658710789374137,3.7931752368619676,SHUTDOWN
Node_552,London,49.918261471665886,2.033218795565447,MAINTAIN
Node_553,Cape Town,38.48638613783835,1.2443382997740038,MAINTAIN
Node_554,London,94.57664749472465,4.92426975569532,MAINTAIN
Node_555,New York,37.188568228188416,1.2768147099609068,MAINTAIN
Node_556,Cape Town,13.702655826491945,1.774985501245018,SHUTDOWN
Node_557,New York,13.898944894407935,1.6162208201895387,SHUTDOWN
Node_558,Cape Town,62.98319784356412,4.024840801453338,MAINTAIN
Node_559,Cape Town,53.37911874484105,3.4365957654253085,MAINTAIN
Node_560,Cape Town,29.906902275053703,2.607254989179291,SHUTDOWN
Node_561,New York,48.63648695492175,1.9239982344296405,MAINTAIN
Node_562,London,71.06137785243985,1.5299059795886483,MAINTAIN
Node_563,London,22.17699194983703,3.1727231438436094,SHUTDOWN
Node_564,Cape Town,20.89131898512558,3.841828895168945,SHUTDOWN
Node_565,New York,96.11148260403321,3.6235683440233926,MAINTAIN
Node_566,London,22.88959907867992,1.8054173250343188,SHUTDOWN
Node_567,Cape Town,69.99947564039553,2.830669807605132,MAINTAIN
Node_568,New York,34.85983940512664,2.8608884054559134,MAINTAIN
Node_569,New York,80.06527230261959,0.514828502222787,MAINTAIN
Node_570,Cape Town,13.34389869694333,0.5838516745297446,SHUTDOWN
Node_571,New York,31.90768781347139,4.174246981149727,MAINTAIN
Node_572,London,58.26191658832134,1.122566105316688,MAINTAIN
Node_573,London,35.428348613264994,2.2471013490287404,MAINTAIN
Node_574,New York,54.40474197699643,1.6892076686753177,MAINTAIN
Node_575,New York,43.89419503673845,3.476835942801993,MAINTAIN
Node_576,Cape Town,13.023909460850819,3.4210732939723263,SHUTDOWN
Node_577,London,99.72750313857647,1.2796988783298513,MAINTAIN
Node_578,New York,56.97470849859585,1.1146391363180799,MAINTAIN
Node_579,London,75.22727067613062,2.554597584457732,MAINTAIN
Node_580,London,93.92165990638743,4.008620344226006,MAINTAIN
Node_581,Cape Town,34.90538766119792,3.386355860259906,MAINTAIN
Node_582,Cape Town,63.56388425290713,2.360741447040997,MAINTAIN
Node_583,New York,16.169976719598978,3.773052311118228,SHUTDOWN
Node_584,Cape Town,77.06782149900975,3.5713739497011106,MAINTAIN
Node_585,New York,51.37715381580137,3.3378215014715518,MAINTAIN
Node_586,London,68.96623019467984,3.071374554867543,MAINTAIN
Node_587,New York,18.90587436446973,3.645059760591046,SHUTDOWN
Node_588,Cape Town,60.81834347140402,3.482995857506425,MAINTAIN
Node_589,Cape Town,81.43624000387629,0.7395367154996488,MAINTAIN
Node_590,New York,89.01803250769231,3.672843964368409,MAINTAIN
Node_591,London,22.144100110491788,1.442494157669452,SHUTDOWN
Node_592,Cape Town,35.28209593087368,3.95610283237788,MAINTAIN
Node_593,London,80.92549805399987,3.8929289662065116,MAINTAIN
Node_594,New York,32.14134186654708,1.5505666729623795,MAINTAIN
Node_595,Cape Town,60.76928984218821,3.410544460894109,MAINTAIN
Node_596,New York,96.86316991914144,1.2312747472016907,MAINTAIN
Node_597,New York,99.14648437912534,2.11217261329762,MAINTAIN
Node_598,London,46.042703521337124,2.8932059924495834,MAINTAIN
Node_599,New York,68.32290392795892,4.6672010615393456,MAINTAIN
Node_600,New York,88.87717517996577,0.887785367164828,MAINTAIN
Node_601,New York,38.04957689660897,3.310444198931521,MAINTAIN
Node_602,Cape Town,62.95489534936054,2.6693945499258493,MAINTAIN
Node_603,Cape Town,62.603363484206,2.938547400896503,MAINTAIN
Node_604,London,61.722995746187344,4.934971467742361,MAINTAIN
Node_605,Cape Town,71.07591199710524,0.6758344520280586,MAINTAIN
Node_606,London,34.89771524134939,3.852427730991936,MAINTAIN
Node_607,New York,38.79485256576643,1.302588035572454,MAINTAIN
Node_608,London,53.23420565590305,1.114092212612506,MAINTAIN
Node_609,Cape Town,66.29737395019211,2.0842884809703524,MAINTAIN
Node_610,Cape Town,72.84423668848191,1.5201021352654132,MAINTAIN
Node_611,Cape Town,32.533350694290604,4.484266858622143,MAINTAIN
Node_612,New York,74.36627997094904,2.9226281990295804,MAINTAIN
Node_613,London,84.20190139117696,3.2046207607851684,MAINTAIN
Node_614,New York,21.163648266134672,3.4847734800222114,SHUTDOWN
Node_615,New York,71.69484580699086,2.1364638503371984,MAINTAIN
Node_616,New York,45.60953761917291,4.815401397082879,MAINTAIN
Node_617,London,83.03508601747875,2.766913305511216,MAINTAIN
Node_618,Cape Town,23.363060074365457,0.87015961510884,SHUTDOWN
Node_619,Cape Town,31.546081177827574,3.823651780035703,MAINTAIN
Node_620,London,30.71419650420038,0.6213750498310241,MAINTAIN
Node_621,New York,48.36556350007229,2.839391109782849,MAINTAIN
Node_622,New York,12.411060235276684,1.8705095048366465,SHUTDOWN
Node_623,London,42.131529776907016,2.4225452754999943,MAINTAIN
Node_624,Cape Town,35.638405689112986,2.5545808959571055,MAINTAIN
Node_625,New York,48.24246491326388,1.92470991018957,MAINTAIN
Node_626,New York,52.45781816764953,1.9369337124548078,MAINTAIN
Node_627,New York,27.117777813872635,4.531216551027158,SHUTDOWN
Node_628,New York,97.1210027300848,3.6989308385667545,MAINTAIN
Node_629,New York,42.53916711370607,0.6401225973775907,MAINTAIN
Node_630,Cape Town,49.066466102832074,2.037927772057902,MAINTAIN
Node_631,Cape Town,47.15763748727083,2.1215597385248435,MAINTAIN
Node_632,New York,73.94020363031962,4.535564322892276,MAINTAIN
Node_633,London,52.454421017765725,4.370178325271734,MAINTAIN
Node_634,New York,26.64399036990871,1.5374768505820668,SHUTDOWN
Node_635,New York,58.302238178138154,3.997042803536494,MAINTAIN
Node_636,Cape Town,22.37368697621056,2.6101855020715257,SHUTDOWN
Node_637,New York,88.99281071515568,2.367346931116492,MAINTAIN
Node_638,Cape Town,98.7958649386488,3.7285170323579804,MAINTAIN
Node_639,New York,16.942486816578125,1.7279295389800742,SHUTDOWN
Node_640,New York,71.46420402047114,0.9967199565370675,MAINTAIN
Node_641,London,92.4795047372864,0.6679137961468733,MAINTAIN
Node_642,London,55.467903840704565,3.768208557306895,MAINTAIN
Node_643,Cape Town,77.56468123737301,3.9647644734534992,MAINTAIN
Node_644,Cape Town,40.76861992473447,2.2843754108694725,MAINTAIN
Node_645,New York,25.56940615918419,1.9540185737693,SHUTDOWN
Node_646,London,57.300223960636686,1.2144245743743933,MAINTAIN
Node_647,London,49.567176888777105,4.203238701411774,MAINTAIN
Node_648,Cape Town,27.138940484451613,1.4213988648245555,SHUTDOWN
Node_649,London,12.542900739918709,4.5982259357754875,SHUTDOWN
Node_650,New York,45.82367037818988,1.5519246807984368,MAINTAIN
Node_651,Cape Town,94.16819788669153,2.179687942602677,MAINTAIN
Node_652,London,19.046305140642644,3.6410779191478513,SHUTDOWN
Node_653,New York,46.709729386165684,4.725022812665504,MAINTAIN
Node_654,New York,36.58573133592522,3.484634988135793,MAINTAIN
Node_655,New York,93.27851423436219,3.2337785291771137,MAINTAIN
Node_656,New York,91.78722935759974,0.709133344810772,MAINTAIN
Node_657,Cape Town,88.36634818542136,1.208596425850069,MAINTAIN
Node_658,London,17.206577301203517,1.1195803127094006,SHUTDOWN
Node_659,Cape Town,67.16716954409625,1.9281814219040967,MAINTAIN
Node_660,New York,69.80554675011979,3.424549573071923,MAINTAIN
Node_661,London,69.17395944196981,3.9931902237529213,MAINTAIN
Node_662,New York,41.42338604277235,3.105435975120803,MAINTAIN
Node_663,London,91.15072294656595,1.6746614852554713,MAINTAIN
Node_664,London,95.35721714143406,4.892869605196941,MAINTAIN
Node_665,Cape Town,36.05345883871425,4.0466221576507255,MAINTAIN
Node_666,New York,85.26180702637497,2.5141826649569037,MAINTAIN
Node_667,London,52.74722516386902,0.9063196332666303,MAINTAIN
Node_668,London,72.55893984125726,1.6906131919883693,MAINTAIN
Node_669,Cape Town,48.08727411396486,4.079963929834086,MAINTAIN
Node_670,New York,48.64837410267391,2.589581689080297,MAINTAIN
Node_671,New York,21.221645254248973,0.8275994744437449,SHUTDOWN
Node_672,New York,98.60468285776795,1.1297532398198005,MAINTAIN
Node_673,Cape Town,93.41521229835989,0.5027522189995217,MAINTAIN
Node_674,Cape Town,22.864198503699967,0.76382086707248,SHUTDOWN
Node_675,Cape Town,50.7660217258506,1.441866768415423,MAINTAIN
Node_676,London,13.90665411145632,1.7966783410165414,SHUTDOWN
Node_677,New York,81.6707860306675,2.7592635096100406,MAINTAIN
Node_678,Cape Town,69.51662469241623,1.2920839249228815,MAINTAIN
Node_679,Cape Town,86.46490486128451,2.3194747753918707,MAINTAIN
Node_680,London,60.23144222409878,2.0352721437104986,MAINTAIN
Node_681,New York,88.4692562566778,4.966708305726436,MAINTAIN
Node_682,Cape Town,62.23878275169759,4.833816089401829,MAINTAIN
Node_683,New York,58.77493206275397,1.7429359359168992,MAINTAIN
Node_684,New York,56.14027214410833,2.331158273131603,MAINTAIN
Node_685,Cape Town,37.54059304444967,0.7401587812876471,MAINTAIN
Node_686,Cape Town,16.355794457169978,1.2570123043897699,SHUTDOWN
Node_687,Cape Town,46.74066152681644,1.8282936335489401,MAINTAIN
Node_688,London,33.16339250924563,2.312968559404557,MAINTAIN
Node_689,Cape Town,11.016916636372308,3.6368266517495083,SHUTDOWN
Node_690,London,25.13230706417599,2.340493523048748,SHUTDOWN
Node_691,New York,28.677942193000046,2.2108984877240756,SHUTDOWN
Node_692,London,71.77269117245126,3.6250809132195543,MAINTAIN
Node_693,London,18.357200613431317,3.513641008758252,SHUTDOWN
Node_694,London,86.31416035970503,3.5730509640804144,MAINTAIN
Node_695,Cape Town,57.6257391815015,2.8384178096602035,MAINTAIN
Node_696,Cape Town,41.284093837508436,3.880295029309093,MAINTAIN
Node_697,London,75.28762538150642,2.365375852061193,MAINTAIN
Node_698,Cape Town,26.652489273112273,2.8768327952888253,SHUTDOWN
Node_699,London,23.24473356781933,2.901206948498643,SHUTDOWN
Node_700,London,40.064877121919196,1.1433590407000072,MAINTAIN
Node_701,London,88.99573745327491,3.8893931848889567,MAINTAIN
Node_702,London,21.663102241221328,1.9133915696864157,SHUTDOWN
Node_703,Cape Town,98.19897639392246,2.163122300442203,MAINTAIN
Node_704,Cape Town,52.06545015814157,1.25299128260946,MAINTAIN
Node_705,New York,65.26597382996027,0.553133044109797,MAINTAIN
Node_706,London,63.39046037455272,0.5461069379524832,MAINTAIN
Node_707,Cape Town,51.04952859808918,3.1743016402884545,MAINTAIN
Node_708,London,51.98270681636558,1.7687717503277565,MAINTAIN
Node_709,Cape Town,41.22270991669939,3.9652070807139284,MAINTAIN
Node_710,London,95.7960688864329,1.0597754511000759,MAINTAIN
Node_711,New York,86.56567002392333,4.06405114465645,MAINTAIN
Node_712,Cape Town,23.821945516730327,4.808860621599652,SHUTDOWN
Node_713,Cape Town,79.64742787834749,3.5984017219116193,MAINTAIN
Node_714,London,86.14057453113752,2.5430337406841894,MAINTAIN
Node_715,London,65.08200368954337,4.240532496257861,MAINTAIN
Node_716,Cape Town,11.275756848778679,2.7970272233589903,SHUTDOWN
Node_717,New York,42.65782111005904,3.785611902747492,MAINTAIN
Node_718,London,56.85493459225932,4.692296185232154,MAINTAIN
Node_719,New York,75.32548993422293,0.9624939642308828,MAINTAIN
Node_720,Cape Town,28.979342018164996,1.9971449733022748,SHUTDOWN
Node_721,New York,67.96903627883692,3.5587734345193884,MAINTAIN
Node_722,Cape Town,28.822578411886642,2.994275497749393,SHUTDOWN
Node_723,London,63.254081706582326,1.5686954224104843,MAINTAIN
Node_724,Cape Town,88.41543542509022,1.7089760501035347,MAINTAIN
Node_725,New York,16.47478688335518,2.031911879273804,SHUTDOWN
Node_726,London,15.036002171575758,2.9062106157419496,SHUTDOWN
Node_727,New York,89.41344340874392,4.557143495138889,MAINTAIN
Node_728,Cape Town,31.7039088060498,4.208492480912698,MAINTAIN
Node_729,New York,63.576773064024025,0.5562437121167657,MAINTAIN
Node_730,New York,40.63733899496738,1.701977616138581,MAINTAIN
Node_731,London,41.94720693203931,3.3353724997363905,MAINTAIN
Node_732,London,27.919206002764863,2.707217158722914,SHUTDOWN
Node_733,New York,26.731303255600228,4.7634607969808345,SHUTDOWN
Node_734,New York,25.21817597952551,2.4472159465085337,SHUTDOWN
Node_735,New York,98.32118750579481,0.9406850452554443,MAINTAIN
Node_736,London,84.9767920025234,4.861469886292152,MAINTAIN
Node_737,Cape Town,74.33576311201615,2.8081538128491292,MAINTAIN
Node_738,Cape Town,66.79202430974247,2.5023250423233576,MAINTAIN
Node_739,New York,24.635882728926187,3.6270559875648445,SHUTDOWN
Node_740,London,42.7656323402736,0.7981905697021225,MAINTAIN
Node_741,New York,16.455994951539278,3.5965780582032814,SHUTDOWN
Node_742,Cape Town,47.361357852526105,0.8654227897385176,MAINTAIN
Node_743,London,90.96965665345803,0.8465342718981772,MAINTAIN
Node_744,New York,10.650449333527618,1.348766908826156,SHUTDOWN
Node_745,New York,94.85301386693196,3.6001980038128885,MAINTAIN
Node_746,London,93.89081890275914,0.8613685833443535,MAINTAIN
Node_747,London,14.309044966908099,1.9671425065676456,SHUTDOWN
Node_748,London,81.26006440362124,2.8175986105989295,MAINTAIN
Node_749,Cape Town,44.64770316620336,4.7089847214966785,MAINTAIN
Node_750,London,79.24514875015353,1.38417795959969,MAINTAIN
Node_751,London,36.800671651365334,1.6802226347084495,MAINTAIN
Node_752,London,99.94612169179388,3.9692586522040627,MAINTAIN
Node_753,London,44.61866086695326,2.8809979450608854,MAINTAIN
Node_754,Cape Town,15.192364791303026,2.5863449356748243,SHUTDOWN
Node_755,New York,73.50999285019805,1.4189940008468247,MAINTAIN
Node_756,New York,87.89588068899279,1.2500318135819442,MAINTAIN
Node_757,London,33.49779064175092,1.9924529499305934,MAINTAIN
Node_758,New York,92.99317498879108,4.866594596557545,MAINTAIN
Node_759,New York,31.23340996166472,2.1820224744285266,MAINTAIN
Node_760,London,55.20022213210342,2.46906118088485,MAINTAIN
Node_761,London,35.62753148985671,4.390622854226984,MAINTAIN
Node_762,Cape Town,52.90249948048246,4.886658288431651,MAINTAIN
Node_763,New York,13.471465984775193,2.0525168064424095,SHUTDOWN
Node_764,Cape Town,68.7938837854781,4.576606703988606,MAINTAIN
Node_765,Cape Town,21.94775075725819,2.9108331157123004,SHUTDOWN
Node_766,London,16.396254787953872,3.718835730016833,SHUTDOWN
Node_767,Cape Town,11.644666532668648,3.136030460504406,SHUTDOWN
Node_768,New York,95.20696959911774,1.1029951636972297,MAINTAIN
Node_769,London,49.98726634188678,3.883387034867686,MAINTAIN
Node_770,Cape Town,87.1974979063148,1.7964580913419814,MAINTAIN
Node_771,London,13.58958969868893,2.540409518135525,SHUTDOWN
Node_772,New York,98.80632759676352,4.695176533039875,MAINTAIN
Node_773,New York,81.28040513556047,1.3669857736744748,MAINTAIN
Node_774,London,24.084672742357803,0.7460803067798959,SHUTDOWN
Node_775,New York,29.507125016269814,4.271953499835927,SHUTDOWN
Node_776,Cape Town,62.82777165131646,1.172720198680649,MAINTAIN
Node_777,New York,90.83755518100418,0.7739526892806353,MAINTAIN
Node_778,London,28.172328702692518,0.6005675036886733,SHUTDOWN
Node_779,New York,94.371621198371,1.7855100964642805,MAINTAIN
Node_780,Cape Town,28.9106470193717,1.5611897620681539,SHUTDOWN
Node_781,New York,48.461765514357204,2.9662022195575677,MAINTAIN
Node_782,Cape Town,94.70611531299804,0.6164485059232747,MAINTAIN
Node_783,London,34.29383650208041,2.6376506000440463,MAINTAIN
Node_784,Cape Town,52.732912321837716,4.905965957249642,MAINTAIN
Node_785,New York,57.225828238731495,0.9217806764332688,MAINTAIN
Node_786,London,29.384217307282658,2.1590042132756553,SHUTDOWN
Node_787,New York,14.512371105120945,3.313067147772808,SHUTDOWN
Node_788,Cape Town,17.245672936369857,0.7647029856150391,SHUTDOWN
Node_789,New York,70.03379922878526,0.5770803076279954,MAINTAIN
Node_790,London,76.05582355568966,2.27859436549145,MAINTAIN
Node_791,London,53.787579006448205,4.227060015498493,MAINTAIN
Node_792,New York,51.38611785476831,3.1270175587480424,MAINTAIN
Node_793,New York,35.48419034831183,1.4965789150787896,MAINTAIN
Node_794,London,55.63879660358092,2.7991539188934547,MAINTAIN
Node_795,London,84.33354300449098,4.305305102712307,MAINTAIN
Node_796,New York,54.31909682277972,1.9930976742469837,MAINTAIN
Node_797,New York,43.342448756401105,2.712463763632211,MAINTAIN
Node_798,Cape Town,35.96529672265279,3.0188809304040123,MAINTAIN
Node_799,Cape Town,14.136657967787402,2.739863882804229,SHUTDOWN
Node_800,London,53.03740095113418,1.1075281471826028,MAINTAIN
Node_801,London,62.074013689052904,1.3117914152706496,MAINTAIN
Node_802,Cape Town,62.43284145710315,0.9332680675753828,MAINTAIN
Node_803,New York,25.876386147516442,1.5362129434485383,SHUTDOWN
Node_804,New York,30.62720227868764,1.0024606188395155,MAINTAIN
Node_805,London,82.29005037257707,4.230872738293259,MAINTAIN
Node_806,Cape Town,45.053000458618016,3.818358832044165,MAINTAIN
Node_807,London,59.01381634506076,1.7337691081334796,MAINTAIN
Node_808,Cape Town,57.40645444354159,1.0718073622974027,MAINTAIN
Node_809,Cape Town,84.04674983141396,0.8214497644967976,MAINTAIN
Node_810,New York,55.62359197788412,2.2549587898306904,MAINTAIN
Node_811,Cape Town,65.42422824816597,1.1719495477882065,MAINTAIN
Node_812,Cape Town,14.905929397089148,1.2002411109291669,SHUTDOWN
Node_813,London,11.843659732601752,3.857147304675297,SHUTDOWN
Node_814,London,54.066753152130886,3.292284832151493,MAINTAIN
Node_815,London,37.13661403396703,2.8420373272100754,MAINTAIN
Node_816,New York,53.0591277945139,2.779088081526966,MAINTAIN
Node_817,Cape Town,35.51460584143303,4.002259857664365,MAINTAIN
Node_818,Cape Town,18.176493703824796,0.9573562393965396,SHUTDOWN
Node_819,New York,22.341972255283196,4.030001173111409,SHUTDOWN
Node_820,London,72.3565610635743,0.854465031281435,MAINTAIN
Node_821,New York,22.87467744327843,4.390793534264262,SHUTDOWN
Node_822,Cape Town,48.553321773848346,3.914858065391083,MAINTAIN
Node_823,London,69.92340772250893,1.296935395896487,MAINTAIN
Node_824,London,43.484845545506175,3.828225596769182,MAINTAIN
Node_825,Cape Town,54.76878319170086,4.228068216714039,MAINTAIN
Node_826,Cape Town,91.51459565073613,3.543344307823179,MAINTAIN
Node_827,London,33.45450141544792,1.8583958054254106,MAINTAIN
Node_828,New York,91.16409343367017,2.4795918542796858,MAINTAIN
Node_829,London,71.53173656736844,1.0719177797545367,MAINTAIN
Node_830,New York,59.563619945520244,2.492211420725879,MAINTAIN
Node_831,Cape Town,42.11197459025437,3.691707835840595,MAINTAIN
Node_832,New York,42.12402326044072,2.242516386279058,MAINTAIN
Node_833,Cape Town,50.66889885439237,4.801375137079087,MAINTAIN
Node_834,New York,73.21079087496254,2.389347890790007,MAINTAIN
Node_835,Cape Town,20.038506231987512,0.6205117457376406,SHUTDOWN
Node_836,London,42.05486095966195,4.613011789175268,MAINTAIN
Node_837,London,66.03153567564783,0.5693948196997758,MAINTAIN
Node_838,Cape Town,70.73105753768986,4.788350521660208,MAINTAIN
Node_839,London,99.56221771856417,4.940037304507144,MAINTAIN
Node_840,London,74.69492723467496,4.059059081294711,MAINTAIN
Node_841,London,84.81014099226205,2.410266036038949,MAINTAIN
Node_842,New York,65.73010244381047,3.7803360127111523,MAINTAIN
Node_843,London,99.43276550668816,4.5981124284504356,MAINTAIN
Node_844,New York,36.07221141098473,2.2136848509916778,MAINTAIN
Node_845,Cape Town,29.618180941612906,0.8172201359115588,SHUTDOWN
Node_846,London,82.89384279594636,2.8221775359887484,MAINTAIN
Node_847,Cape Town,85.72415890451681,4.143448686493844,MAINTAIN
Node_848,New York,53.96662485721696,1.5574293113113078,MAINTAIN
Node_849,New York,69.050028021074,2.0168394029328285,MAINTAIN
Node_850,Cape Town,99.90893335049579,0.674101909506976,MAINTAIN
Node_851,New York,76.50989006849363,2.010397981983066,MAINTAIN
Node_852,Cape Town,60.45101681260736,1.50702703199283,MAINTAIN
Node_853,London,37.478704436293576,2.5949009099894873,MAINTAIN
Node_854,London,17.456013385010504,4.99121959073347,SHUTDOWN
Node_855,London,25.401122610426828,4.5937131792104395,SHUTDOWN
Node_856,New York,27.027922180990046,3.699694806952947,SHUTDOWN
Node_857,Cape Town,35.09259238106223,3.7236605692902716,MAINTAIN
Node_858,Cape Town,49.90987126102499,3.481225805979549,MAINTAIN
Node_859,New York,13.952280566277112,1.1313791496282601,SHUTDOWN
Node_860,Cape Town,82.28970998428093,2.5133767953741852,MAINTAIN
Node_861,Cape Town,35.80344601710134,4.150671113476166,MAINTAIN
Node_862,Cape Town,28.142486381261243,4.8185336400174,SHUTDOWN
Node_863,London,90.46722489029835,3.3648732959769556,MAINTAIN
Node_864,Cape Town,77.01102505075168,3.123472868056504,MAINTAIN
Node_865,Cape Town,59.421451167628774,1.5653772697956105,MAINTAIN
Node_866,New York,34.40175573283868,4.2678663529799445,MAINTAIN
Node_867,New York,86.9610435569457,4.504424787718459,MAINTAIN
Node_868,New York,84.92565163975296,2.823385758929902,MAINTAIN
Node_869,London,82.72620839574472,2.3060310219239795,MAINTAIN
Node_870,New York,47.210983695556166,4.05973181624288,MAINTAIN
Node_871,London,97.42093896608843,1.8666960298266426,MAINTAIN
Node_872,Cape Town,48.634507725222264,4.201239819820464,MAINTAIN
Node_873,New York,92.22915805428293,1.0455761569435664,MAINTAIN
Node_874,London,16.753529026931595,4.716959096094364,SHUTDOWN
Node_875,Cape Town,50.01304093172692,3.0769390206819813,MAINTAIN
Node_876,Cape Town,46.07381989904513,2.39313041564959,MAINTAIN
Node_877,London,17.187751280435542,3.4447721208359368,SHUTDOWN
Node_878,New York,19.205145613812192,3.2465471850250998,SHUTDOWN
Node_879,London,46.57866846066157,0.5650619160144381,MAINTAIN
Node_880,New York,76.50896447258476,4.728670436351381,MAINTAIN
Node_881,London,61.333463680368375,2.229019717783355,MAINTAIN
Node_882,London,73.68496346417527,1.46697773486411,MAINTAIN
Node_883,Cape Town,38.45405276659798,4.410014544000615,MAINTAIN
Node_884,Cape Town,66.05296801696704,1.9652251448315579,MAINTAIN
Node_885,Cape Town,49.92568980154282,1.7576577446618036,MAINTAIN
Node_886,Cape Town,58.906780570076684,1.0050795384538098,MAINTAIN
Node_887,New York,53.09440866549426,1.8886576261870884,MAINTAIN
Node_888,Cape Town,67.08399088954201,1.0523757513616876,MAINTAIN
Node_889,New York,68.7311480489189,0.6115031493854105,MAINTAIN
Node_890,Cape Town,96.20111868675193,4.570654936290008,MAINTAIN
Node_891,Cape Town,60.86019539075373,2.2651686870676873,MAINTAIN
Node_892,London,83.16787005441945,1.3431971347730542,MAINTAIN
Node_893,Cape Town,56.68501304859225,3.3649671754581987,MAINTAIN
Node_894,New York,80.93651315825922,4.568625469310815,MAINTAIN
Node_895,Cape Town,51.21278009631987,3.4380351312593547,MAINTAIN
Node_896,New York,90.22853394580572,2.709103553813539,MAINTAIN
Node_897,Cape Town,64.38323816788805,2.3964744429156415,MAINTAIN
Node_898,London,10.306504897787745,3.5191392348909982,SHUTDOWN
Node_899,New York,70.94930487462096,3.742385992267518,MAINTAIN
Node_900,New York,26.709371820486382,0.8546764776539151,SHUTDOWN
Node_901,New York,24.15822338986663,3.685049518977894,SHUTDOWN
Node_902,New York,96.78816843855942,0.5462358916756554,MAINTAIN
Node_903,New York,72.50102864630418,1.6241393865119955,MAINTAIN
Node_904,New York,89.62855644787305,3.7398763180599888,MAINTAIN
Node_905,London,87.85806791185118,0.7255681900865754,MAINTAIN
Node_906,London,55.10817076084595,3.0136336340165215,MAINTAIN
Node_907,Cape Town,53.62255663631027,4.462048642166568,MAINTAIN
Node_908,New York,37.29238915542432,1.9394837623097807,MAINTAIN
Node_909,Cape Town,55.83153859606886,3.238352344867936,MAINTAIN
Node_910,New York,63.557584144401204,4.431197293228603,MAINTAIN
Node_911,London,46.87224819800642,3.1103189945136833,MAINTAIN
Node_912,New York,34.5962589889445,1.2311948709356508,MAINTAIN
Node_913,New York,81.2720412981257,2.1166675609282164,MAINTAIN
Node_914,Cape Town,81.88219640808673,0.8271993885924522,MAINTAIN
Node_915,London,72.67251836497037,0.9111759689986916,MAINTAIN
Node_916,London,54.43609859698977,2.7067128829532554,MAINTAIN
Node_917,Cape Town,92.9800268722099,1.179584110935207,MAINTAIN
Node_918,New York,19.588849024067773,3.090229490013339,SHUTDOWN
Node_919,London,11.398477746412755,4.3966327131572704,SHUTDOWN
Node_920,New York,21.600886703639468,1.5217552000055468,SHUTDOWN
Node_921,London,99.42755934791815,1.1555787697262698,MAINTAIN
Node_922,New York,85.18559030492217,1.388609319807738,MAINTAIN
Node_923,New York,92.4553669380922,0.6096478870664168,MAINTAIN
Node_924,New York,69.79201186892837,3.923744111450204,MAINTAIN
Node_925,Cape Town,40.9010811719139,3.584924903315777,MAINTAIN
Node_926,London,93.74730726428321,3.666471748612477,MAINTAIN
Node_927,New York,95.8698813124797,3.8540038699037553,MAINTAIN
Node_928,Cape Town,36.26127376249524,2.5625310624002022,MAINTAIN
Node_929,Cape Town,68.47979173675272,3.0710433816334577,MAINTAIN
Node_930,New York,95.05511844201904,0.6154627461306319,MAINTAIN
Node_931,London,81.23172407621068,2.2385623173011115,MAINTAIN
Node_932,New York,14.622258974059172,2.1167319098308717,SHUTDOWN
Node_933,New York,55.342077290707884,4.2597717155103325,MAINTAIN
Node_934,New York,31.487734954300006,1.9565794599208761,MAINTAIN
Node_935,New York,16.87936282285442,1.1235546148505204,SHUTDOWN
Node_936,Cape Town,73.51727349946515,2.1376234043770292,MAINTAIN
Node_937,New York,60.833103216328055,3.8781057695566616,MAINTAIN
Node_938,London,84.74661985943014,2.0260909250859536,MAINTAIN
Node_939,New York,31.037917298825576,2.973576186892667,MAINTAIN
Node_940,Cape Town,76.75026552299293,2.8736911317583953,MAINTAIN
Node_941,Cape Town,68.32557037973349,3.1819552515254017,MAINTAIN
Node_942,New York,48.17381094862103,4.218699101260807,MAINTAIN
Node_943,New York,40.510831750694265,1.1109379085601903,MAINTAIN
Node_944,London,11.430785050169428,1.436026083405159,SHUTDOWN
Node_945,London,33.51895534358748,0.8636393795502316,MAINTAIN
Node_946,London,94.09121130745493,1.616635504183069,MAINTAIN
Node_947,New York,18.17912649684923,4.248737889526678,SHUTDOWN
Node_948,Cape Town,76.25944860153248,2.07152964158611,MAINTAIN
Node_949,Cape Town,44.4938436799804,0.8945589206259358,MAINTAIN
Node_950,New York,60.902841345645086,1.48617315194857,MAINTAIN
Node_951,Cape Town,93.6305699944181,1.414052758756731,MAINTAIN
Node_952,Cape Town,31.0688861635019,2.4466998335523256,MAINTAIN
Node_953,Cape Town,78.1846120148592,3.3432591577976654,MAINTAIN
Node_954,London,41.8682827937906,0.5480268802991602,MAINTAIN
Node_955,London,69.2600738634063,2.8832328896173,MAINTAIN
Node_956,New York,27.987018729305756,4.289731150017019,SHUTDOWN
Node_957,Cape Town,43.74329802418664,2.1434771948250715,MAINTAIN
Node_958,New York,94.34871060043196,1.5197663245093667,MAINTAIN
Node_959,New York,69.15970675348385,2.413837787737701,MAINTAIN
Node_960,New York,95.98729527341514,1.9552212526297894,MAINTAIN
Node_961,New York,30.901985995547175,3.934960483670552,MAINTAIN
Node_962,New York,40.44963650938624,3.4877588765808762,MAINTAIN
Node_963,Cape Town,51.75666558624994,1.695185252343202,MAINTAIN
Node_964,London,75.30917796754352,3.997509391798983,MAINTAIN
Node_965,New York,33.50815808284742,1.0261110533529887,MAINTAIN
Node_966,Cape Town,33.77119539523097,4.983826337033709,MAINTAIN
Node_967,New York,82.17518901247303,1.3172265505252663,MAINTAIN
Node_968,New York,36.44803809354703,1.466406646766489,MAINTAIN
Node_969,New York,69.90377324254462,2.2768677023796746,MAINTAIN
Node_970,New York,55.02190927635179,2.027508595157479,MAINTAIN
Node_971,London,70.5232100567379,4.157868515331918,MAINTAIN
Node_972,New York,34.009863054199826,0.8661591002931167,MAINTAIN
Node_973,London,59.65268172627922,1.3758119739322154,MAINTAIN
Node_974,New York,40.59914134279456,2.313538960967591,MAINTAIN
Node_975,New York,43.79525332655461,2.4813025561226976,MAINTAIN
Node_976,London,61.096258435605826,2.9783709095986617,MAINTAIN
Node_977,New York,51.59711897946249,4.134843889544719,MAINTAIN
Node_978,New York,81.71943801841935,4.132984427149188,MAINTAIN
Node_979,London,30.468739293914485,1.7214354684001465,MAINTAIN
Node_980,New York,56.707165193293164,2.266299074652121,MAINTAIN
Node_981,Cape Town,63.25994624554559,0.5441421009328715,MAINTAIN
Node_982,New York,51.45023915933414,4.1526632182616865,MAINTAIN
Node_983,New York,14.982959060941578,3.3410867396023187,SHUTDOWN
Node_984,London,60.255669428991986,1.2973798252626019,MAINTAIN
Node_985,New York,33.174791350031896,3.9038234390989732,MAINTAIN
Node_986,New York,54.92157278430758,0.818283655466828,MAINTAIN
Node_987,London,62.22503397544655,1.651464593664003,MAINTAIN
Node_988,Cape Town,42.43700684756278,2.6612175783330985,MAINTAIN
Node_989,Cape Town,73.71298974057443,1.790270151943272,MAINTAIN
Node_990,Cape Town,30.81662780915795,2.2845525363420185,MAINTAIN
Node_991,London,57.575668077837264,1.2763066322873715,MAINTAIN
Node_992,Cape Town,86.90832825474456,1.6642662067868923,MAINTAIN
Node_993,New York,80.32350944152441,0.8094327982034912,MAINTAIN
Node_994,Cape Town,38.48366000490452,1.2905523549267337,MAINTAIN
Node_995,New York,49.44506732066777,3.6293117602179574,MAINTAIN
Node_996,Cape Town,11.425340051136603,3.8136881825364397,SHUTDOWN
Node_997,London,70.82574014569735,3.2743701021164,MAINTAIN
Node_998,New York,70.94576009751043,3.662154017031317,MAINTAIN
Node_999,Cape Town,86.28071538433412,3.4376280574761697,MAINTAIN
Node_1000,New York,91.89019283075365,4.240497802946668,MAINTAIN
Node_1001,London,54.30265356764135,1.2285947883852077,MAINTAIN
Node_1002,London,93.54082118903099,3.7483133161755777,MAINTAIN
Node_1003,New York,35.4038292953863,2.0481114238011173,MAINTAIN
Node_1004,London,53.09229447058654,3.607805047442888,MAINTAIN
Node_1005,New York,84.10238438474511,2.2311393445494527,MAINTAIN
Node_1006,Cape Town,89.18490664795036,3.6554739538088077,MAINTAIN
Node_1007,New York,95.3308431259289,2.5248214129456414,MAINTAIN
Node_1008,New York,15.247297442283894,3.355563674841619,SHUTDOWN
Node_1009,London,40.126688077198665,1.2508477228795882,MAINTAIN
Node_1010,Cape Town,22.123625443656728,4.727317124171956,SHUTDOWN
Node_1011,London,50.531283432416885,1.9688589250506354,MAINTAIN
Node_1012,London,71.52300980885165,1.8246800270776733,MAINTAIN
Node_1013,Cape Town,17.67290825876013,4.386454254924366,SHUTDOWN
Node_1014,New York,94.86577821867374,4.2384250347865535,MAINTAIN
Node_1015,London,47.310961565009634,1.8381012625797504,MAINTAIN
Node_1016,New York,77.26222501884527,3.5104654411247895,MAINTAIN
Node_1017,New York,47.28750619753644,3.2644303078304753,MAINTAIN
Node_1018,London,47.50530426385657,4.469688753915288,MAINTAIN
Node_1019,Cape Town,77.91427977580543,3.794484585958718,MAINTAIN
Node_1020,London,66.34097840796369,1.7415513407197278,MAINTAIN
Node_1021,London,65.3914837165418,1.5856540600407527,MAINTAIN
Node_1022,Cape Town,30.73233325700377,2.1825639004497797,MAINTAIN
Node_1023,Cape Town,41.325484973641764,1.0958598149540726,MAINTAIN
Node_1024,London,30.922482093282778,3.752216794991709,MAINTAIN
Node_1025,London,26.37219389617119,2.311037698594244,SHUTDOWN
Node_1026,New York,14.861510026486895,4.457916299098517,SHUTDOWN
Node_1027,Cape Town,45.81892142315271,4.2335314768633605,MAINTAIN
Node_1028,New York,18.871709400575725,4.507924756464811,SHUTDOWN
Node_1029,London,15.701006356140073,1.0248520513863308,SHUTDOWN
Node_1030,Cape Town,63.93728965946825,4.660734552589008,MAINTAIN
Node_1031,New York,30.73999735981383,4.861321113514103,MAINTAIN
Node_1032,London,71.53707783358468,1.9665501308903548,MAINTAIN
Node_1033,Cape Town,87.33744997916352,3.9747593135710053,MAINTAIN
Node_1034,New York,51.91018843804289,3.579365099496575,MAINTAIN
Node_1035,Cape Town,19.129335928768178,3.6647230329484652,SHUTDOWN
Node_1036,London,62.88772480049916,0.5232339657969841,MAINTAIN
Node_1037,New York,71.37762982504283,4.285396684974916,MAINTAIN
Node_1038,Cape Town,89.99788261453442,4.289119032340693,MAINTAIN
Node_1039,New York,54.31750992573534,0.779430414692396,MAINTAIN
Node_1040,Cape Town,48.6898127394514,0.5125753739131524,MAINTAIN
Node_1041,New York,36.57148531102537,3.9001943141998163,MAINTAIN
Node_1042,New York,82.2951359984644,4.637061347578801,MAINTAIN
Node_1043,Cape Town,31.756688300387687,3.52473570421179,MAINTAIN
Node_1044,London,83.46536802643644,1.6303321412455993,MAINTAIN
Node_1045,New York,68.47715792102622,4.549169826119571,MAINTAIN
Node_1046,Cape Town,85.94475437168538,0.6231862047185741,MAINTAIN
Node_1047,Cape Town,17.42139547851533,4.012484672390373,SHUTDOWN
Node_1048,London,44.54292290912765,4.149127255994551,MAINTAIN
Node_1049,Cape Town,85.33351600258986,1.1481834191044458,MAINTAIN
Node_1050,London,15.289733783392954,3.956660439920974,SHUTDOWN
Node_1051,London,45.848608912026705,4.418354127738121,MAINTAIN
Node_1052,London,25.975015842188768,2.33889417547773,SHUTDOWN
Node_1053,Cape Town,29.035248452027204,1.7220701013535185,SHUTDOWN
Node_1054,New York,74.41702800815801,4.597068320682631,MAINTAIN
Node_1055,New York,16.53337506210039,3.700773302509912,SHUTDOWN
Node_1056,Cape Town,97.25726292494625,2.3278114248751196,MAINTAIN
Node_1057,London,76.66609759187294,1.1231172122183424,MAINTAIN
Node_1058,New York,78.81942779568763,2.788459094338217,MAINTAIN
Node_1059,New York,57.8023836545743,4.593228247428138,MAINTAIN
Node_1060,New York,27.51213278704132,2.925124146796757,SHUTDOWN
Node_1061,New York,10.324353255975875,0.5590219047123033,SHUTDOWN
Node_1062,London,71.47574381260269,2.715575422659442,MAINTAIN
Node_1063,Cape Town,91.13354962352,4.7165437291258785,MAINTAIN
Node_1064,London,12.019530302061641,2.861977522151942,SHUTDOWN
Node_1065,New York,65.88036235907731,3.8940424374021236,MAINTAIN
Node_1066,Cape Town,76.47134060520001,0.8175579536581721,MAINTAIN
Node_1067,London,23.746874056855997,0.6791177974410342,SHUTDOWN
Node_1068,New York,90.64845343905773,4.785023353694424,MAINTAIN
Node_1069,New York,60.28475584999978,1.9036684101045382,MAINTAIN
Node_1070,London,59.21397059308104,3.6642649418007665,MAINTAIN
Node_1071,Cape Town,50.69409265010245,4.70335501657996,MAINTAIN
Node_1072,New York,86.21174917796043,3.2703527917497115,MAINTAIN
Node_1073,London,60.929806469246465,3.036800049355611,MAINTAIN
Node_1074,New York,27.982159261299966,4.694235924451037,SHUTDOWN
Node_1075,London,90.791524244711,4.318427411574332,MAINTAIN
Node_1076,London,17.337808220436862,3.251013761242768,SHUTDOWN
Node_1077,New York,85.50741829989597,0.6508014202056314,MAINTAIN
Node_1078,New York,32.99819175257793,4.790130941198702,MAINTAIN
Node_1079,Cape Town,21.47174437178844,3.0937530599936753,SHUTDOWN
Node_1080,London,73.58764106856017,2.0411343937565682,MAINTAIN
Node_1081,London,88.15550891689612,3.8304262645384157,MAINTAIN
Node_1082,Cape Town,40.8357377848791,4.925320512364651,MAINTAIN
Node_1083,New York,53.923518165368954,3.8791353247018963,MAINTAIN
Node_1084,Cape Town,78.70546637024361,2.2826777069506585,MAINTAIN
Node_1085,Cape Town,13.619075328049295,3.3042465755189063,SHUTDOWN
Node_1086,Cape Town,64.99358777164582,1.5506163886797624,MAINTAIN
Node_1087,New York,69.07412890009849,2.5186579397571154,MAINTAIN
Node_1088,New York,36.29266372128635,1.2050910603241065,MAINTAIN
Node_1089,New York,65.90495767026312,2.616277111821189,MAINTAIN
Node_1090,Cape Town,65.75405945940676,1.2821602450375096,MAINTAIN
Node_1091,New York,88.75224921029385,2.1178990534320796,MAINTAIN
Node_1092,Cape Town,56.92521424786669,2.882910388055456,MAINTAIN
Node_1093,New York,19.104780017582364,4.266294191424075,SHUTDOWN
Node_1094,New York,41.61766983705725,1.698591183016371,MAINTAIN
Node_1095,London,55.52725258154439,3.8031587870433827,MAINTAIN
Node_1096,New York,72.89937837728334,0.914284054469348,MAINTAIN
Node_1097,Cape Town,99.8400527499012,1.332744716018655,MAINTAIN
Node_1098,Cape Town,71.12820845028,2.2651207494664556,MAINTAIN
Node_1099,New York,97.88498478466363,2.932769438696419,MAINTAIN
Node_1100,London,15.714131116095775,4.03706260469764,SHUTDOWN
Node_1101,London,15.582535706094323,2.7145156618488344,SHUTDOWN
Node_1102,New York,52.263341198900356,2.8503970575425086,MAINTAIN
Node_1103,London,62.67697506321234,3.958211880017717,MAINTAIN
Node_1104,London,26.063431533908943,1.577688793931833,SHUTDOWN
Node_1105,London,45.55658977515055,1.8957554455405368,MAINTAIN
Node_1106,London,60.14730708717593,4.058284595171652,MAINTAIN
Node_1107,London,28.040818196759844,1.8799869971119156,SHUTDOWN
Node_1108,Cape Town,98.32434417471396,3.9399499428939,MAINTAIN
Node_1109,New York,29.06451023951751,3.417042069061743,SHUTDOWN
Node_1110,Cape Town,40.80593326278945,3.7072402452799493,MAINTAIN
Node_1111,London,97.90187506862362,0.7006498533610995,MAINTAIN
Node_1112,Cape Town,43.90674225622366,2.1319368922252604,MAINTAIN
Node_1113,New York,64.56469423383415,0.5482896260972339,MAINTAIN
Node_1114,London,12.63443757202898,4.207917381442476,SHUTDOWN
Node_1115,Cape Town,30.65244106497426,1.2270927683919512,MAINTAIN
Node_1116,Cape Town,32.4581347761858,3.6979640127980975,MAINTAIN
Node_1117,New York,91.83383853252518,4.215429215142269,MAINTAIN
Node_1118,New York,49.826269956579225,2.3703646587441143,MAINTAIN
Node_1119,New York,34.57733394225067,1.8004294310984603,MAINTAIN
Node_1120,London,67.28072054461363,2.4497090792508707,MAINTAIN
Node_1121,New York,52.44816370091976,3.028924806955946,MAINTAIN
Node_1122,New York,56.804606601102996,2.009986042026778,MAINTAIN
Node_1123,London,67.55116309229776,4.0076053357955335,MAINTAIN
Node_1124,New York,84.7013627239959,1.6027423611792773,MAINTAIN
Node_1125,New York,39.19753404478308,0.5341362433275447,MAINTAIN
Node_1126,New York,77.03002318970448,4.332975005583252,MAINTAIN
Node_1127,London,13.545385046360838,4.275683550657056,SHUTDOWN
Node_1128,London,26.874069555582416,3.2832631564501003,SHUTDOWN
Node_1129,Cape Town,68.4665352205798,1.1275966329656255,MAINTAIN
Node_1130,Cape Town,47.01254744589288,4.252035305785759,MAINTAIN
Node_1131,New York,22.360239899732857,2.7395523785753015,SHUTDOWN
Node_1132,Cape Town,38.55265221289045,2.3745708852604697,MAINTAIN
Node_1133,New York,44.821454464533275,4.592021725466018,MAINTAIN
Node_1134,London,19.133594919144777,3.3858547136953523,SHUTDOWN
Node_1135,London,13.092073333498167,2.9495987100564394,SHUTDOWN
Node_1136,New York,25.4061581269026,4.008807275661619,SHUTDOWN
Node_1137,London,31.463789612391352,1.6392800662956635,MAINTAIN
Node_1138,Cape Town,95.85393796412667,2.381183047962216,MAINTAIN
Node_1139,London,21.377639106814563,2.8951971490178043,SHUTDOWN
Node_1140,London,20.828233088896297,1.8578142934925899,SHUTDOWN
Node_1141,London,68.08519097837633,3.449450519806167,MAINTAIN
Node_1142,Cape Town,56.64995116390839,2.155020470826659,MAINTAIN
Node_1143,London,33.665265502064,4.131247074557998,MAINTAIN
Node_1144,Cape Town,23.539710075381592,3.7424200145656203,SHUTDOWN
Node_1145,London,94.84386903476631,2.3424550191985136,MAINTAIN
Node_1146,London,48.83290746510667,4.8810424650962405,MAINTAIN
Node_1147,Cape Town,55.25846089604989,4.145636292532004,MAINTAIN
Node_1148,London,74.03290437626234,1.95235898847368,MAINTAIN
Node_1149,Cape Town,64.045067367673,4.5265694645748775,MAINTAIN
Node_1150,London,81.30082152209276,2.3261389055694917,MAINTAIN
Node_1151,New York,28.495935021252336,3.754448467746296,SHUTDOWN
Node_1152,London,49.44136358999769,3.593266001907874,MAINTAIN
Node_1153,London,73.72343362467265,0.9045625664340462,MAINTAIN
Node_1154,Cape Town,29.362664183458737,2.103373139518898,SHUTDOWN
Node_1155,New York,24.71838157981986,1.9978075759735028,SHUTDOWN
Node_1156,New York,64.36210400939075,0.9819501172968366,MAINTAIN
Node_1157,London,21.9718117853722,2.847443729583198,SHUTDOWN
Node_1158,Cape Town,60.88672721513245,1.3688090062443041,MAINTAIN
Node_1159,Cape Town,88.33009056996974,3.1012461033458627,MAINTAIN
Node_1160,New York,25.655839547015947,2.491960024118905,SHUTDOWN
Node_1161,New York,93.37872052369636,2.043991283437702,MAINTAIN
Node_1162,Cape Town,37.03034048281269,3.188383866781221,MAINTAIN
Node_1163,London,66.63975931053379,2.0851729637331315,MAINTAIN
Node_1164,London,55.90200012652348,1.9349874980633182,MAINTAIN
Node_1165,London,46.67135236553069,4.6649925255674605,MAINTAIN
Node_1166,New York,59.74003401733362,2.5305961390854144,MAINTAIN
Node_1167,New York,20.96567163024519,1.2009150290703756,SHUTDOWN
Node_1168,Cape Town,99.79359560594753,1.6119661362236861,MAINTAIN
Node_1169,New York,57.264915838284956,2.809923975225636,MAINTAIN
Node_1170,Cape Town,96.87854491899068,3.6886837441647566,MAINTAIN
Node_1171,Cape Town,38.92625376436932,3.57583457343363,MAINTAIN
Node_1172,Cape Town,79.9420841008713,4.768543882172559,MAINTAIN
Node_1173,Cape Town,54.45080965149089,3.596814786479802,MAINTAIN
Node_1174,London,48.07707776079978,3.5454389335936565,MAINTAIN
Node_1175,New York,92.71302305945271,3.698547580589744,MAINTAIN
Node_1176,New York,67.21028830549571,2.7301824034437523,MAINTAIN
Node_1177,London,81.82711899762305,4.093566273427362,MAINTAIN
Node_1178,London,54.83948161125805,3.390106986691217,MAINTAIN
Node_1179,London,81.46756867065821,2.35168066874502,MAINTAIN
Node_1180,New York,85.4901892856984,2.5552235039560816,MAINTAIN
Node_1181,Cape Town,95.77436089351026,4.207905501494441,MAINTAIN
Node_1182,London,10.325567265353241,3.7862393453288083,SHUTDOWN
Node_1183,New York,31.31897654714453,4.804814324359784,MAINTAIN
Node_1184,New York,75.17359124746471,3.474134658160243,MAINTAIN
Node_1185,London,84.41783865132147,4.763725785236344,MAINTAIN
Node_1186,Cape Town,77.55536774656423,1.875833547836591,MAINTAIN
Node_1187,London,14.140898428456943,2.067615162834324,SHUTDOWN
Node_1188,Cape Town,94.66372336590108,0.8045154282540797,MAINTAIN
Node_1189,London,97.92040328697192,1.5099634037735472,MAINTAIN
Node_1190,New York,72.95183604499162,0.6176302333361596,MAINTAIN
Node_1191,London,75.61333944393833,3.3861303793681086,MAINTAIN
Node_1192,New York,65.25822585497758,2.1112739164519123,MAINTAIN
Node_1193,Cape Town,22.082324413395362,1.4252895050052166,SHUTDOWN
Node_1194,New York,25.24198122042455,0.632590013190482,SHUTDOWN
Node_1195,London,47.48364428262146,3.272579889232063,MAINTAIN
Node_1196,London,59.93597214806543,4.466435009148431,MAINTAIN
Node_1197,New York,42.82978163351333,3.4518256288283093,MAINTAIN
Node_1198,Cape Town,84.58012084984748,1.5169167445347675,MAINTAIN
Node_1199,Cape Town,31.37944277347021,1.2995826796290815,MAINTAIN
Node_1200,London,49.67570482303314,3.8572199535595835,MAINTAIN
Node_1201,London,88.80221087737911,1.914509747841573,MAINTAIN
Node_1202,London,35.42028605881532,3.6425513531343405,MAINTAIN
Node_1203,Cape Town,88.3457021046054,3.6253048710005276,MAINTAIN
Node_1204,London,33.79659820885901,4.20534453307361,MAINTAIN
Node_1205,New York,31.587396589950455,2.703140685562722,MAINTAIN
Node_1206,New York,84.75747682788176,1.983183335892158,MAINTAIN
Node_1207,Cape Town,83.45152196743189,2.831599497677239,MAINTAIN
Node_1208,London,15.776672493867842,1.6308146514002135,SHUTDOWN
Node_1209,Cape Town,89.61609217643569,3.329619165102767,MAINTAIN
Node_1210,New York,29.228775204941947,2.4346892819471364,SHUTDOWN
Node_1211,Cape Town,40.46475912207629,4.507459383957516,MAINTAIN
Node_1212,Cape Town,45.07250392870804,4.801140448136772,MAINTAIN
Node_1213,New York,59.4722211605045,4.680745186484621,MAINTAIN
Node_1214,New York,79.25721711229797,3.9121340194441414,MAINTAIN
Node_1215,Cape Town,42.71146766420292,3.744738366752941,MAINTAIN
Node_1216,New York,67.86726353670862,3.9822769496882193,MAINTAIN
Node_1217,Cape Town,24.690184139404927,1.3582255435810007,SHUTDOWN
Node_1218,Cape Town,25.74098121571338,2.536982642164016,SHUTDOWN
Node_1219,New York,82.19262143568078,2.5152659735484604,MAINTAIN
Node_1220,Cape Town,66.5673050085467,4.859783014047732,MAINTAIN
Node_1221,London,96.57199899028699,2.522031877824581,MAINTAIN
Node_1222,Cape Town,89.38471672979573,3.4499590131177658,MAINTAIN
Node_1223,New York,70.92045330263022,4.370308643289898,MAINTAIN
Node_1224,London,88.05574850405462,4.745696259570234,MAINTAIN
Node_1225,Cape Town,81.96858609660765,0.6067600735409693,MAINTAIN
Node_1226,Cape Town,94.00493428649821,3.5420250093264087,MAINTAIN
Node_1227,New York,31.464623501763278,2.1445802476216604,MAINTAIN
Node_1228,London,56.072361352917405,3.461581540536685,MAINTAIN
Node_1229,New York,68.44573726722115,2.714541030691481,MAINTAIN
Node_1230,New York,70.61610196689617,2.9856911046559547,MAINTAIN
Node_1231,London,71.01039089803965,1.243435186993549,MAINTAIN
Node_1232,New York,28.806269817423665,3.6196942534648158,SHUTDOWN
Node_1233,New York,43.70318365512463,3.6744134037043716,MAINTAIN
Node_1234,New York,28.70763200230967,2.1361593689633143,SHUTDOWN
Node_1235,New York,57.64537399540701,2.3391527760179898,MAINTAIN
Node_1236,London,74.92610687337947,4.67908449147664,MAINTAIN
Node_1237,London,40.74275070766988,3.725785050452963,MAINTAIN
Node_1238,London,93.02706413176104,4.116599938841837,MAINTAIN
Node_1239,Cape Town,87.83523200554801,0.6896093675148979,MAINTAIN
Node_1240,London,62.186309220681274,1.2092964573881795,MAINTAIN
Node_1241,New York,75.35938036196698,2.1077119547222622,MAINTAIN
Node_1242,London,70.20265663116638,3.1607775147473167,MAINTAIN
Node_1243,New York,17.586172289307708,2.5957475741893954,SHUTDOWN
Node_1244,London,19.654606469085227,1.147157756680879,SHUTDOWN
Node_1245,Cape Town,99.17680660394804,2.113800160197409,MAINTAIN
Node_1246,New York,20.17893012851411,3.2197431432774017,SHUTDOWN
Node_1247,Cape Town,21.910339918948786,1.088261294608185,SHUTDOWN
Node_1248,London,38.137648367743665,4.354758757186062,MAINTAIN
Node_1249,London,31.933413524517892,4.56283585688795,MAINTAIN
Node_1250,London,75.04777785239801,4.904065106851904,MAINTAIN
Node_1251,London,12.979674918189298,2.317248743301633,SHUTDOWN
Node_1252,London,65.36077753203264,2.302468627459165,MAINTAIN
Node_1253,New York,68.7534973867553,2.537164089342812,MAINTAIN
Node_1254,Cape Town,60.699139495090385,4.028041720847567,MAINTAIN
Node_1255,New York,70.48034098405279,2.654076402836183,MAINTAIN
Node_1256,Cape Town,15.341145429367547,2.1369369732006605,SHUTDOWN
Node_1257,Cape Town,52.84425812830592,3.6132686015858675,MAINTAIN
Node_1258,London,78.25768579911313,1.6715672755350046,MAINTAIN
Node_1259,Cape Town,69.40269533613846,2.0827238519035407,MAINTAIN
Node_1260,London,38.05872179291285,0.8991088913816101,MAINTAIN
Node_1261,Cape Town,52.57271020640108,2.7028452811984187,MAINTAIN
Node_1262,London,29.044123217188414,4.926703109402465,SHUTDOWN
Node_1263,London,59.194805506627446,3.906972278181738,MAINTAIN
Node_1264,London,54.92037687108466,2.6445449293735526,MAINTAIN
Node_1265,London,23.099322478536997,3.4259092029363876,SHUTDOWN
Node_1266,London,88.83466591483982,3.704831035795744,MAINTAIN
Node_1267,Cape Town,96.72735721259262,1.368057455357003,MAINTAIN
Node_1268,New York,87.17925766391167,1.0532783150889289,MAINTAIN
Node_1269,New York,20.114872251689278,4.481307489733462,SHUTDOWN
Node_1270,New York,34.43771507583952,1.9508142864442262,MAINTAIN
Node_1271,Cape Town,77.8169484586198,1.1894450523352833,MAINTAIN
Node_1272,New York,30.060782988656005,3.108287874617651,MAINTAIN
Node_1273,New York,82.321043926604,2.7674932464398245,MAINTAIN
Node_1274,Cape Town,26.637895700160772,1.8317648371041453,SHUTDOWN
Node_1275,Cape Town,72.24242552975834,4.031597357698248,MAINTAIN
Node_1276,Cape Town,12.575741371836653,0.586062177405126,SHUTDOWN
Node_1277,London,19.817424986089534,1.1521075233332678,SHUTDOWN
Node_1278,New York,21.997815565132687,4.356977420596915,SHUTDOWN
Node_1279,London,90.758985897881,2.4156843473726717,MAINTAIN
Node_1280,London,82.50259529239933,2.283603510960037,MAINTAIN
Node_1281,London,91.62177553146925,4.957083036006256,MAINTAIN
Node_1282,Cape Town,76.51839881590408,2.2774034359131625,MAINTAIN
Node_1283,Cape Town,90.70916352048927,0.9436816457802395,MAINTAIN
Node_1284,London,34.04800372843199,2.8931987381643585,MAINTAIN
Node_1285,Cape Town,39.93883896428949,3.2950248862413263,MAINTAIN
Node_1286,Cape Town,27.95010877633423,3.2965851359333067,SHUTDOWN
Node_1287,London,25.174826595686277,2.57766441629914,SHUTDOWN
Node_1288,New York,66.70783217022861,4.066429095254556,MAINTAIN
Node_1289,London,18.318439335242562,2.3109766439386497,SHUTDOWN
Node_1290,New York,19.62730003470884,2.105712158954423,SHUTDOWN
Node_1291,London,94.51569398594484,2.84791314004072,MAINTAIN
Node_1292,Cape Town,98.16747716442184,1.6810923957799346,MAINTAIN
Node_1293,Cape Town,16.136468624213933,0.6597765451712495,SHUTDOWN
Node_1294,Cape Town,54.964273661315374,2.0485979409819923,MAINTAIN
Node_1295,London,11.738189570347116,2.3443165498049927,SHUTDOWN
Node_1296,Cape Town,42.239456100509706,4.972898181956464,MAINTAIN
Node_1297,London,20.98691951632511,1.150564958114205,SHUTDOWN
Node_1298,Cape Town,12.539416119578682,3.166517618546823,SHUTDOWN
Node_1299,London,47.7157174704907,4.938455770085641,MAINTAIN
Node_1300,London,31.15528451326348,3.4191291328513493,MAINTAIN
Node_1301,London,51.99601732717713,4.219543328973423,MAINTAIN
Node_1302,New York,36.015615654031635,0.7533119183074413,MAINTAIN
Node_1303,New York,15.411065658854191,4.69125418922181,SHUTDOWN
Node_1304,London,58.41877520735409,2.010681283358535,MAINTAIN
Node_1305,New York,51.02266345794057,2.678099403974515,MAINTAIN
Node_1306,Cape Town,82.02601383087666,1.9490520820441168,MAINTAIN
Node_1307,London,77.62367399381756,2.6476181401766397,MAINTAIN
Node_1308,London,58.17382539727132,3.8258668335638184,MAINTAIN
Node_1309,New York,21.33330009871652,1.879393589863907,SHUTDOWN
Node_1310,Cape Town,67.82097939714825,2.1593916917609,MAINTAIN
Node_1311,New York,42.063194085217276,0.8927888703474653,MAINTAIN
Node_1312,Cape Town,59.10022260328105,4.410278669739809,MAINTAIN
Node_1313,London,64.47091014250212,1.6734019238048072,MAINTAIN
Node_1314,New York,92.99729588274676,1.9600246680796238,MAINTAIN
Node_1315,New York,66.64756510011256,1.5549899068891924,MAINTAIN
Node_1316,Cape Town,90.26656538225964,1.3464155099606712,MAINTAIN
Node_1317,New York,42.90495091055429,2.9392070625451314,MAINTAIN
Node_1318,London,68.9024823229276,4.7580438829248966,MAINTAIN
Node_1319,New York,82.48605788157306,1.997322440518898,MAINTAIN
Node_1320,London,65.96593638000903,1.7385458497532453,MAINTAIN
Node_1321,Cape Town,76.61362112567917,2.9049253766540506,MAINTAIN
Node_1322,Cape Town,62.873787897557996,0.6845953699159246,MAINTAIN
Node_1323,Cape Town,68.77111466872208,3.5424154059796438,MAINTAIN
Node_1324,New York,92.03684861229112,4.200719940233743,MAINTAIN
Node_1325,Cape Town,61.650861521595814,1.089397249578228,MAINTAIN
Node_1326,London,39.73272230662276,4.279018614209635,MAINTAIN
Node_1327,New York,19.671268794827732,3.7454468064714836,SHUTDOWN
Node_1328,New York,31.885905390792026,0.9698447417669436,MAINTAIN
Node_1329,New York,86.68000574432764,3.5637235495034405,MAINTAIN
Node_1330,London,59.8321286816618,4.0488471236035615,MAINTAIN
Node_1331,New York,39.21183218989495,3.984120380818681,MAINTAIN
Node_1332,New York,29.64698300667443,1.7254991282937322,SHUTDOWN
Node_1333,Cape Town,35.73774399637237,1.4306436458804976,MAINTAIN
Node_1334,London,95.32031867044087,1.4357273436611493,MAINTAIN
Node_1335,New York,10.560654030989198,0.5555728072007732,SHUTDOWN
Node_1336,New York,82.86587908156403,3.919694758859699,MAINTAIN
Node_1337,New York,43.11872013238728,0.7975114359771054,MAINTAIN
Node_1338,London,11.74066186834425,3.678884955898035,SHUTDOWN
Node_1339,London,36.91010611021349,4.700503713798658,MAINTAIN
Node_1340,London,57.0715688997192,1.4612767015408352,MAINTAIN
Node_1341,Cape Town,99.08299300931009,1.6473838767200137,MAINTAIN
Node_1342,London,35.11863892281666,4.911498549415348,MAINTAIN
Node_1343,London,20.66845952962201,3.492539633958976,SHUTDOWN
Node_1344,London,86.89698338203694,3.156815487843098,MAINTAIN
Node_1345,London,85.21395744050236,1.6417393327571164,MAINTAIN
Node_1346,London,28.20314899631485,3.9688879666102697,SHUTDOWN
Node_1347,London,20.930209998639448,2.9107941808524034,SHUTDOWN
Node_1348,London,71.88984211634212,3.557779715891469,MAINTAIN
Node_1349,London,30.213434371414504,3.505003323880508,MAINTAIN
Node_1350,London,62.16433285739861,3.030147138863048,MAINTAIN
Node_1351,London,66.7362054168511,4.8379877174885175,MAINTAIN
Node_1352,London,20.358038404299183,3.068336627644814,SHUTDOWN
Node_1353,Cape Town,83.23669883568563,4.942920862075748,MAINTAIN
Node_1354,London,99.50804598121923,0.9908564461812566,MAINTAIN
Node_1355,Cape Town,51.43503134562789,0.7141396255238104,MAINTAIN
Node_1356,New York,36.55017530846017,3.8044604234338832,MAINTAIN
Node_1357,Cape Town,49.78439401125448,2.28670423143925,MAINTAIN
Node_1358,London,73.53320593878277,3.9272066018610725,MAINTAIN
Node_1359,Cape Town,40.93325305276859,4.961852464268037,MAINTAIN
Node_1360,Cape Town,85.34759208421832,2.9048775054617084,MAINTAIN
Node_1361,New York,46.11630430742672,2.0631530251886128,MAINTAIN
Node_1362,London,78.46682695697153,2.248160706475927,MAINTAIN
Node_1363,Cape Town,33.35645347636857,4.932077211656708,MAINTAIN
Node_1364,London,14.846965565966874,3.568470956962277,SHUTDOWN
Node_1365,New York,86.54462842376041,3.8623098588775227,MAINTAIN
Node_1366,London,71.15849846449407,3.07454090825752,MAINTAIN
Node_1367,New York,89.96120064367105,1.792600968241965,MAINTAIN
Node_1368,Cape Town,92.22141057006814,3.458433264313561,MAINTAIN
Node_1369,London,60.90192410158749,4.655349610403155,MAINTAIN
Node_1370,London,92.22411373382742,0.6947043568156568,MAINTAIN
Node_1371,New York,40.55524792832539,1.205019484046345,MAINTAIN
Node_1372,Cape Town,30.380263095187487,4.14101790625908,MAINTAIN
Node_1373,New York,70.36302265641004,3.7789650796653036,MAINTAIN
Node_1374,London,64.58425287816388,2.17668616115668,MAINTAIN
Node_1375,Cape Town,90.76895745578214,1.24953803537763,MAINTAIN
Node_1376,New York,92.01345313990608,2.8553743063874655,MAINTAIN
Node_1377,Cape Town,37.55405265990119,4.367452679902124,MAINTAIN
Node_1378,London,43.343804165869884,4.97132553397501,MAINTAIN
Node_1379,London,39.13142797618512,4.210886065663768,MAINTAIN
Node_1380,London,43.60224125813586,2.4328258925511888,MAINTAIN
Node_1381,London,90.15893202613188,2.1955519474226746,MAINTAIN
Node_1382,New York,76.27197409183155,2.4319716122494373,MAINTAIN
Node_1383,New York,22.59906682941454,0.9184822003086555,SHUTDOWN
Node_1384,London,18.105320508710882,3.982819357828334,SHUTDOWN
Node_1385,London,49.271480736693604,4.17326974413806,MAINTAIN
Node_1386,London,95.24273904006616,3.628148724447241,MAINTAIN
Node_1387,London,88.42424451831022,3.4704016535301205,MAINTAIN
Node_1388,New York,88.38415558572763,4.436138788472606,MAINTAIN
Node_1389,New York,51.68254253262332,0.8708566007353318,MAINTAIN
Node_1390,Cape Town,47.4188410558194,1.1054492620530731,MAINTAIN
Node_1391,New York,27.810317408708386,4.8952210058847925,SHUTDOWN
Node_1392,Cape Town,32.592608277977035,1.517042145259268,MAINTAIN
Node_1393,London,34.74343417176604,1.1251192178805793,MAINTAIN
Node_1394,Cape Town,98.70900673034829,2.6310893624242935,MAINTAIN
Node_1395,Cape Town,57.4733962379947,3.7802707517213237,MAINTAIN
Node_1396,London,22.472026081869487,4.710519073823386,SHUTDOWN
Node_1397,Cape Town,84.63292821004364,4.717780342174751,MAINTAIN
Node_1398,New York,56.78825445596031,2.0295145777709243,MAINTAIN
Node_1399,Cape Town,72.92185202631968,3.2616314872527004,MAINTAIN
Node_1400,New York,48.58605591847886,2.003902885822861,MAINTAIN
Node_1401,Cape Town,74.65198873178551,3.637116666163227,MAINTAIN
Node_1402,New York,45.87842368189041,2.8020360822380663,MAINTAIN
Node_1403,Cape Town,97.49037987744946,3.851928705986865,MAINTAIN
Node_1404,New York,20.015176683548905,1.5074165157152868,SHUTDOWN
Node_1405,New York,20.355759383098544,1.8114849078967317,SHUTDOWN
Node_1406,Cape Town,74.74015611489972,3.772130345611682,MAINTAIN
Node_1407,London,31.705821586828677,4.525305772869026,MAINTAIN
Node_1408,New York,81.25665014873283,4.98759911859527,MAINTAIN
Node_1409,New York,49.66973004380876,1.4944633166602925,MAINTAIN
Node_1410,New York,59.22886324919626,0.9421841165111626,MAINTAIN
Node_1411,Cape Town,25.391307990937875,3.7174248419636595,SHUTDOWN
Node_1412,New York,91.06217045994308,2.111921725604775,MAINTAIN
Node_1413,Cape Town,23.962214413223855,0.7415401258444955,SHUTDOWN
Node_1414,London,59.1719621985152,3.6966051980923904,MAINTAIN
Node_1415,Cape Town,81.89246151977858,4.7153886084056,MAINTAIN
Node_1416,Cape Town,14.472958209653864,2.0910806209499944,SHUTDOWN
Node_1417,Cape Town,93.6419078801312,1.8448393110718004,MAINTAIN
Node_1418,New York,75.53065539523186,1.3693499627816654,MAINTAIN
Node_1419,New York,87.4647011385219,4.854719375875682,MAINTAIN
Node_1420,Cape Town,32.01777599797228,4.287015064924409,MAINTAIN
Node_1421,Cape Town,18.679624728636284,3.635851103941403,SHUTDOWN
Node_1422,New York,72.54479548576623,0.7934697697463869,MAINTAIN
Node_1423,New York,93.97559522177744,4.73124919853566,MAINTAIN
Node_1424,Cape Town,81.94364640753825,1.5114654188467553,MAINTAIN
Node_1425,Cape Town,44.07505796894552,3.290211073364948,MAINTAIN
Node_1426,London,66.76677139483115,4.3847911820117496,MAINTAIN
Node_1427,Cape Town,48.13654474086729,1.5163631154461492,MAINTAIN
Node_1428,Cape Town,61.63723965164114,1.059100483619809,MAINTAIN
Node_1429,Cape Town,73.23825996417618,1.3374003422334875,MAINTAIN
Node_1430,London,94.56032884547133,0.6755377088716294,MAINTAIN
Node_1431,New York,44.569039179522036,3.2363738506684534,MAINTAIN
Node_1432,New York,54.75761247777909,2.7750598656272847,MAINTAIN
Node_1433,New York,71.85748123408362,3.5434549855953636,MAINTAIN
Node_1434,Cape Town,38.436520093203704,2.5844592642527715,MAINTAIN
Node_1435,London,33.08796888188081,4.0631810181837995,MAINTAIN
Node_1436,New York,36.42137806978485,2.430877363836033,MAINTAIN
Node_1437,London,59.69674268262352,2.7332134526339615,MAINTAIN
Node_1438,London,93.79634742986165,2.950543020366572,MAINTAIN
Node_1439,New York,54.69603541989535,4.736971424534655,MAINTAIN
Node_1440,Cape Town,10.706445309129979,3.478573286001878,SHUTDOWN
Node_1441,Cape Town,24.070120485561397,2.6709164729781794,SHUTDOWN
Node_1442,Cape Town,86.81320335063991,0.7589400425743513,MAINTAIN
Node_1443,London,87.4691703965015,2.6125779574891164,MAINTAIN
Node_1444,London,34.577131179967395,3.5064787851897607,MAINTAIN
Node_1445,Cape Town,68.84546447171766,3.85692792335105,MAINTAIN
Node_1446,Cape Town,29.83480749450887,0.6807343387539215,SHUTDOWN
Node_1447,New York,53.00192581024927,1.5809840404740618,MAINTAIN
Node_1448,London,84.61969324079024,2.2935888234595847,MAINTAIN
Node_1449,Cape Town,46.25388116372093,3.568849177441934,MAINTAIN
Node_1450,Cape Town,19.202785890118474,1.0301264398245678,SHUTDOWN
Node_1451,London,35.7954069729919,3.395915523866045,MAINTAIN
Node_1452,Cape Town,60.030277751014076,0.9583019439448879,MAINTAIN
Node_1453,Cape Town,87.629549480235,4.5633828997429715,MAINTAIN
Node_1454,Cape Town,24.952863007474036,0.8235177090953396,SHUTDOWN
Node_1455,New York,53.107737033916685,3.776548275649852,MAINTAIN
Node_1456,London,78.52847068042702,3.120900530998341,MAINTAIN
Node_1457,New York,71.29293462610886,2.4698327600860597,MAINTAIN
Node_1458,Cape Town,93.8521859930156,2.355419988284692,MAINTAIN
Node_1459,Cape Town,58.62354910262705,2.8384082112531037,MAINTAIN
Node_1460,London,47.11708046777199,2.7754266529173672,MAINTAIN
Node_1461,Cape Town,32.452609647144044,3.8553667631956476,MAINTAIN
Node_1462,Cape Town,14.366659354558188,4.09620528789437,SHUTDOWN
Node_1463,Cape Town,21.572409636217948,3.609591665814987,SHUTDOWN
Node_1464,Cape Town,98.30373434591596,0.7486373638719079,MAINTAIN
Node_1465,London,79.72978431673569,4.217746247636283,MAINTAIN
Node_1466,New York,99.36463950280763,1.5194387322953042,MAINTAIN
Node_1467,New York,27.038792738571686,3.8472824362038422,SHUTDOWN
Node_1468,London,56.022104114122754,2.065990283371501,MAINTAIN
Node_1469,New York,25.283537000295652,4.055997993740677,SHUTDOWN
Node_1470,London,87.04619689330325,3.6239654951316367,MAINTAIN
Node_1471,New York,91.93365717226635,3.6973978993549297,MAINTAIN
Node_1472,Cape Town,63.305842942195085,0.9881775078642994,MAINTAIN
Node_1473,New York,67.99491128388206,2.714790255092048,MAINTAIN
Node_1474,Cape Town,32.11010325107385,2.5564917762992416,MAINTAIN
Node_1475,London,82.77079038786029,1.5362113416275864,MAINTAIN
Node_1476,London,14.219777966298125,3.0485422607338424,SHUTDOWN
Node_1477,New York,70.78165999199783,1.96186634517799,MAINTAIN
Node_1478,New York,80.63065851643888,4.216686774088069,MAINTAIN
Node_1479,Cape Town,71.39217635097145,1.418158809078934,MAINTAIN
Node_1480,London,92.58981067919807,0.6402763008524864,MAINTAIN
Node_1481,New York,16.82840053191665,4.993739721932111,SHUTDOWN
Node_1482,Cape Town,40.009719243590666,4.482264975431429,MAINTAIN
Node_1483,London,41.022867416073325,4.454209066263932,MAINTAIN
Node_1484,Cape Town,92.74059015121857,0.5765283516842878,MAINTAIN
Node_1485,Cape Town,74.4527471002727,2.7562857281455377,MAINTAIN
Node_1486,London,99.44991190161451,2.9735801283742234,MAINTAIN
Node_1487,New York,64.22060985737019,4.37011141629939,MAINTAIN
Node_1488,London,93.18137219673473,2.821809618523497,MAINTAIN
Node_1489,New York,10.896070352170184,4.619610245101237,SHUTDOWN
Node_1490,New York,96.64642579137237,0.9634099717014828,MAINTAIN
Node_1491,New York,20.594645652620045,0.9247321158952013,SHUTDOWN
Node_1492,New York,67.09786759309912,0.8473282497584905,MAINTAIN
Node_1493,Cape Town,34.227407842323935,3.3825520861786376,MAINTAIN
Node_1494,Cape Town,61.41812973683927,4.715890215823932,MAINTAIN
Node_1495,London,79.65919925670859,1.8683757727717323,MAINTAIN
Node_1496,Cape Town,54.953158446710034,4.956851263122518,MAINTAIN
Node_1497,Cape Town,14.080919831655585,2.994795715930906,SHUTDOWN
Node_1498,London,30.087490876478245,0.9015886541333733,MAINTAIN
Node_1499,London,32.408831306132555,4.884163345645643,MAINTAIN
Node_1500,New York,56.85108351936767,4.924886569713408,MAINTAIN
Node_1501,Cape Town,24.439804664807056,4.409918558837909,SHUTDOWN
Node_1502,London,19.329849568075264,4.569024407719684,SHUTDOWN
Node_1503,New York,11.420700012660706,1.3096079554178381,SHUTDOWN
Node_1504,Cape Town,39.11641936332457,4.3887220814370735,MAINTAIN
Node_1505,London,50.19885597574844,4.455334610008112,MAINTAIN
Node_1506,London,34.06996883221634,3.531190955991468,MAINTAIN
Node_1507,London,55.80474446681002,3.5310493287183617,MAINTAIN
Node_1508,New York,41.14769018808191,3.6498393819852906,MAINTAIN
Node_1509,London,82.37518401978032,4.895342978518324,MAINTAIN
Node_1510,London,78.1743300556286,4.7022902260381345,MAINTAIN
Node_1511,New York,66.50859337694541,1.3721352649635596,MAINTAIN
Node_1512,New York,73.05240789148867,1.6330549378470225,MAINTAIN
Node_1513,London,75.235479090946,1.9961178535679651,MAINTAIN
Node_1514,Cape Town,67.15431257189587,4.6149993177892865,MAINTAIN
Node_1515,London,15.821520076849401,2.74523871205284,SHUTDOWN
Node_1516,Cape Town,32.86525521362283,2.272630179870364,MAINTAIN
Node_1517,London,85.09742047192216,4.0515664850133435,MAINTAIN
Node_1518,New York,81.42274141480432,4.3868593869191574,MAINTAIN
Node_1519,London,40.27936318495115,4.818113871866304,MAINTAIN
Node_1520,London,46.282362624955866,2.9021952320937876,MAINTAIN
Node_1521,New York,51.50873478395162,1.8998541947480525,MAINTAIN
Node_1522,New York,86.36858524892173,4.672044542493451,MAINTAIN
Node_1523,Cape Town,61.32158903525194,2.9848206121636656,MAINTAIN
Node_1524,Cape Town,50.27186795719571,4.4091986978226565,MAINTAIN
Node_1525,London,48.34833479315889,2.972156794525676,MAINTAIN
Node_1526,Cape Town,28.287102097283537,1.1562279110441562,SHUTDOWN
Node_1527,New York,76.82236085646807,0.9388719297164031,MAINTAIN
Node_1528,London,16.579288628896308,2.3750199415515523,SHUTDOWN
Node_1529,Cape Town,60.17267742051069,2.6780627572377336,MAINTAIN
Node_1530,Cape Town,94.51459105665644,1.8437314966426355,MAINTAIN
Node_1531,Cape Town,92.56642129630187,3.986979678747768,MAINTAIN
Node_1532,New York,33.61882564328869,4.753184268799715,MAINTAIN
Node_1533,London,17.12169916550422,1.9114584906991454,SHUTDOWN
Node_1534,London,53.66799427714892,4.47701121390985,MAINTAIN
Node_1535,New York,54.4891355839855,1.3544540729410421,MAINTAIN
Node_1536,London,35.45404562005611,2.52671450249855,MAINTAIN
Node_1537,Cape Town,30.484127679042032,1.581223325398619,MAINTAIN
Node_1538,London,35.03178390545703,3.4578685802136935,MAINTAIN
Node_1539,London,71.64111140295785,1.774951113617383,MAINTAIN
Node_1540,New York,15.454303863856385,3.727462207177029,SHUTDOWN
Node_1541,Cape Town,97.92365582086572,1.4347163196180912,MAINTAIN
Node_1542,London,89.65071445448045,4.864585184752778,MAINTAIN
Node_1543,Cape Town,87.98361752541261,1.7338031400932512,MAINTAIN
Node_1544,Cape Town,32.8951546920954,3.3766126748268697,MAINTAIN
Node_1545,London,79.52858067184529,1.540695610400939,MAINTAIN
Node_1546,London,85.46021288952464,1.4736557089581295,MAINTAIN
Node_1547,Cape Town,95.51123937802598,2.0579212093654866,MAINTAIN
Node_1548,London,91.36142706145881,3.076748612183356,MAINTAIN
Node_1549,Cape Town,44.054890969730316,2.3600623332966877,MAINTAIN
Node_1550,New York,27.86424299789381,3.1095377633133734,SHUTDOWN
Node_1551,Cape Town,82.59016157080855,3.1136488869530203,MAINTAIN
Node_1552,London,73.04058038051855,0.7902980801288428,MAINTAIN
Node_1553,Cape Town,88.25781908057694,2.4323513396646392,MAINTAIN
Node_1554,Cape Town,58.96950165034935,0.5244266877682963,MAINTAIN
Node_1555,New York,77.87871964660775,1.835577114319729,MAINTAIN
Node_1556,London,79.8032415847147,2.396609643250863,MAINTAIN
Node_1557,London,89.26067666758598,0.5565186997349085,MAINTAIN
Node_1558,New York,18.418166999497043,2.984040627571874,SHUTDOWN
Node_1559,London,95.41656774193619,3.4067965803732996,MAINTAIN
Node_1560,New York,11.454403892079984,0.7848678106912874,SHUTDOWN
Node_1561,Cape Town,24.503081304821283,0.9101335395314714,SHUTDOWN
Node_1562,London,33.522471950921904,1.0030755997431946,MAINTAIN
Node_1563,Cape Town,22.93836535165027,3.9896102359170493,SHUTDOWN
Node_1564,London,55.130311777934125,3.0734175777135544,MAINTAIN
Node_1565,New York,18.697461698419737,4.046680797181198,SHUTDOWN
Node_1566,London,93.58626179892553,2.952408014365445,MAINTAIN
Node_1567,Cape Town,30.645678071413435,3.994775661511666,MAINTAIN
Node_1568,New York,35.039350869593356,4.115840313186403,MAINTAIN
Node_1569,New York,98.32420385946664,4.250646809245851,MAINTAIN
Node_1570,Cape Town,99.20222389238576,4.714073743479131,MAINTAIN
Node_1571,New York,53.1654939634615,2.3181171572512564,MAINTAIN
Node_1572,Cape Town,20.716344972099016,4.217687377123495,SHUTDOWN
Node_1573,London,90.24774098045661,1.8307300141222502,MAINTAIN
Node_1574,New York,99.13579950363793,3.331165654238428,MAINTAIN
Node_1575,London,27.221071670251384,1.1998725184360544,SHUTDOWN
Node_1576,Cape Town,14.214630513448451,4.403197336940096,SHUTDOWN
Node_1577,New York,15.757395066564339,2.185325509652356,SHUTDOWN
Node_1578,London,13.573123669438976,3.252453279018344,SHUTDOWN
Node_1579,New York,56.22686534965708,1.0749700189991065,MAINTAIN
Node_1580,Cape Town,80.6263846447294,4.708691687101674,MAINTAIN
Node_1581,New York,45.3694608243981,3.2432963314380605,MAINTAIN
Node_1582,New York,17.3112678151766,2.849907378143988,SHUTDOWN
Node_1583,London,48.62638555734995,2.6554538389160816,MAINTAIN
Node_1584,Cape Town,36.552641377489074,3.4290219896248755,MAINTAIN
Node_1585,New York,65.38586880522803,3.088710623806419,MAINTAIN
Node_1586,London,57.245046399005076,4.862923079413108,MAINTAIN
Node_1587,London,53.110225527280306,2.821446301813696,MAINTAIN
Node_1588,Cape Town,54.52294277789023,3.464383953312805,MAINTAIN
Node_1589,Cape Town,89.06981516084173,2.229841865489876,MAINTAIN
Node_1590,Cape Town,84.46059048708514,1.7283633497901425,MAINTAIN
Node_1591,Cape Town,86.1289840256799,2.4612792900290335,MAINTAIN
Node_1592,Cape Town,13.932080264088336,4.831451755547817,SHUTDOWN
Node_1593,London,57.790443580245075,4.407154643378519,MAINTAIN
Node_1594,New York,72.97446249880068,1.909573009483489,MAINTAIN
Node_1595,New York,80.51212854315804,2.9830967964435704,MAINTAIN
Node_1596,London,11.07306412934327,0.6507292785130865,SHUTDOWN
Node_1597,Cape Town,21.177973372634227,2.9308314110227838,SHUTDOWN
Node_1598,Cape Town,89.56565879282459,4.29689529906074,MAINTAIN
Node_1599,New York,56.75994224811852,2.576224243411465,MAINTAIN
Node_1600,Cape Town,26.22916140878427,2.9707011918387836,SHUTDOWN
Node_1601,Cape Town,74.1160405692071,1.58380972344632,MAINTAIN
Node_1602,London,63.36382916737134,2.3946238680402137,MAINTAIN
Node_1603,Cape Town,62.28132935161062,2.411385488109649,MAINTAIN
Node_1604,New York,93.8207315554317,2.9657093527087177,MAINTAIN
Node_1605,London,78.37323047536076,1.5428423218607326,MAINTAIN
Node_1606,Cape Town,45.48830328549862,2.2894722425144725,MAINTAIN
Node_1607,London,20.277645183657462,3.986141749864833,SHUTDOWN
Node_1608,New York,61.653859174807906,3.5571408320298454,MAINTAIN
Node_1609,London,13.371094921435693,0.8269596660354321,SHUTDOWN
Node_1610,London,76.81844863094923,2.2931615777051464,MAINTAIN
Node_1611,Cape Town,58.45866658882651,2.290566107397545,MAINTAIN
Node_1612,New York,71.27680437951769,3.8358390536759464,MAINTAIN
Node_1613,New York,33.03757648751916,4.293434699597434,MAINTAIN
Node_1614,Cape Town,26.11938532468644,2.4499099872154,SHUTDOWN
Node_1615,New York,58.945362475656175,3.849321907635758,MAINTAIN
Node_1616,Cape Town,32.7033170782738,2.359533329668346,MAINTAIN
Node_1617,New York,37.555553430712266,0.8125409383081119,MAINTAIN
Node_1618,New York,86.30479943970495,4.842704863454318,MAINTAIN
Node_1619,Cape Town,29.004102472616662,2.746067688562225,SHUTDOWN
Node_1620,London,95.981106648634,1.8243889994450448,MAINTAIN
Node_1621,London,46.18965244780559,4.270206948045441,MAINTAIN
Node_1622,New York,89.94302620359882,3.3695746440026566,MAINTAIN
Node_1623,London,60.99355462563146,0.8131255853516342,MAINTAIN
Node_1624,New York,12.36609421008024,0.5080137153993067,SHUTDOWN
Node_1625,London,70.85467691968051,4.033561676375987,MAINTAIN
Node_1626,London,37.337172864429846,1.2483434933530748,MAINTAIN
Node_1627,London,78.1215531320993,4.409855915958083,MAINTAIN
Node_1628,New York,99.64335642083516,4.608690042860872,MAINTAIN
Node_1629,London,40.882782320129884,4.981476466119481,MAINTAIN
Node_1630,London,45.58464946715526,1.9599423500333095,MAINTAIN
Node_1631,New York,77.91002807665477,3.2634019161736463,MAINTAIN
Node_1632,Cape Town,19.038159652316452,2.4673880011019715,SHUTDOWN
Node_1633,New York,15.000717506200486,4.797898580557215,SHUTDOWN
Node_1634,London,31.728954767260102,3.5705035048731393,MAINTAIN
Node_1635,London,92.17001364485002,3.946866485035347,MAINTAIN
Node_1636,Cape Town,18.938436640628204,3.5231914610814146,SHUTDOWN
Node_1637,New York,19.403164764556337,2.477153447799399,SHUTDOWN
Node_1638,Cape Town,96.94339133283115,1.796243429732719,MAINTAIN
Node_1639,London,35.55516436149778,2.86861628478132,MAINTAIN
Node_1640,New York,74.24937416249023,0.7416185597110111,MAINTAIN
Node_1641,Cape Town,96.81959026837104,2.081137674355322,MAINTAIN
Node_1642,New York,90.07263840497785,4.0455849935462185,MAINTAIN
Node_1643,London,71.39947199004646,1.347671297145796,MAINTAIN
Node_1644,London,80.6366790448032,1.58280794927939,MAINTAIN
Node_1645,London,31.429118632322695,4.408987022087954,MAINTAIN
Node_1646,New York,43.21168574364236,3.1657544868829026,MAINTAIN
Node_1647,New York,30.37663552039913,0.5550497576774409,MAINTAIN
Node_1648,London,16.763058155060328,4.824182008063565,SHUTDOWN
Node_1649,New York,63.399041909739786,3.91752376736077,MAINTAIN
Node_1650,Cape Town,86.20541345475957,4.496779705469173,MAINTAIN
Node_1651,New York,13.125570711983311,2.9686352114121064,SHUTDOWN
Node_1652,Cape Town,60.297281823024605,4.503510204566388,MAINTAIN
Node_1653,Cape Town,67.25647906536487,0.9071595945835735,MAINTAIN
Node_1654,New York,61.44317286384984,1.4911570558297145,MAINTAIN
Node_1655,New York,30.040550255423206,3.4110898155525855,MAINTAIN
Node_1656,London,48.84393035221326,1.9607956288493331,MAINTAIN
Node_1657,New York,80.30412028790171,2.0825858027945587,MAINTAIN
Node_1658,Cape Town,93.50567939546266,3.972632917812248,MAINTAIN
Node_1659,London,64.49891652981722,2.23014732445121,MAINTAIN
Node_1660,Cape Town,48.77784286164055,1.758011768856272,MAINTAIN
Node_1661,London,34.59863323911417,4.21945693648337,MAINTAIN
Node_1662,Cape Town,58.56790592449981,2.814058551411125,MAINTAIN
Node_1663,Cape Town,69.88800753566179,2.1949813225074735,MAINTAIN
Node_1664,Cape Town,50.67081921432238,4.502892194852757,MAINTAIN
Node_1665,New York,40.248298663534655,3.8017567835647497,MAINTAIN
Node_1666,Cape Town,34.36055908922559,3.37980537382248,MAINTAIN
Node_1667,Cape Town,72.98279334063315,1.0265626494906448,MAINTAIN
Node_1668,New York,44.99405755927993,1.5318743235640286,MAINTAIN
Node_1669,Cape Town,62.88429879504163,3.4514933326893904,MAINTAIN
Node_1670,Cape Town,39.99162774761464,0.7666343127749153,MAINTAIN
Node_1671,New York,88.4175812172921,2.409639722643158,MAINTAIN
Node_1672,Cape Town,84.23210117392007,1.5201183528544284,MAINTAIN
Node_1673,New York,94.66351860351833,2.678477915353861,MAINTAIN
Node_1674,London,57.44746044464576,2.8226826586098217,MAINTAIN
Node_1675,Cape Town,18.896043846901534,3.397388906827853,SHUTDOWN
Node_1676,London,98.88239698826408,4.220379001930013,MAINTAIN
Node_1677,New York,73.9928641796482,3.489878943150183,MAINTAIN
Node_1678,London,23.626780705810656,0.5867789674012764,SHUTDOWN
Node_1679,Cape Town,37.84824239901275,0.9120588023913099,MAINTAIN
Node_1680,New York,37.115069906773556,0.8418500952145371,MAINTAIN
Node_1681,New York,28.97288993582975,4.338449311789644,SHUTDOWN
Node_1682,Cape Town,95.75356249633225,3.832156996549283,MAINTAIN
Node_1683,Cape Town,57.488215457263244,0.8176154529422286,MAINTAIN
Node_1684,New York,13.675078231395016,1.0736046392682574,SHUTDOWN
Node_1685,London,13.510317792326807,2.074424100816545,SHUTDOWN
Node_1686,New York,68.20100742230026,4.195504761260575,MAINTAIN
Node_1687,Cape Town,79.61385398653137,2.8157068140335366,MAINTAIN
Node_1688,New York,97.34644657083912,1.0086588655179363,MAINTAIN
Node_1689,New York,87.72646349158289,1.2727689867074692,MAINTAIN
Node_1690,Cape Town,97.73059273633982,4.138603308925166,MAINTAIN
Node_1691,New York,37.813541199605424,2.5700211055099804,MAINTAIN
Node_1692,Cape Town,86.90564467053802,2.965659548778863,MAINTAIN
Node_1693,Cape Town,71.33274768113836,0.6199772040711926,MAINTAIN
Node_1694,London,65.81023699103227,3.888552830894427,MAINTAIN
Node_1695,London,30.424077645691085,4.9158939921722915,MAINTAIN
Node_1696,New York,88.29338004352465,0.6959499906492955,MAINTAIN
Node_1697,London,60.08163750303028,3.736461205215122,MAINTAIN
Node_1698,London,94.36089027850117,3.8637391528936287,MAINTAIN
Node_1699,London,13.845238018944064,4.467306738783217,SHUTDOWN
Node_1700,New York,92.97035413626972,1.4632739374737818,MAINTAIN
Node_1701,New York,26.187527024078538,2.6285656377834683,SHUTDOWN
Node_1702,New York,59.70425737581597,3.9987030845920963,MAINTAIN
Node_1703,London,64.44011369796756,2.6428427142462283,MAINTAIN
Node_1704,Cape Town,67.5629688517698,3.264604712498113,MAINTAIN
Node_1705,London,87.97478676366194,1.9876348038191716,MAINTAIN
Node_1706,Cape Town,81.22058685518489,1.5267539354468502,MAINTAIN
Node_1707,New York,87.09206205108735,1.7421364006546078,MAINTAIN
Node_1708,Cape Town,76.4754668117763,1.9105251024904972,MAINTAIN
Node_1709,Cape Town,37.21995023053527,1.9800786800309356,MAINTAIN
Node_1710,New York,24.91906649143949,4.970706727373587,SHUTDOWN
Node_1711,New York,79.2340822657147,2.315791904778587,MAINTAIN
Node_1712,London,18.245659485477674,1.361591641661082,SHUTDOWN
Node_1713,Cape Town,32.754309527034536,3.5127439346441944,MAINTAIN
Node_1714,London,53.609782768565076,2.432145123163651,MAINTAIN
Node_1715,Cape Town,88.75540313157991,1.6969002852451054,MAINTAIN
Node_1716,London,72.68386212945626,2.167621385965048,MAINTAIN
Node_1717,New York,27.174370010600068,1.2132734275756523,SHUTDOWN
Node_1718,New York,70.35545865543816,4.519456466445502,MAINTAIN
Node_1719,Cape Town,69.42230286853459,3.5186098206908727,MAINTAIN
Node_1720,Cape Town,45.361495330453714,4.514886516316868,MAINTAIN
Node_1721,New York,81.76351939148933,2.15273244411513,MAINTAIN
Node_1722,New York,43.09609583661468,4.5462567085001355,MAINTAIN
Node_1723,Cape Town,85.51168003369114,2.0499097687400636,MAINTAIN
Node_1724,Cape Town,70.90449535303121,0.7742225326349836,MAINTAIN
Node_1725,New York,52.49168802120699,4.465784322838292,MAINTAIN
Node_1726,New York,48.43780901331276,3.86675392501041,MAINTAIN
Node_1727,Cape Town,23.0926139174676,4.049229720337858,SHUTDOWN
Node_1728,Cape Town,35.26077178064814,1.291780516118966,MAINTAIN
Node_1729,Cape Town,85.30328833904315,4.712597022886897,MAINTAIN
Node_1730,New York,75.74399681494637,1.5358014203671146,MAINTAIN
Node_1731,New York,56.203653014774154,3.1025903121966167,MAINTAIN
Node_1732,New York,77.72119924675111,1.0037220772624706,MAINTAIN
Node_1733,Cape Town,74.90896239892929,3.735441285190981,MAINTAIN
Node_1734,Cape Town,11.573256728025182,1.676990537662003,SHUTDOWN
Node_1735,London,78.9017749403421,1.5574524553725935,MAINTAIN
Node_1736,Cape Town,72.24358721687264,4.758115644991275,MAINTAIN
Node_1737,London,22.878251545410883,4.716161541259676,SHUTDOWN
Node_1738,Cape Town,43.421519265364154,4.176839695205977,MAINTAIN
Node_1739,London,92.81905998023784,3.031274956515733,MAINTAIN
Node_1740,London,43.991427871537084,4.192851069958469,MAINTAIN
Node_1741,London,72.23472726068347,2.2481642610940344,MAINTAIN
Node_1742,London,47.26069609291767,3.7473467939106877,MAINTAIN
Node_1743,Cape Town,13.36024103700037,2.3782261196352374,SHUTDOWN
Node_1744,London,52.78777087475256,1.1587508433339322,MAINTAIN
Node_1745,New York,71.22492791179897,1.453887134151606,MAINTAIN
Node_1746,New York,88.35501036628037,1.152981085702575,MAINTAIN
Node_1747,London,24.07269112721508,2.1969471815705264,SHUTDOWN
Node_1748,New York,25.65794604347983,4.423079232334242,SHUTDOWN
Node_1749,New York,95.63364193682888,3.06088846916005,MAINTAIN
Node_1750,Cape Town,72.29471086181087,4.1659513929356216,MAINTAIN
Node_1751,Cape Town,24.650276864682382,0.5760399981002566,SHUTDOWN
Node_1752,London,62.249991815767814,3.3654374119509365,MAINTAIN
Node_1753,London,20.56195238470685,2.1267819780113446,SHUTDOWN
Node_1754,Cape Town,53.922250324910536,2.857289618578945,MAINTAIN
Node_1755,New York,55.64938286079815,1.6047378672224726,MAINTAIN
Node_1756,London,33.76254693029122,3.6686073470975775,MAINTAIN
Node_1757,New York,27.67409096794845,0.7855306037066747,SHUTDOWN
Node_1758,New York,21.02276290066077,4.705737465257695,SHUTDOWN
Node_1759,New York,45.67145169911787,2.1395979538526015,MAINTAIN
Node_1760,New York,17.292586816568956,3.5690180007443404,SHUTDOWN
Node_1761,London,80.11725658436988,2.329291522168467,MAINTAIN
Node_1762,New York,92.29639541957818,0.8639934949726438,MAINTAIN
Node_1763,New York,35.413981109139584,1.9181688090341957,MAINTAIN
Node_1764,New York,34.05572362313414,2.0731314605769917,MAINTAIN
Node_1765,New York,16.047738890032967,4.168420725114492,SHUTDOWN
Node_1766,New York,68.54764786405056,4.347539501135998,MAINTAIN
Node_1767,New York,19.92952250263499,1.3348183092707673,SHUTDOWN
Node_1768,New York,15.95799580335734,2.6515171364042,SHUTDOWN
Node_1769,New York,33.44588569982161,3.1289288877120263,MAINTAIN
Node_1770,London,22.39745749970229,3.6659442137313927,SHUTDOWN
Node_1771,London,98.7215444041795,1.3192703479305263,MAINTAIN
Node_1772,London,99.28138226130066,1.6075703915614186,MAINTAIN
Node_1773,London,32.95959391513115,0.532470615558636,MAINTAIN
Node_1774,London,63.46388847749674,4.884877387917478,MAINTAIN
Node_1775,London,80.75854721273393,0.8502257834555517,MAINTAIN
Node_1776,Cape Town,36.312528884381095,1.857102011355312,MAINTAIN
Node_1777,Cape Town,21.186961123400728,2.623500214838259,SHUTDOWN
Node_1778,Cape Town,79.14812210185794,2.8705146956808307,MAINTAIN
Node_1779,London,66.89941251726097,3.17999930176584,MAINTAIN
Node_1780,New York,32.84858582835629,1.1590722140201863,MAINTAIN
Node_1781,New York,75.35590963010884,2.13736355637611,MAINTAIN
Node_1782,London,64.94656788118525,0.6392404524611055,MAINTAIN
Node_1783,New York,28.08362161395604,1.7980989077163774,SHUTDOWN
Node_1784,London,42.109074769711285,3.3754134100965465,MAINTAIN
Node_1785,London,84.68900718881783,1.2923751019534864,MAINTAIN
Node_1786,New York,39.4889123856362,4.541931086361572,MAINTAIN
Node_1787,Cape Town,45.33989271471883,4.162206038162408,MAINTAIN
Node_1788,Cape Town,87.80816529301373,2.7635249411822236,MAINTAIN
Node_1789,London,94.5172858776044,4.396528901868701,MAINTAIN
Node_1790,New York,19.87275365433132,4.814681706455383,SHUTDOWN
Node_1791,Cape Town,94.14156177670074,3.4620751977642295,MAINTAIN
Node_1792,Cape Town,63.73169633222552,0.8162527206843377,MAINTAIN
Node_1793,London,52.48253452810285,0.605903179693956,MAINTAIN
Node_1794,New York,55.76470053935454,4.1486137136521055,MAINTAIN
Node_1795,London,21.89493056772266,3.081095484302,SHUTDOWN
Node_1796,Cape Town,31.197818305565907,3.721633361700102,MAINTAIN
Node_1797,New York,50.157860363816596,1.9522271804389484,MAINTAIN
Node_1798,London,75.96052275450464,2.2531804765494634,MAINTAIN
Node_1799,London,75.71850168634072,1.5809917765294825,MAINTAIN
Node_1800,Cape Town,38.17003496646903,1.5301534869980733,MAINTAIN
Node_1801,Cape Town,66.64643810196752,2.032824582783636,MAINTAIN
Node_1802,London,40.953660765142274,2.561783430171889,MAINTAIN
Node_1803,London,54.978794620897965,1.1861030591136248,MAINTAIN
Node_1804,London,97.00572732793233,4.533863473179589,MAINTAIN
Node_1805,New York,58.21923362516497,2.674016330757851,MAINTAIN
Node_1806,Cape Town,46.27594056632844,2.756756548884494,MAINTAIN
Node_1807,London,20.001029087385902,1.2491894136695523,SHUTDOWN
Node_1808,London,75.58625511528285,0.9728317628680037,MAINTAIN
Node_1809,Cape Town,83.34617692123395,3.700199498781506,MAINTAIN
Node_1810,Cape Town,81.12583850405474,4.33355301333687,MAINTAIN
Node_1811,Cape Town,83.57911297020581,4.532911188625397,MAINTAIN
Node_1812,Cape Town,39.09249707352675,3.9165708503030148,MAINTAIN
Node_1813,London,70.74801482450212,1.5162758300508588,MAINTAIN
Node_1814,London,44.273464920988815,3.37488758121076,MAINTAIN
Node_1815,New York,90.28775118051716,4.361289359807344,MAINTAIN
Node_1816,London,22.03049265717617,4.624844781747036,SHUTDOWN
Node_1817,London,67.86968002855744,2.338107806075678,MAINTAIN
Node_1818,London,16.122047989519007,4.736960101815472,SHUTDOWN
Node_1819,New York,72.92026116326241,1.502357725055428,MAINTAIN
Node_1820,Cape Town,60.18327842087164,1.2707519793982962,MAINTAIN
Node_1821,Cape Town,35.144387215433234,4.180728885490632,MAINTAIN
Node_1822,London,11.746420369607671,1.4518447881654803,SHUTDOWN
Node_1823,New York,56.561268073023705,1.8808209244128775,MAINTAIN
Node_1824,New York,62.43592171930286,2.786722013749037,MAINTAIN
Node_1825,London,84.69569143776201,2.11844687410842,MAINTAIN
Node_1826,Cape Town,60.18027882595695,4.8721583009819165,MAINTAIN
Node_1827,London,60.498340995851045,1.0819606354780573,MAINTAIN
Node_1828,London,75.51136312804955,2.561063724210033,MAINTAIN
Node_1829,London,48.79735853051314,3.75291922133928,MAINTAIN
Node_1830,Cape Town,14.584188370900193,3.865841986664989,SHUTDOWN
Node_1831,New York,43.53481244736063,4.178173707532723,MAINTAIN
Node_1832,New York,31.615064443177,1.641987995606525,MAINTAIN
Node_1833,Cape Town,92.6450805148402,1.278632875886002,MAINTAIN
Node_1834,New York,78.83573896823059,1.8505126855927088,MAINTAIN
Node_1835,Cape Town,16.538659809959345,1.669672549248816,SHUTDOWN
Node_1836,London,12.15522241752118,1.4475027895635049,SHUTDOWN
Node_1837,London,78.94539542566532,1.8291025602313211,MAINTAIN
Node_1838,New York,87.8706714564826,1.4884774769008664,MAINTAIN
Node_1839,Cape Town,91.85137046664208,4.502489181925972,MAINTAIN
Node_1840,London,64.3253425008254,4.3199317550412655,MAINTAIN
Node_1841,Cape Town,35.84103206399749,1.9304685795500995,MAINTAIN
Node_1842,New York,98.62218368561574,2.1127376104272937,MAINTAIN
Node_1843,Cape Town,84.10749000144646,3.7197468104323876,MAINTAIN
Node_1844,Cape Town,89.82569660823869,2.195330975207815,MAINTAIN
Node_1845,Cape Town,53.22822938561927,3.727102421544484,MAINTAIN
Node_1846,New York,17.845198889474364,3.8291840879884296,SHUTDOWN
Node_1847,New York,64.40613623746248,4.150114360952499,MAINTAIN
Node_1848,New York,61.102044013831566,2.7045354170979996,MAINTAIN
Node_1849,New York,41.52790531608473,3.243819772026766,MAINTAIN
Node_1850,Cape Town,24.119471872484105,0.6759939125911634,SHUTDOWN
Node_1851,London,38.86123775166834,3.895350047129571,MAINTAIN
Node_1852,London,45.45984059251641,3.912925796105805,MAINTAIN
Node_1853,Cape Town,41.76567761816779,0.5778598409987014,MAINTAIN
Node_1854,New York,11.784199374130782,4.3359071265107145,SHUTDOWN
Node_1855,Cape Town,11.976696536520098,4.073254964732104,SHUTDOWN
Node_1856,New York,99.36031641641848,4.104102422321552,MAINTAIN
Node_1857,Cape Town,69.88169435067067,2.6055959094947143,MAINTAIN
Node_1858,Cape Town,64.11936050288793,4.731882334803289,MAINTAIN
Node_1859,New York,48.9476947001206,4.109100995399017,MAINTAIN
Node_1860,London,91.86889178281501,0.5279040620618348,MAINTAIN
Node_1861,Cape Town,78.96522930434574,2.5318983830997652,MAINTAIN
Node_1862,Cape Town,54.808013425951415,3.9685164540898885,MAINTAIN
Node_1863,Cape Town,68.65395355676291,0.9193685261752433,MAINTAIN
Node_1864,London,38.64427961942557,2.9111113627002094,MAINTAIN
Node_1865,London,22.962632888156335,2.151754371804736,SHUTDOWN
Node_1866,London,42.20841235872265,3.9593241023119394,MAINTAIN
Node_1867,New York,23.852397040674447,1.3808279456072008,SHUTDOWN
Node_1868,New York,20.708964865090522,1.0291874753108203,SHUTDOWN
Node_1869,New York,38.143032154508504,1.5325693070671105,MAINTAIN
Node_1870,London,92.60315306071774,3.1755948297342975,MAINTAIN
Node_1871,Cape Town,22.994745171579915,4.898672737151812,SHUTDOWN
Node_1872,Cape Town,13.565934659218176,2.067768760585678,SHUTDOWN
Node_1873,Cape Town,63.79930544995384,0.720121735458146,MAINTAIN
Node_1874,London,56.24813613030273,3.9713016130898557,MAINTAIN
Node_1875,Cape Town,45.88580526882113,3.287244745154002,MAINTAIN
Node_1876,Cape Town,50.49614502195305,1.3735972956268423,MAINTAIN
Node_1877,London,67.60014650471426,1.609815550133184,MAINTAIN
Node_1878,New York,22.882729696637963,2.047863560537486,SHUTDOWN
Node_1879,New York,37.858218226566436,3.1907507450254213,MAINTAIN
Node_1880,London,24.976544260731444,1.440422136003415,SHUTDOWN
Node_1881,New York,70.88449388147205,3.30187098135557,MAINTAIN
Node_1882,Cape Town,80.48630704134197,4.445452109072782,MAINTAIN
Node_1883,London,30.727725518350272,3.878731515463257,MAINTAIN
Node_1884,London,16.290550042118912,2.1872332458309023,SHUTDOWN
Node_1885,London,73.32768271365399,2.432220154622062,MAINTAIN
Node_1886,New York,33.86153994158912,2.5066499503733235,MAINTAIN
Node_1887,Cape Town,66.57666583867618,3.797247891374452,MAINTAIN
Node_1888,London,61.77052674276814,4.54996587497,MAINTAIN
Node_1889,New York,14.686815346529945,2.6069021078266976,SHUTDOWN
Node_1890,New York,97.86245999809331,0.9126559578647346,MAINTAIN
Node_1891,New York,41.5325202020022,2.5960894883359593,MAINTAIN
Node_1892,Cape Town,83.5651466707548,1.4153566507479747,MAINTAIN
Node_1893,New York,47.96296698447465,0.7247787900710557,MAINTAIN
Node_1894,London,54.94677753877413,1.338163344040856,MAINTAIN
Node_1895,Cape Town,61.09049718849797,4.266823082439318,MAINTAIN
Node_1896,New York,70.14506384898465,4.794438291726662,MAINTAIN
Node_1897,New York,75.75937828141033,3.177164387507022,MAINTAIN
Node_1898,London,69.71077923017049,2.2509522605591883,MAINTAIN
Node_1899,Cape Town,67.36240605648084,1.7322901008986369,MAINTAIN
Node_1900,London,44.23207135408579,3.580333534356125,MAINTAIN
Node_1901,Cape Town,86.92764788604767,1.9482018520626392,MAINTAIN
Node_1902,Cape Town,63.36360811693346,3.9857953567211655,MAINTAIN
Node_1903,Cape Town,49.474497067557905,1.4852959149360885,MAINTAIN
Node_1904,Cape Town,69.91411336651643,2.0544483965622686,MAINTAIN
Node_1905,London,33.93982137509468,1.326776747150445,MAINTAIN
Node_1906,London,13.216950174479692,2.4280935282388647,SHUTDOWN
Node_1907,London,69.69867083929418,0.648237949942156,MAINTAIN
Node_1908,Cape Town,10.087551371364027,0.7566474355137298,SHUTDOWN
Node_1909,London,51.15520399634664,1.9085783430933738,MAINTAIN
Node_1910,London,64.87462973216877,2.5395312515720976,MAINTAIN
Node_1911,Cape Town,38.29574760468006,1.741921840037166,MAINTAIN
Node_1912,New York,26.98473040539505,1.0235273185867075,SHUTDOWN
Node_1913,London,81.49479983463921,4.413814717557277,MAINTAIN
Node_1914,London,67.3026760093012,4.308571059350882,MAINTAIN
Node_1915,New York,39.78347988805071,0.866019381471447,MAINTAIN
Node_1916,New York,79.2224244505421,2.198554227552517,MAINTAIN
Node_1917,London,58.24957834557905,2.6928348313570263,MAINTAIN
Node_1918,London,60.297650511612126,4.49181782459158,MAINTAIN
Node_1919,London,72.65352304958178,3.5100321438332966,MAINTAIN
Node_1920,Cape Town,20.27124346180022,3.1545753214947068,SHUTDOWN
Node_1921,Cape Town,50.92672419953145,3.788624355850491,MAINTAIN
Node_1922,London,79.16144123753575,4.686836014229782,MAINTAIN
Node_1923,London,57.54310689818337,3.647527271007431,MAINTAIN
Node_1924,London,54.70834726803395,1.8942604333887147,MAINTAIN
Node_1925,Cape Town,62.78741682166881,4.948831448228508,MAINTAIN
Node_1926,Cape Town,19.312431228546338,1.6223779055350933,SHUTDOWN
Node_1927,New York,56.838695278064705,0.5595868911435744,MAINTAIN
Node_1928,London,92.91344209981045,3.0812001032818865,MAINTAIN
Node_1929,London,98.552858817372,0.7567833406164091,MAINTAIN
Node_1930,Cape Town,39.32615686372928,1.8578445634897882,MAINTAIN
Node_1931,New York,22.560339898640482,2.7771364219173784,SHUTDOWN
Node_1932,Cape Town,86.234811200906,3.777584413717367,MAINTAIN
Node_1933,New York,92.62378476402482,1.712502378103919,MAINTAIN
Node_1934,Cape Town,45.67249874375727,2.192248300073244,MAINTAIN
Node_1935,Cape Town,67.97120716914296,3.912121638352206,MAINTAIN
Node_1936,Cape Town,60.46691425007034,2.3640225366353818,MAINTAIN
Node_1937,London,68.81083163047182,2.054639068957342,MAINTAIN
Node_1938,Cape Town,27.482782259564296,2.5888898779130756,SHUTDOWN
Node_1939,New York,70.24582814288277,1.4444554513004892,MAINTAIN
Node_1940,London,96.37686218932124,2.7087171514498456,MAINTAIN
Node_1941,Cape Town,15.481711154884577,4.9815719690705675,SHUTDOWN
Node_1942,New York,46.80587655947628,3.536994354126842,MAINTAIN
Node_1943,New York,97.74295417017102,4.684791270141003,MAINTAIN
Node_1944,London,77.5884571529028,3.5250136618349894,MAINTAIN
Node_1945,London,49.4966432073773,4.06556759547928,MAINTAIN
Node_1946,Cape Town,93.69987434327179,3.8035879837164024,MAINTAIN
Node_1947,Cape Town,89.63583814633978,3.7978472524976903,MAINTAIN
Node_1948,London,35.21107266773928,4.03055679880088,MAINTAIN
Node_1949,Cape Town,84.34148769509211,0.7214890845740167,MAINTAIN
Node_1950,London,55.72434802349946,4.63722838593662,MAINTAIN
Node_1951,New York,52.45406422306552,3.821560344340973,MAINTAIN
Node_1952,New York,66.74413946588396,2.101592252347274,MAINTAIN
Node_1953,Cape Town,57.38368995816639,2.4968498539785364,MAINTAIN
Node_1954,Cape Town,45.57718311706054,3.198944415992386,MAINTAIN
Node_1955,London,99.37159006274992,2.8994473798097964,MAINTAIN
Node_1956,New York,22.345745296496446,0.9785775100559913,SHUTDOWN
Node_1957,New York,34.66517169200482,4.8223739877892715,MAINTAIN
Node_1958,New York,89.0272939225473,1.5147277101083976,MAINTAIN
Node_1959,Cape Town,19.92260216019465,0.9639337878041376,SHUTDOWN
Node_1960,New York,68.6060274475416,2.2921016493733175,MAINTAIN
Node_1961,London,29.628369388053844,0.6862403646452355,SHUTDOWN
Node_1962,New York,22.986639645669122,3.480738852567262,SHUTDOWN
Node_1963,Cape Town,86.14027813991507,1.2908809058057857,MAINTAIN
Node_1964,Cape Town,42.08377238250884,0.6639093189778624,MAINTAIN
Node_1965,Cape Town,15.936682574144266,4.175169775533244,SHUTDOWN
Node_1966,Cape Town,54.0269372124331,3.59935466744038,MAINTAIN
Node_1967,London,28.41638616786661,1.1361262571833126,SHUTDOWN
Node_1968,Cape Town,27.8006788558464,4.1306507633885285,SHUTDOWN
Node_1969,London,23.968627941451764,0.8845958291832207,SHUTDOWN
Node_1970,New York,76.2726173699153,3.7512293668720225,MAINTAIN
Node_1971,New York,16.50141566244233,4.7195546347931865,SHUTDOWN
Node_1972,Cape Town,39.57785155950933,3.3180201408837693,MAINTAIN
Node_1973,Cape Town,61.58335894805042,1.2900722746950624,MAINTAIN
Node_1974,London,67.49977706401073,1.9693621025468935,MAINTAIN
Node_1975,Cape Town,26.31785734721937,3.198773568408943,SHUTDOWN
Node_1976,Cape Town,70.88561776038304,3.585769893116837,MAINTAIN
Node_1977,Cape Town,43.43013261974449,4.011378895726405,MAINTAIN
Node_1978,Cape Town,56.275378600634056,4.885841439843515,MAINTAIN
Node_1979,London,26.17696250634616,2.181609288505459,SHUTDOWN
Node_1980,Cape Town,47.868827451875696,1.3663126878109593,MAINTAIN
Node_1981,New York,15.095585201481008,2.2774501687245126,SHUTDOWN
Node_1982,New York,76.76341980037067,2.577852689854755,MAINTAIN
Node_1983,New York,26.90945033376799,4.641077985963794,SHUTDOWN
Node_1984,New York,13.65451244982661,2.507841080187923,SHUTDOWN
Node_1985,New York,35.27785383640877,1.4120268501624125,MAINTAIN
Node_1986,London,79.28757526601859,3.7173902154277956,MAINTAIN
Node_1987,Cape Town,63.52777912247851,4.056204151741793,MAINTAIN
Node_1988,New York,27.259787506332952,4.16666035472624,SHUTDOWN
Node_1989,New York,84.99942291614366,3.16251943867954,MAINTAIN
Node_1990,New York,53.7102483605058,3.974620585794731,MAINTAIN
Node_1991,New York,25.473814509875886,0.7198789675452809,SHUTDOWN
Node_1992,New York,33.76126417889153,2.8012637092288837,MAINTAIN
Node_1993,New York,95.4729286117273,4.391473721184731,MAINTAIN
Node_1994,Cape Town,70.84390013039797,4.932084808675962,MAINTAIN
Node_1995,New York,66.65693808399013,4.960731073802183,MAINTAIN
Node_1996,Cape Town,54.818395826798955,2.66047187306239,MAINTAIN
Node_1997,London,88.64347277782078,4.2770373961622585,MAINTAIN
Node_1998,New York,36.644110743455826,3.4798444618781508,MAINTAIN
Node_1999,Cape Town,27.907749757608105,2.70195558822862,SHUTDOWN
Node_2000,Cape Town,54.939125764203354,1.6549222793308698,MAINTAIN
Node_2001,New York,49.26766147612041,1.451145142071147,MAINTAIN
Node_2002,Cape Town,76.10708030729835,2.694600863031103,MAINTAIN
Node_2003,New York,47.701165213188325,3.9385483509859163,MAINTAIN
Node_2004,London,67.83040931184816,2.8948009121765392,MAINTAIN
Node_2005,New York,70.15577457287063,1.3233217090915188,MAINTAIN
Node_2006,London,11.513112431701998,3.786245582418504,SHUTDOWN
Node_2007,Cape Town,80.93345129795185,2.00457176627938,MAINTAIN
Node_2008,London,71.86475993872489,1.1273670748286022,MAINTAIN
Node_2009,New York,16.86799060432744,1.67539927361286,SHUTDOWN
Node_2010,London,41.568381842824174,1.842930962636254,MAINTAIN
Node_2011,London,68.85145886267057,1.522297836076242,MAINTAIN
Node_2012,London,36.92030454109616,0.650645299429973,MAINTAIN
Node_2013,Cape Town,33.02638808016935,4.247075847235643,MAINTAIN
Node_2014,New York,13.141255822610638,4.453715697290846,SHUTDOWN
Node_2015,New York,51.36730431316112,0.5394910193878041,MAINTAIN
Node_2016,New York,10.413717789711336,2.363013571974359,SHUTDOWN
Node_2017,New York,67.03219529641609,3.9177141354407428,MAINTAIN
Node_2018,Cape Town,74.57524864141686,1.54304672562741,MAINTAIN
Node_2019,London,31.245090484185717,1.34066445312258,MAINTAIN
Node_2020,New York,94.51640883672225,0.940289476012423,MAINTAIN
Node_2021,New York,23.903071294880693,4.418858416901305,SHUTDOWN
Node_2022,London,14.997524400360588,2.3273040076922653,SHUTDOWN
Node_2023,New York,98.14272757783478,4.0115048411028456,MAINTAIN
Node_2024,London,32.044908704216745,4.990508707570201,MAINTAIN
Node_2025,Cape Town,33.901323592844115,4.10362017484278,MAINTAIN
Node_2026,London,67.40447342580445,4.772962864936554,MAINTAIN
Node_2027,New York,79.96273068700752,0.602894128239241,MAINTAIN
Node_2028,New York,86.04958576675193,0.8140029963100578,MAINTAIN
Node_2029,New York,47.64438468428656,1.1217461412536516,MAINTAIN
Node_2030,Cape Town,41.5650923862966,1.57960509375763,MAINTAIN
Node_2031,London,59.50273227794271,4.745184220563095,MAINTAIN
Node_2032,Cape Town,41.37101205419145,2.448120463076413,MAINTAIN
Node_2033,London,66.57772287039862,3.6099590014747447,MAINTAIN
Node_2034,New York,85.18977890042156,1.880714685516847,MAINTAIN
Node_2035,New York,90.73766457070347,1.4351807608081475,MAINTAIN
Node_2036,New York,71.00360574870882,1.3776594698771616,MAINTAIN
Node_2037,London,49.01864551505394,3.5128998737169557,MAINTAIN
Node_2038,New York,41.62122021528941,3.2452949824735127,MAINTAIN
Node_2039,Cape Town,81.18140874399772,1.9077418277119427,MAINTAIN
Node_2040,London,78.56857190609327,0.9590340757829683,MAINTAIN
Node_2041,Cape Town,20.06215832278849,0.8374077998202698,SHUTDOWN
Node_2042,Cape Town,20.5519919925407,1.6006359049231882,SHUTDOWN
Node_2043,London,18.784511404546443,2.06531315001505,SHUTDOWN
Node_2044,Cape Town,90.2347889874128,4.445585971206334,MAINTAIN
Node_2045,New York,22.459252885320403,2.8226198634030952,SHUTDOWN
Node_2046,Cape Town,95.27268555000255,2.9029380235556466,MAINTAIN
Node_2047,Cape Town,17.52771006550979,4.359253452759151,SHUTDOWN
Node_2048,Cape Town,98.70193363255405,3.684639579587023,MAINTAIN
Node_2049,New York,48.18488983921843,4.444714926491066,MAINTAIN
Node_2050,Cape Town,38.11579457869442,3.0016330707427508,MAINTAIN
Node_2051,Cape Town,95.92837535746925,3.428308567989978,MAINTAIN
Node_2052,New York,42.80685389976363,2.6387229414460527,MAINTAIN
Node_2053,New York,93.89985262089913,1.087363701071209,MAINTAIN
Node_2054,New York,61.9159861635846,4.071023819906647,MAINTAIN
Node_2055,London,48.34176007591048,4.0832072304320315,MAINTAIN
Node_2056,London,80.16303165906484,3.3092169870185835,MAINTAIN
Node_2057,Cape Town,51.733939501930315,2.7873481714121704,MAINTAIN
Node_2058,Cape Town,83.37455138738493,3.109386530516559,MAINTAIN
Node_2059,Cape Town,99.86634357622937,3.4340413121126745,MAINTAIN
Node_2060,New York,51.79768454420637,2.395967655328649,MAINTAIN
Node_2061,London,49.494784704657,4.027900579052271,MAINTAIN
Node_2062,New York,58.27545178949486,2.6609082208450014,MAINTAIN
Node_2063,London,10.757328419595172,1.1406853846630585,SHUTDOWN
Node_2064,New York,17.84019297541161,3.756853709283423,SHUTDOWN
Node_2065,Cape Town,82.62205849633551,4.79850691986897,MAINTAIN
Node_2066,Cape Town,45.17256633906537,1.7355096770156992,MAINTAIN
Node_2067,London,65.03727075171673,3.004560183668576,MAINTAIN
Node_2068,Cape Town,42.94583395865763,4.0886441991388125,MAINTAIN
Node_2069,Cape Town,77.7475172727393,2.7971620159767365,MAINTAIN
Node_2070,Cape Town,13.088251766902044,4.339689835889549,SHUTDOWN
Node_2071,London,64.16949951228005,1.6677464555668193,MAINTAIN
Node_2072,London,24.198875616676055,4.322906883587253,SHUTDOWN
Node_2073,New York,32.538746131980446,2.191180634104226,MAINTAIN
Node_2074,London,62.9846160828766,4.035098037541318,MAINTAIN
Node_2075,London,27.3403053360767,3.4976104634104392,SHUTDOWN
Node_2076,Cape Town,63.2948350148464,0.731021303582635,MAINTAIN
Node_2077,New York,11.294175820924293,1.2606634676612614,SHUTDOWN
Node_2078,New York,10.413181893915048,4.910790941922072,SHUTDOWN
Node_2079,New York,11.213864969878465,1.3659995498644535,SHUTDOWN
Node_2080,London,59.54657148954807,0.5824157887899482,MAINTAIN
Node_2081,London,74.12792035594487,3.581587567511688,MAINTAIN
Node_2082,London,21.850870012650915,1.40083443050647,SHUTDOWN
Node_2083,New York,46.99806894773195,2.4186197098579325,MAINTAIN
Node_2084,Cape Town,53.16175605660001,1.0479402715491202,MAINTAIN
Node_2085,London,24.673376637004697,3.308189184490827,SHUTDOWN
Node_2086,London,50.31049560498143,2.4008823546064737,MAINTAIN
Node_2087,Cape Town,32.933425072263496,3.0097989763824833,MAINTAIN
Node_2088,London,60.26294946292305,3.4245249678413994,MAINTAIN
Node_2089,Cape Town,68.03984249636781,3.6049260669446945,MAINTAIN
Node_2090,London,28.681119541434033,0.5465825621131566,SHUTDOWN
Node_2091,London,10.346362515192602,0.8530546766531555,SHUTDOWN
Node_2092,New York,26.4616657390064,1.80246521807903,SHUTDOWN
Node_2093,London,41.94501005895482,0.9973646091376105,MAINTAIN
Node_2094,London,72.11975002952934,2.256277621596484,MAINTAIN
Node_2095,New York,91.26226528602905,4.530032497811698,MAINTAIN
Node_2096,London,61.54154101168169,3.741586556612814,MAINTAIN
Node_2097,London,20.211087682680336,4.794695701397707,SHUTDOWN
Node_2098,Cape Town,86.48486356827915,3.0234520977513655,MAINTAIN
Node_2099,Cape Town,25.428326072345726,3.7281307117197717,SHUTDOWN
Node_2100,New York,31.301014505517546,1.2317882087649847,MAINTAIN
Node_2101,London,40.76447725633146,1.0478272370861417,MAINTAIN
Node_2102,New York,70.02901541251455,0.8131776927955603,MAINTAIN
Node_2103,London,84.76520374095433,4.429701411622705,MAINTAIN
Node_2104,Cape Town,57.15261982788734,3.228695163283173,MAINTAIN
Node_2105,Cape Town,90.7451449985032,2.480430081358732,MAINTAIN
Node_2106,London,20.01940785833931,1.1299308127665066,SHUTDOWN
Node_2107,New York,68.29909376790158,2.106442137908301,MAINTAIN
Node_2108,London,66.3085506307711,2.514717301206497,MAINTAIN
Node_2109,Cape Town,78.4122372029538,4.716917464197294,MAINTAIN
Node_2110,New York,36.749553020648506,3.747773233614477,MAINTAIN
Node_2111,Cape Town,99.70704152871899,1.695836511339508,MAINTAIN
Node_2112,London,62.66435829107782,2.4393755436446165,MAINTAIN
Node_2113,London,51.84621880282348,4.896020048166676,MAINTAIN
Node_2114,London,68.28710881636884,0.732887947230501,MAINTAIN
Node_2115,New York,97.4170301718851,4.698504862503719,MAINTAIN
Node_2116,London,11.864924877564055,3.9413823696648302,SHUTDOWN
Node_2117,Cape Town,81.76922156844051,4.603519441348925,MAINTAIN
Node_2118,Cape Town,40.287664590432186,2.320435838715772,MAINTAIN
Node_2119,Cape Town,18.74828212966804,2.31984355813269,SHUTDOWN
Node_2120,New York,15.640709959517103,1.8894151094446545,SHUTDOWN
Node_2121,Cape Town,48.075749017822304,0.8285089609459575,MAINTAIN
Node_2122,New York,95.62643841641389,0.9424189836338039,MAINTAIN
Node_2123,Cape Town,49.921739734799594,2.0716394361839887,MAINTAIN
Node_2124,Cape Town,25.360718642422995,2.020448044324915,SHUTDOWN
Node_2125,New York,89.90005346472589,0.5951021728450814,MAINTAIN
Node_2126,New York,67.97683958474809,2.5686485920722597,MAINTAIN
Node_2127,Cape Town,85.1386720518172,1.8403226875856853,MAINTAIN
Node_2128,London,51.514603266956655,2.839003566356837,MAINTAIN
Node_2129,London,35.86707604847764,3.0544058332155015,MAINTAIN
Node_2130,New York,15.048982785953045,3.15664831634363,SHUTDOWN
Node_2131,Cape Town,13.564452258549188,1.8221660686822334,SHUTDOWN
Node_2132,New York,46.24854347305713,1.944306255908117,MAINTAIN
Node_2133,Cape Town,79.1650968989313,4.255286869177175,MAINTAIN
Node_2134,New York,41.2706318176395,2.5400279624848463,MAINTAIN
Node_2135,London,10.802846591254918,2.8672327135892632,SHUTDOWN
Node_2136,Cape Town,97.43354328843822,2.1669538612367436,MAINTAIN
Node_2137,Cape Town,64.18469249107504,2.4723563656121885,MAINTAIN
Node_2138,London,91.32720222137262,3.510426452801251,MAINTAIN
Node_2139,Cape Town,78.21709397507159,1.5295428973013006,MAINTAIN
Node_2140,London,42.01876919818116,3.192477134851831,MAINTAIN
Node_2141,London,46.28269001438823,2.2533083221801076,MAINTAIN
Node_2142,London,84.20326644866464,4.962113208072158,MAINTAIN
Node_2143,Cape Town,25.161304305640318,4.752463877492733,SHUTDOWN
Node_2144,Cape Town,73.19079369626084,3.894788672070401,MAINTAIN
Node_2145,New York,83.52955151520402,1.5012368549634374,MAINTAIN
Node_2146,New York,37.4762269400172,1.9854572974766618,MAINTAIN
Node_2147,London,78.85330592624473,0.8122039946616928,MAINTAIN
Node_2148,New York,64.41049978983946,4.16370742958107,MAINTAIN
Node_2149,Cape Town,95.91320440858428,0.8722831101295218,MAINTAIN
Node_2150,New York,40.02120980397096,2.4692941378987716,MAINTAIN
Node_2151,New York,48.90316778162746,4.21722085903651,MAINTAIN
Node_2152,Cape Town,57.298720674011335,3.9734382451794215,MAINTAIN
Node_2153,New York,68.82497334632683,1.6853522534281062,MAINTAIN
Node_2154,London,97.07266913748299,1.4885900878182188,MAINTAIN
Node_2155,New York,12.208475334088206,4.061690619659809,SHUTDOWN
Node_2156,London,88.77749518675361,3.021447415752198,MAINTAIN
Node_2157,New York,79.42817644216615,1.6206577343183777,MAINTAIN
Node_2158,Cape Town,97.53068757559251,4.666830934603906,MAINTAIN
Node_2159,Cape Town,65.31187655869775,3.456390239601502,MAINTAIN
Node_2160,New York,86.75847514259534,0.6197373444208625,MAINTAIN
Node_2161,Cape Town,83.98248461760345,3.083593123605532,MAINTAIN
Node_2162,London,74.58956214299488,4.05333066789491,MAINTAIN
Node_2163,New York,80.67520499048057,2.6157317120360695,MAINTAIN
Node_2164,London,44.73960634028179,1.0410241264446283,MAINTAIN
Node_2165,Cape Town,70.3250234048877,1.0184022241920418,MAINTAIN
Node_2166,New York,22.877978316370132,0.8424336372729964,SHUTDOWN
Node_2167,London,26.09393995765934,4.2948856315677615,SHUTDOWN
Node_2168,London,19.35376064418348,3.31121497317868,SHUTDOWN
Node_2169,London,66.47935008703269,0.6080031404099537,MAINTAIN
Node_2170,London,36.239130036040976,3.5338282345204632,MAINTAIN
Node_2171,New York,80.80655113608974,2.0275453498259095,MAINTAIN
Node_2172,London,96.02016241366452,4.5311808115778645,MAINTAIN
Node_2173,London,83.32292661398452,3.9161596808687253,MAINTAIN
Node_2174,London,77.2733043244013,4.851063702990832,MAINTAIN
Node_2175,Cape Town,31.95455445175154,3.0447796831966585,MAINTAIN
Node_2176,Cape Town,40.80340002714689,0.8331283220896595,MAINTAIN
Node_2177,Cape Town,12.552491615134743,4.957719468521329,SHUTDOWN
Node_2178,London,45.7642302041888,1.8532524939695825,MAINTAIN
Node_2179,London,13.14482872862186,3.395310406356566,SHUTDOWN
Node_2180,New York,28.44371184869539,4.217023582899956,SHUTDOWN
Node_2181,New York,91.5773474994618,4.830653912061085,MAINTAIN
Node_2182,London,26.54210233451293,0.8745521024701572,SHUTDOWN
Node_2183,London,56.742044225601646,4.041173515276798,MAINTAIN
Node_2184,London,51.12540400312263,3.5224568381636017,MAINTAIN
Node_2185,New York,91.44111058669432,1.906264462235864,MAINTAIN
Node_2186,Cape Town,57.80576542654774,0.5890262075599247,MAINTAIN
Node_2187,London,12.006167097002967,3.8012999051210605,SHUTDOWN
Node_2188,Cape Town,57.35427400827223,4.4595705124852465,MAINTAIN
Node_2189,Cape Town,60.516182681598956,1.5979615406606802,MAINTAIN
Node_2190,New York,18.126069648722027,2.7208426614818464,SHUTDOWN
Node_2191,London,77.53371320229579,2.260012724371358,MAINTAIN
Node_2192,New York,98.91677148270075,0.6208223318202535,MAINTAIN
Node_2193,London,52.42321634880205,3.6311995486969444,MAINTAIN
Node_2194,Cape Town,17.205251232894987,4.0903116607783865,SHUTDOWN
Node_2195,London,24.26544065763207,4.55287667459699,SHUTDOWN
Node_2196,New York,10.897948745414192,2.0410122571427083,SHUTDOWN
Node_2197,London,12.658234829049073,2.5317793796581043,SHUTDOWN
Node_2198,Cape Town,65.84879932409422,4.221366825770885,MAINTAIN
Node_2199,Cape Town,75.69048372594341,4.724511487418938,MAINTAIN
Node_2200,London,19.713117284299035,2.360350083744509,SHUTDOWN
Node_2201,Cape Town,15.559253666867319,1.7187339568554858,SHUTDOWN
Node_2202,London,40.88405492395012,1.2509646556980982,MAINTAIN
Node_2203,Cape Town,80.41812763444426,0.8240530204414815,MAINTAIN
Node_2204,New York,15.203418209450074,2.3609845114223384,SHUTDOWN
Node_2205,New York,36.66160108843094,3.4043709978518626,MAINTAIN
Node_2206,Cape Town,96.04824413331175,3.8431430169500356,MAINTAIN
Node_2207,Cape Town,96.19257800746097,4.143277446698825,MAINTAIN
Node_2208,New York,42.996795649258516,2.8676024931402857,MAINTAIN
Node_2209,London,38.09364860627751,3.3458676790812953,MAINTAIN
Node_2210,London,62.88414207004011,3.9815263673905514,MAINTAIN
Node_2211,London,51.843243592654396,1.5849112876127665,MAINTAIN
Node_2212,New York,26.229779982162743,3.7527264723187868,SHUTDOWN
Node_2213,London,62.23594307088808,2.452688949297057,MAINTAIN
Node_2214,Cape Town,58.9254535183118,4.806652081158796,MAINTAIN
Node_2215,New York,24.566081238928685,3.0002217970194454,SHUTDOWN
Node_2216,London,32.24273170908786,1.2585951101762078,MAINTAIN
Node_2217,Cape Town,12.057732979467678,3.7535330440928707,SHUTDOWN
Node_2218,Cape Town,45.887125095090404,0.5300803819209756,MAINTAIN
Node_2219,New York,80.66544713395331,0.6131517369174148,MAINTAIN
Node_2220,London,83.5501005401134,1.4309668449530377,MAINTAIN
Node_2221,Cape Town,56.665602120166035,1.3073954074200878,MAINTAIN
Node_2222,New York,58.727317245221116,3.569021351951255,MAINTAIN
Node_2223,New York,37.9996422568545,4.509101796219206,MAINTAIN
Node_2224,London,62.46013577087673,3.3945548236726197,MAINTAIN
Node_2225,New York,57.710620040619794,1.062933105558767,MAINTAIN
Node_2226,London,50.89284073493636,3.7259517613548674,MAINTAIN
Node_2227,New York,42.79646692619473,0.648218375317779,MAINTAIN
Node_2228,Cape Town,49.153386655743944,4.950642695095973,MAINTAIN
Node_2229,Cape Town,93.83263082269552,0.8471502135563796,MAINTAIN
Node_2230,London,71.11006284944605,0.705149279669959,MAINTAIN
Node_2231,New York,67.91587294380304,1.3471699377923414,MAINTAIN
Node_2232,New York,16.785473651950724,3.762780545435485,SHUTDOWN
Node_2233,London,87.00880182538783,2.1395517487097653,MAINTAIN
Node_2234,London,33.19438392323158,2.2412288482330522,MAINTAIN
Node_2235,London,37.42457796789992,4.340166523338201,MAINTAIN
Node_2236,London,94.83360859067173,1.7166002094485975,MAINTAIN
Node_2237,New York,52.44605672464404,3.702464534253669,MAINTAIN
Node_2238,London,96.58693267080027,2.3609874035088936,MAINTAIN
Node_2239,London,20.660979931400654,1.7581672850362429,SHUTDOWN
Node_2240,Cape Town,25.78672088295201,2.018532750477242,SHUTDOWN
Node_2241,Cape Town,42.8274407259038,3.1277873260276534,MAINTAIN
Node_2242,New York,25.42560253771145,1.660520850901659,SHUTDOWN
Node_2243,Cape Town,48.03004989576295,1.9505180358698087,MAINTAIN
Node_2244,New York,50.18772592981433,4.068200450902445,MAINTAIN
Node_2245,New York,98.34265820162375,2.741947501029233,MAINTAIN
Node_2246,Cape Town,43.672251615471055,2.7139370721973926,MAINTAIN
Node_2247,London,28.062441847957373,0.729445780248078,SHUTDOWN
Node_2248,London,22.433390918780052,2.219252080413003,SHUTDOWN
Node_2249,New York,47.55514149444501,2.0104771651738047,MAINTAIN
Node_2250,London,64.31451927761046,1.8925596477564604,MAINTAIN
Node_2251,New York,58.64908638814605,0.5961070480538802,MAINTAIN
Node_2252,Cape Town,35.899567771442776,2.0853412298649294,MAINTAIN
Node_2253,New York,72.871468345137,1.7343843685594162,MAINTAIN
Node_2254,Cape Town,81.3565414874391,2.4337466987077576,MAINTAIN
Node_2255,New York,67.40162439630863,1.9328776744198621,MAINTAIN
Node_2256,New York,29.943060518739475,4.442721811823812,SHUTDOWN
Node_2257,London,86.11183365436325,2.5266785961269496,MAINTAIN
Node_2258,Cape Town,62.748573266217164,1.7023839061913586,MAINTAIN
Node_2259,Cape Town,16.479988851925313,4.5181941675511395,SHUTDOWN
Node_2260,London,37.761118419149696,0.9948091958568871,MAINTAIN
Node_2261,London,94.92408886631763,4.882137563577423,MAINTAIN
Node_2262,New York,85.90651026879183,3.7483799809407903,MAINTAIN
Node_2263,New York,10.186066308598962,1.258018651808991,SHUTDOWN
Node_2264,New York,52.59578698453184,2.152862256966946,MAINTAIN
Node_2265,Cape Town,95.37051952764513,1.263068030251856,MAINTAIN
Node_2266,London,74.09740245892635,2.3047042970784997,MAINTAIN
Node_2267,London,29.90060993279772,2.494689197948374,SHUTDOWN
Node_2268,London,39.25454507253417,4.492383342216728,MAINTAIN
Node_2269,New York,47.18861826863172,4.61018582077393,MAINTAIN
Node_2270,Cape Town,23.96672160762644,0.5717130955582289,SHUTDOWN
Node_2271,New York,82.73815874254662,3.8103031518848236,MAINTAIN
Node_2272,Cape Town,34.23815552048171,4.235665192539715,MAINTAIN
Node_2273,New York,14.027628951821978,3.3160231873281276,SHUTDOWN
Node_2274,London,59.82273630606468,4.762210101602006,MAINTAIN
Node_2275,Cape Town,69.56008528646541,1.6444522369625287,MAINTAIN
Node_2276,London,13.052513304221858,1.0460755295590973,SHUTDOWN
Node_2277,New York,56.1615692282085,2.3551954398465527,MAINTAIN
Node_2278,New York,13.61520235792364,3.5450114900820937,SHUTDOWN
Node_2279,Cape Town,90.50507711271999,3.573975360444342,MAINTAIN
Node_2280,Cape Town,15.740460156040696,1.0979202124430745,SHUTDOWN
Node_2281,London,13.956160356565555,4.088524299402333,SHUTDOWN
Node_2282,London,91.69571889080386,3.2359159586448216,MAINTAIN
Node_2283,Cape Town,72.31533186752232,2.809839845517193,MAINTAIN
Node_2284,Cape Town,84.55510343666975,4.631173939102418,MAINTAIN
Node_2285,Cape Town,79.69026714654248,2.2662233453373535,MAINTAIN
Node_2286,New York,92.63180273978985,1.1142754226006155,MAINTAIN
Node_2287,London,33.58773855637824,3.590074418220712,MAINTAIN
Node_2288,New York,19.154664439190533,1.1679496822578024,SHUTDOWN
Node_2289,New York,99.3266035574265,3.6336185236115117,MAINTAIN
Node_2290,New York,38.82367529471473,4.411915980474674,MAINTAIN
Node_2291,Cape Town,72.65688833174893,3.935424694165014,MAINTAIN
Node_2292,London,99.28708439975276,0.8074751831194491,MAINTAIN
Node_2293,London,45.655711164145615,2.999843663710843,MAINTAIN
Node_2294,Cape Town,81.07513397463188,3.4370652219148723,MAINTAIN
Node_2295,Cape Town,12.893160949979013,2.579625424040715,SHUTDOWN
Node_2296,Cape Town,21.57560982022233,3.075061750022899,SHUTDOWN
Node_2297,London,63.302184073209354,4.2018521704910805,MAINTAIN
Node_2298,New York,74.33899781111191,1.8675771351916095,MAINTAIN
Node_2299,London,89.03321590432856,1.6564879452128456,MAINTAIN
Node_2300,New York,50.79825388438323,1.848542588259379,MAINTAIN
Node_2301,New York,62.34335134987966,2.6660425999455315,MAINTAIN
Node_2302,New York,13.663695312135854,0.696156359760334,SHUTDOWN
Node_2303,London,38.64319848757761,1.7624013003415333,MAINTAIN
Node_2304,Cape Town,20.90016476156181,1.1677763185947931,SHUTDOWN
Node_2305,Cape Town,83.08828515983706,2.9516679603665557,MAINTAIN
Node_2306,London,66.90422707779251,1.355111926046845,MAINTAIN
Node_2307,London,93.54164036019091,2.8050366369303585,MAINTAIN
Node_2308,New York,87.72176164925624,3.6675038960068242,MAINTAIN
Node_2309,London,33.57081100489937,3.428510934597976,MAINTAIN
Node_2310,London,63.002194942516425,3.0056481740642074,MAINTAIN
Node_2311,New York,11.328073483133345,1.6702561458380976,SHUTDOWN
Node_2312,London,73.42653138483354,0.9735670223703011,MAINTAIN
Node_2313,New York,42.228922964179205,0.9270274965998596,MAINTAIN
Node_2314,Cape Town,48.808276380289115,1.872920611822841,MAINTAIN
Node_2315,Cape Town,48.29880191835993,3.26214044211836,MAINTAIN
Node_2316,London,94.90958644293167,2.871699166437584,MAINTAIN
Node_2317,Cape Town,84.37329301807074,3.182695934005901,MAINTAIN
Node_2318,New York,65.83771866108627,2.260931959745383,MAINTAIN
Node_2319,London,15.763139044026667,1.501881468616857,SHUTDOWN
Node_2320,London,48.134204481013434,2.339039376623929,MAINTAIN
Node_2321,Cape Town,52.91451369865174,1.97194282880916,MAINTAIN
Node_2322,Cape Town,80.43642395239927,1.768111142309767,MAINTAIN
Node_2323,Cape Town,73.11048149108245,2.8564433024402476,MAINTAIN
Node_2324,New York,27.98624764957724,3.5825629868314177,SHUTDOWN
Node_2325,London,78.41893775129196,3.8849065138967473,MAINTAIN
Node_2326,New York,48.45215369958022,1.7320568250759232,MAINTAIN
Node_2327,New York,77.19801109099046,2.3051707767441743,MAINTAIN
Node_2328,Cape Town,45.81848079135757,3.2645840493433593,MAINTAIN
Node_2329,New York,66.18446148941175,0.5712562050739602,MAINTAIN
Node_2330,New York,60.676344751992715,2.971980204947349,MAINTAIN
Node_2331,London,21.56133603928296,0.5970857805775156,SHUTDOWN
Node_2332,New York,77.45054021013136,1.677948847900319,MAINTAIN
Node_2333,New York,99.96840565245368,4.497801681863465,MAINTAIN
Node_2334,New York,51.90324303373399,3.974800854686581,MAINTAIN
Node_2335,Cape Town,27.63484921317108,4.233701697147801,SHUTDOWN
Node_2336,New York,27.958021386885193,3.6167875566630587,SHUTDOWN
Node_2337,London,88.57580218977908,1.3753488266143394,MAINTAIN
Node_2338,London,86.4549121608901,2.2209391410853936,MAINTAIN
Node_2339,New York,66.556893459563,1.3120090119056287,MAINTAIN
Node_2340,New York,46.11314860420964,2.405147094105385,MAINTAIN
Node_2341,Cape Town,37.65556063779331,1.1826463242292216,MAINTAIN
Node_2342,New York,96.97349074126642,4.346286522247929,MAINTAIN
Node_2343,New York,24.730563942027633,3.7765229786779013,SHUTDOWN
Node_2344,London,30.17572214042877,3.3565247134488025,MAINTAIN
Node_2345,New York,45.027831781457486,4.279870976062781,MAINTAIN
Node_2346,London,69.07561126409487,4.169468562043251,MAINTAIN
Node_2347,London,89.27191957013052,4.179684779058105,MAINTAIN
Node_2348,Cape Town,13.540002400307653,1.9089790250137246,SHUTDOWN
Node_2349,London,28.40452867018867,4.621187404679991,SHUTDOWN
Node_2350,New York,55.04019536440341,1.6636326384392728,MAINTAIN
Node_2351,New York,25.51238283439723,4.157076275300272,SHUTDOWN
Node_2352,Cape Town,18.261749611775645,4.8499633694165105,SHUTDOWN
Node_2353,London,93.28380554593346,3.358621297589177,MAINTAIN
Node_2354,London,45.4466512786118,3.61875006528665,MAINTAIN
Node_2355,London,31.02213562837456,2.5160918890779764,MAINTAIN
Node_2356,London,62.29001890241528,4.922326153447323,MAINTAIN
Node_2357,Cape Town,55.0594888496495,1.5889411823717061,MAINTAIN
Node_2358,London,19.627447664116865,0.9398790619638508,SHUTDOWN
Node_2359,London,69.4429780018225,4.500929870027869,MAINTAIN
Node_2360,Cape Town,56.37917331781191,1.373956577870176,MAINTAIN
Node_2361,London,37.09455579336464,4.857922868200804,MAINTAIN
Node_2362,London,13.537507384227853,3.4771108952097287,SHUTDOWN
Node_2363,Cape Town,58.60500417303284,1.4119354417799133,MAINTAIN
Node_2364,London,35.18279241042964,4.392540137839385,MAINTAIN
Node_2365,Cape Town,84.06794682793452,4.32929391304828,MAINTAIN
Node_2366,Cape Town,89.24756565255221,2.4669085949592007,MAINTAIN
Node_2367,London,64.45845919708543,2.9599864494026926,MAINTAIN
Node_2368,London,12.419830873180038,1.6896348868244853,SHUTDOWN
Node_2369,London,72.62028686985738,3.533126269354965,MAINTAIN
Node_2370,London,52.79184473431913,1.2649058768153438,MAINTAIN
Node_2371,Cape Town,64.69242033730902,1.9989259453314503,MAINTAIN
Node_2372,London,54.843833008681536,1.5162466272355677,MAINTAIN
Node_2373,Cape Town,14.83182144799434,1.6953494351765297,SHUTDOWN
Node_2374,Cape Town,77.17999133221667,1.480496688139136,MAINTAIN
Node_2375,London,33.813881251697744,1.275691199773909,MAINTAIN
Node_2376,Cape Town,96.79912691840224,3.214744585036808,MAINTAIN
Node_2377,London,59.985233483029994,3.7124837495460454,MAINTAIN
Node_2378,London,46.46537860723902,2.7454151677785954,MAINTAIN
Node_2379,New York,60.62936728695935,1.4428257434445424,MAINTAIN
Node_2380,London,81.18069363866263,4.183166744857595,MAINTAIN
Node_2381,London,49.820889978137345,1.3109770961530347,MAINTAIN
Node_2382,Cape Town,59.674377406673635,2.090137841760968,MAINTAIN
Node_2383,Cape Town,58.69320163548509,3.231208790570833,MAINTAIN
Node_2384,London,96.47127106132224,2.249037863722357,MAINTAIN
Node_2385,London,59.65917372403108,0.6805524593090152,MAINTAIN
Node_2386,Cape Town,18.95995358967985,2.546897408886442,SHUTDOWN
Node_2387,London,53.19761094388559,1.9053058708445538,MAINTAIN
Node_2388,Cape Town,10.199680115822934,4.265980801347721,SHUTDOWN
Node_2389,New York,54.54892621348348,1.8787454832913302,MAINTAIN
Node_2390,New York,40.34588010435676,1.9387541101064518,MAINTAIN
Node_2391,New York,17.537450529670068,2.725081627507805,SHUTDOWN
Node_2392,New York,91.73541165536562,0.9274660365025824,MAINTAIN
Node_2393,Cape Town,87.30631053849395,3.602656645398851,MAINTAIN
Node_2394,Cape Town,12.07110791147935,3.273414460892835,SHUTDOWN
Node_2395,New York,30.216668319085777,3.0153056705798744,MAINTAIN
Node_2396,London,21.834749362628248,3.806757977542544,SHUTDOWN
Node_2397,New York,54.481672608086136,1.0776335972512272,MAINTAIN
Node_2398,New York,51.552749941812245,4.828799675424619,MAINTAIN
Node_2399,London,68.55190074369978,0.7581742156777256,MAINTAIN
Node_2400,London,67.41720816278429,3.9263977961573135,MAINTAIN
Node_2401,Cape Town,84.31768230569106,4.9705891796901565,MAINTAIN
Node_2402,New York,36.86088430931241,1.0676764803022767,MAINTAIN
Node_2403,London,42.34984768752419,0.6841241894044341,MAINTAIN
Node_2404,Cape Town,35.587192741232194,4.204683262403042,MAINTAIN
Node_2405,London,89.60753872538194,0.535335139672756,MAINTAIN
Node_2406,London,80.50937967915795,2.8242236788367907,MAINTAIN
Node_2407,Cape Town,28.761672893841723,0.5709581148197913,SHUTDOWN
Node_2408,Cape Town,50.384405377003134,2.2670291664977062,MAINTAIN
Node_2409,London,58.341198400879,1.7648305996708773,MAINTAIN
Node_2410,Cape Town,68.58726821357718,2.1127795423877695,MAINTAIN
Node_2411,New York,97.00439013920935,2.56352288131941,MAINTAIN
Node_2412,Cape Town,23.65635575255672,3.605235031210816,SHUTDOWN
Node_2413,Cape Town,20.943390232622004,4.676243654739581,SHUTDOWN
Node_2414,London,72.49556340824827,4.612638119855243,MAINTAIN
Node_2415,Cape Town,11.570354255133422,1.8371031610353996,SHUTDOWN
Node_2416,Cape Town,19.66877319235434,2.7251193417178445,SHUTDOWN
Node_2417,New York,78.846777476151,4.804587074165872,MAINTAIN
Node_2418,New York,64.70936751115929,2.9734899657589287,MAINTAIN
Node_2419,New York,18.68805627327751,4.54536584627793,SHUTDOWN
Node_2420,London,13.057208609720501,2.856541240225824,SHUTDOWN
Node_2421,Cape Town,80.15784432081159,3.1488294593017296,MAINTAIN
Node_2422,New York,94.2525176390111,4.495406827090242,MAINTAIN
Node_2423,London,18.265777728105014,3.29993519793346,SHUTDOWN
Node_2424,Cape Town,28.80628885521294,1.1077464024888093,SHUTDOWN
Node_2425,New York,62.26117338209061,4.4451182074582585,MAINTAIN
Node_2426,Cape Town,68.60859274021468,3.8088518101915585,MAINTAIN
Node_2427,New York,95.84325148635203,3.979946669338547,MAINTAIN
Node_2428,New York,77.90129711373797,3.9168679665548805,MAINTAIN
Node_2429,Cape Town,63.993313554672476,1.560588263239834,MAINTAIN
Node_2430,Cape Town,80.67790010016488,1.14586964925144,MAINTAIN
Node_2431,London,34.71036777896814,4.657122645086471,MAINTAIN
Node_2432,London,58.54943906599661,0.7019970837165741,MAINTAIN
Node_2433,New York,95.97582545276208,4.430363477172041,MAINTAIN
Node_2434,Cape Town,71.69390681764085,2.5989060285756542,MAINTAIN
Node_2435,New York,20.721516665865483,3.329900975885271,SHUTDOWN
Node_2436,New York,32.31411995009469,3.721010250278948,MAINTAIN
Node_2437,London,59.71982249893487,2.26180696324233,MAINTAIN
Node_2438,Cape Town,98.87504863137583,4.023852871023978,MAINTAIN
Node_2439,Cape Town,38.83764364047197,4.89425927336638,MAINTAIN
Node_2440,New York,88.68935160630559,1.2449966150358132,MAINTAIN
Node_2441,New York,24.560605874685052,3.085854568943412,SHUTDOWN
Node_2442,New York,77.26214486238787,1.9894399674482712,MAINTAIN
Node_2443,New York,11.044690262679499,2.260690324988549,SHUTDOWN
Node_2444,London,17.594316323986295,2.0615826802164117,SHUTDOWN
Node_2445,London,86.12759834627342,2.145068288646491,MAINTAIN
Node_2446,Cape Town,91.91945083526699,1.2615105684212797,MAINTAIN
Node_2447,Cape Town,62.110077578384946,0.7397133834962738,MAINTAIN
Node_2448,Cape Town,53.337112398821745,4.960772036178487,MAINTAIN
Node_2449,Cape Town,65.89244511218787,3.7903210536653362,MAINTAIN
Node_2450,New York,75.97275164194781,4.9398382971094765,MAINTAIN
Node_2451,New York,44.59366175721062,3.171316618585415,MAINTAIN
Node_2452,London,39.41683138235628,4.10811335905919,MAINTAIN
Node_2453,London,36.115275120181366,1.0475719029390276,MAINTAIN
Node_2454,Cape Town,90.794179701172,4.304061463997243,MAINTAIN
Node_2455,New York,93.77369686187525,4.643574706325509,MAINTAIN
Node_2456,New York,76.09900494175203,1.4103404492488623,MAINTAIN
Node_2457,New York,43.74300793775991,3.1711891865907016,MAINTAIN
Node_2458,Cape Town,13.037557598341921,2.8068596640977836,SHUTDOWN
Node_2459,New York,52.35028550920857,1.5771128397683245,MAINTAIN
Node_2460,London,78.54987971566307,4.9719538535752,MAINTAIN
Node_2461,London,91.88994765470058,4.613725344837806,MAINTAIN
Node_2462,Cape Town,77.56214783767722,2.580350744041557,MAINTAIN
Node_2463,Cape Town,75.28696688065169,4.033483967122006,MAINTAIN
Node_2464,New York,61.519821730218524,0.7519483022176296,MAINTAIN
Node_2465,New York,17.196227667949053,2.6392342118651406,SHUTDOWN
Node_2466,London,96.27553499612675,1.0180454905240464,MAINTAIN
Node_2467,London,63.64312364577266,3.923086971611386,MAINTAIN
Node_2468,Cape Town,68.1055025238596,4.7457642517853795,MAINTAIN
Node_2469,Cape Town,44.53139809924811,0.9492644347600387,MAINTAIN
Node_2470,Cape Town,35.45791462240955,2.3779968432119887,MAINTAIN
Node_2471,New York,17.969231761202717,2.7542977558586896,SHUTDOWN
Node_2472,London,92.67970575031342,0.6382408631269323,MAINTAIN
Node_2473,New York,95.83149732758683,0.9720408463836621,MAINTAIN
Node_2474,Cape Town,75.41365894676971,1.5064070396514482,MAINTAIN
Node_2475,New York,32.69520011941013,3.281213827476026,MAINTAIN
Node_2476,New York,71.55522137010982,4.238317435266728,MAINTAIN
Node_2477,New York,21.867099885401085,2.4240886629503913,SHUTDOWN
Node_2478,Cape Town,30.879634990020858,2.0226966027852615,MAINTAIN
Node_2479,Cape Town,37.619966603986974,4.257487675898987,MAINTAIN
Node_2480,London,63.816421547404794,1.0135762980278415,MAINTAIN
Node_2481,Cape Town,52.79580627337293,1.388375385667714,MAINTAIN
Node_2482,Cape Town,99.78507538367164,3.4117495211786117,MAINTAIN
Node_2483,Cape Town,19.283939049562044,2.9534053065606214,SHUTDOWN
Node_2484,Cape Town,75.82265240004725,1.710008618926247,MAINTAIN
Node_2485,Cape Town,82.60388751729913,1.2798657673276317,MAINTAIN
Node_2486,London,57.57774977507325,0.8900683629702661,MAINTAIN
Node_2487,Cape Town,41.44637037611861,1.4594417736577128,MAINTAIN
Node_2488,London,70.09297653957562,3.1013270978261303,MAINTAIN
Node_2489,Cape Town,25.363444343671794,3.5654889683232027,SHUTDOWN
Node_2490,London,77.9306079259739,3.669620933337317,MAINTAIN
Node_2491,New York,37.43500308918895,1.3766202660224691,MAINTAIN
Node_2492,New York,93.19661438619752,2.1675098507544392,MAINTAIN
Node_2493,Cape Town,61.78595172866629,4.71630017507373,MAINTAIN
Node_2494,London,77.57657850520559,4.7592753991425605,MAINTAIN
Node_2495,London,72.61123779787685,3.045639087004316,MAINTAIN
Node_2496,London,55.549780191671935,0.685747031518144,MAINTAIN
Node_2497,London,33.05092521051627,4.0750385688453665,MAINTAIN
Node_2498,Cape Town,99.67354157139472,2.024986032528168,MAINTAIN
Node_2499,Cape Town,45.377933585907705,2.357685301145031,MAINTAIN
Node_2500,New York,39.47746284403377,3.7470913839746034,MAINTAIN
Node_2501,New York,91.42810513406023,3.1814988811437654,MAINTAIN
Node_2502,London,60.28712966737505,0.9168268475776133,MAINTAIN
Node_2503,London,14.377212942181714,4.339194809652152,SHUTDOWN
Node_2504,Cape Town,96.51510844359234,1.0297977665323803,MAINTAIN
Node_2505,London,21.272889063324186,4.031916305185989,SHUTDOWN
Node_2506,Cape Town,89.67291276130315,1.195998151997296,MAINTAIN
Node_2507,Cape Town,52.98600637542251,2.796653470579009,MAINTAIN
Node_2508,New York,21.736391220154868,4.504010163258823,SHUTDOWN
Node_2509,New York,42.14281888414099,3.115698481014259,MAINTAIN
Node_2510,London,74.86653781100303,4.117548543157663,MAINTAIN
Node_2511,Cape Town,35.92963485618699,4.309130539281598,MAINTAIN
Node_2512,Cape Town,70.86646993072407,2.3951776482539966,MAINTAIN
Node_2513,New York,48.79870192134754,1.2038974621031604,MAINTAIN
Node_2514,New York,76.06282026711001,2.6906357484971264,MAINTAIN
Node_2515,New York,78.59688301811946,0.9475759295139483,MAINTAIN
Node_2516,Cape Town,34.37377729708548,2.338092419801674,MAINTAIN
Node_2517,London,34.22085951817911,4.00726701558223,MAINTAIN
Node_2518,Cape Town,19.3745205924228,3.9915580203703067,SHUTDOWN
Node_2519,London,73.83166977746393,2.5546973296691693,MAINTAIN
Node_2520,Cape Town,88.06153576634868,0.5318238208289983,MAINTAIN
Node_2521,Cape Town,32.56379835079431,2.49382608889605,MAINTAIN
Node_2522,New York,69.99609387909541,2.589620590415863,MAINTAIN
Node_2523,New York,34.298754230372225,3.064566974016795,MAINTAIN
Node_2524,Cape Town,77.75664273515387,0.6912948365530323,MAINTAIN
Node_2525,London,25.275605902274922,4.199444862118869,SHUTDOWN
Node_2526,London,18.085301036449557,3.8895215595249177,SHUTDOWN
Node_2527,New York,22.831322316072228,1.4410510119200681,SHUTDOWN
Node_2528,London,16.997450126254193,3.6564419718174124,SHUTDOWN
Node_2529,New York,85.1458333101902,1.1000493855938172,MAINTAIN
Node_2530,New York,72.19290170236214,0.7403025755982852,MAINTAIN
Node_2531,New York,88.66355407786521,1.3358050475981345,MAINTAIN
Node_2532,London,98.499795097283,2.1492966264379847,MAINTAIN
Node_2533,New York,17.153513426491102,4.823650846981936,SHUTDOWN
Node_2534,London,14.14838737109091,1.8161180373605172,SHUTDOWN
Node_2535,Cape Town,12.239967183552137,3.5001323461695844,SHUTDOWN
Node_2536,London,92.74473857528795,3.6174463288886956,MAINTAIN
Node_2537,New York,59.798199636940154,0.6632001680925135,MAINTAIN
Node_2538,New York,38.7154411258859,4.27233552174104,MAINTAIN
Node_2539,London,55.75468192498752,3.6300978126457712,MAINTAIN
Node_2540,London,25.445740475944916,2.0337467718728766,SHUTDOWN
Node_2541,London,42.31889753239458,3.227127714804356,MAINTAIN
Node_2542,London,73.62439185685233,4.548129203812385,MAINTAIN
Node_2543,New York,51.9691170303634,2.197249100703514,MAINTAIN
Node_2544,London,30.01529335357649,1.1122397492080105,MAINTAIN
Node_2545,London,61.81220107375657,0.5546183352214741,MAINTAIN
Node_2546,Cape Town,26.780231008313965,2.8655648891796863,SHUTDOWN
Node_2547,New York,67.64106247680135,3.0555963965225286,MAINTAIN
Node_2548,New York,49.907307159835895,2.420314910595865,MAINTAIN
Node_2549,London,33.78277827013919,2.5548098125270116,MAINTAIN
Node_2550,New York,16.63773102343627,1.2817452959663334,SHUTDOWN
Node_2551,Cape Town,91.96516103279187,2.504129392133896,MAINTAIN
Node_2552,Cape Town,54.05660539715391,1.530697168157103,MAINTAIN
Node_2553,Cape Town,13.70361369569604,2.41388571134495,SHUTDOWN
Node_2554,London,45.960878734951706,3.0368869979220317,MAINTAIN
Node_2555,New York,89.24208463841875,4.059224646025499,MAINTAIN
Node_2556,Cape Town,21.21162374878222,4.268465969778124,SHUTDOWN
Node_2557,New York,54.84330039279188,4.809908904268181,MAINTAIN
Node_2558,Cape Town,43.2279806828482,4.444756668171,MAINTAIN
Node_2559,London,35.69558347979884,3.816726899595313,MAINTAIN
Node_2560,Cape Town,27.238103673787656,3.542694156169018,SHUTDOWN
Node_2561,Cape Town,15.621865633620837,4.272655090534231,SHUTDOWN
Node_2562,New York,48.98791098719848,3.284904014781323,MAINTAIN
Node_2563,Cape Town,66.96949125980836,3.3468835047172796,MAINTAIN
Node_2564,London,27.649445821293686,1.209873277320154,SHUTDOWN
Node_2565,Cape Town,79.73059080607784,2.7356093357622773,MAINTAIN
Node_2566,New York,17.960717673489924,2.8744108937684874,SHUTDOWN
Node_2567,Cape Town,46.250590957113225,2.1673370643324232,MAINTAIN
Node_2568,Cape Town,51.4040654688459,0.6720298536447364,MAINTAIN
Node_2569,Cape Town,22.07578993865029,1.1754267666109504,SHUTDOWN
Node_2570,New York,46.73711866523254,4.663395845779921,MAINTAIN
Node_2571,London,25.430344809985,4.0503149254956,SHUTDOWN
Node_2572,New York,42.719441922725146,0.91308739744112,MAINTAIN
Node_2573,London,78.93626271462216,0.7246241027910192,MAINTAIN
Node_2574,London,73.99915756646287,0.830384348719539,MAINTAIN
Node_2575,New York,53.33828208996376,4.245202924067476,MAINTAIN
Node_2576,Cape Town,45.62274105983953,3.9122129110445294,MAINTAIN
Node_2577,New York,33.779619692958974,3.6832263470140254,MAINTAIN
Node_2578,London,26.44587544535463,2.706012358098463,SHUTDOWN
Node_2579,London,29.961420449593156,3.6172743415589195,SHUTDOWN
Node_2580,London,68.33786298689854,3.5297702652515466,MAINTAIN
Node_2581,Cape Town,77.4030261929123,4.493982873057014,MAINTAIN
Node_2582,London,86.64767163029786,3.530621745596956,MAINTAIN
Node_2583,New York,70.76161529819706,3.9161473660959314,MAINTAIN
Node_2584,Cape Town,60.49859653793769,0.5924741978583612,MAINTAIN
Node_2585,London,86.36863842657604,2.0660773353815545,MAINTAIN
Node_2586,London,71.9830491247331,2.1873750253482735,MAINTAIN
Node_2587,New York,40.254780475115616,1.4978965765187566,MAINTAIN
Node_2588,Cape Town,54.02435697415129,0.7782029964622253,MAINTAIN
Node_2589,London,77.05795620104107,3.356386325024184,MAINTAIN
Node_2590,Cape Town,95.9276771111604,2.177183854114073,MAINTAIN
Node_2591,New York,12.308194268062888,1.2375144646605283,SHUTDOWN
Node_2592,Cape Town,29.238428057764526,1.5406671622593426,SHUTDOWN
Node_2593,London,86.86517329830038,0.5645260934601399,MAINTAIN
Node_2594,London,45.31432983834267,1.0811861135614755,MAINTAIN
Node_2595,New York,20.30652863297904,3.654409266831505,SHUTDOWN
Node_2596,London,72.61932894857088,3.2968148837293123,MAINTAIN
Node_2597,London,12.705474919955886,4.606782275917925,SHUTDOWN
Node_2598,New York,25.29591326979572,2.8182618738837393,SHUTDOWN
Node_2599,London,74.25850751680873,0.7979563704480925,MAINTAIN
Node_2600,London,87.06505770223573,2.772978518466346,MAINTAIN
Node_2601,London,39.54182504282922,4.330140288996466,MAINTAIN
Node_2602,Cape Town,79.27382383457498,2.937207623149779,MAINTAIN
Node_2603,New York,86.29819509625793,4.091375521940269,MAINTAIN
Node_2604,New York,74.70088087643408,2.115565455143717,MAINTAIN
Node_2605,New York,79.31626258214796,2.3598309350470568,MAINTAIN
Node_2606,New York,34.60805815620953,1.114911779193103,MAINTAIN
Node_2607,London,74.5764984401609,1.0240081313077556,MAINTAIN
Node_2608,New York,32.190021784750954,3.383745815256296,MAINTAIN
Node_2609,London,34.237033815068195,0.5787209278685237,MAINTAIN
Node_2610,London,44.14457236243954,1.491328795338109,MAINTAIN
Node_2611,Cape Town,22.318844013183206,3.9872987417672583,SHUTDOWN
Node_2612,London,38.650946156040845,2.481317335898603,MAINTAIN
Node_2613,New York,88.2269805135883,1.4327506345881105,MAINTAIN
Node_2614,Cape Town,59.924357815150884,2.362681903685764,MAINTAIN
Node_2615,New York,55.91530070301306,4.921204833080356,MAINTAIN
Node_2616,Cape Town,88.05325722732611,2.9795796050941172,MAINTAIN
Node_2617,Cape Town,41.94640959438916,1.458526101350286,MAINTAIN
Node_2618,Cape Town,24.83307574482912,4.903742930152411,SHUTDOWN
Node_2619,Cape Town,46.46659428873565,2.2171917219302744,MAINTAIN
Node_2620,London,34.10997383555551,4.370582181442533,MAINTAIN
Node_2621,London,69.27387160714214,3.0824752716354866,MAINTAIN
Node_2622,Cape Town,69.92072319564599,4.297306927549419,MAINTAIN
Node_2623,New York,95.32099114946774,0.778056337906746,MAINTAIN
Node_2624,New York,74.35692347921412,2.0235956893860396,MAINTAIN
Node_2625,London,27.31774113981125,3.166535739337816,SHUTDOWN
Node_2626,Cape Town,21.4182906862059,0.8577237940590767,SHUTDOWN
Node_2627,New York,97.83091344271186,1.1356172131636746,MAINTAIN
Node_2628,London,75.26655659889553,3.574568720191335,MAINTAIN
Node_2629,London,62.017393919439556,4.535542413237165,MAINTAIN
Node_2630,Cape Town,83.32962054353017,4.22481306959488,MAINTAIN
Node_2631,New York,87.11067216911499,1.4724523339161597,MAINTAIN
Node_2632,London,42.09485669515678,0.7481169862354813,MAINTAIN
Node_2633,New York,73.58583610111418,3.929439906728543,MAINTAIN
Node_2634,Cape Town,34.60938719754653,3.592498788458434,MAINTAIN
Node_2635,New York,93.33954773325782,3.8611966654586327,MAINTAIN
Node_2636,Cape Town,82.91301261166302,2.057972746138958,MAINTAIN
Node_2637,London,94.82975651938217,1.2169102897691906,MAINTAIN
Node_2638,London,45.64503658627444,3.6206187668642786,MAINTAIN
Node_2639,New York,38.03959916887323,2.4650858169720182,MAINTAIN
Node_2640,London,71.29405450466413,2.656774508873047,MAINTAIN
Node_2641,London,76.5845430287999,1.161159226639756,MAINTAIN
Node_2642,London,94.8801632380561,1.1627087477620897,MAINTAIN
Node_2643,New York,14.285267156453644,4.964008795220502,SHUTDOWN
Node_2644,Cape Town,85.46172764715776,2.11025357691621,MAINTAIN
Node_2645,New York,86.2869827284503,2.0803971164089075,MAINTAIN
Node_2646,Cape Town,57.759504273778994,4.811879342878032,MAINTAIN
Node_2647,London,38.14848408878592,2.1375475024813197,MAINTAIN
Node_2648,London,31.576134033246973,4.502877965118777,MAINTAIN
Node_2649,Cape Town,35.235278137528695,4.439517902203672,MAINTAIN
Node_2650,London,43.573718178179725,3.6769995400471793,MAINTAIN
Node_2651,New York,79.85971220030942,2.6147748986292707,MAINTAIN
Node_2652,New York,36.90375711266665,4.474545717538891,MAINTAIN
Node_2653,Cape Town,20.822736836018354,4.001823552010654,SHUTDOWN
Node_2654,Cape Town,61.29012142769367,2.282376697205392,MAINTAIN
Node_2655,Cape Town,40.825151422707584,0.9042746418608063,MAINTAIN
Node_2656,Cape Town,10.085001134893206,4.62056809542879,SHUTDOWN
Node_2657,London,96.21438490995692,0.7983583729588534,MAINTAIN
Node_2658,Cape Town,63.89472270180517,2.546902062593226,MAINTAIN
Node_2659,New York,53.11121429911438,2.912857753263975,MAINTAIN
Node_2660,New York,73.43919339586981,3.704983783870275,MAINTAIN
Node_2661,Cape Town,67.75117073275598,2.2521720723182703,MAINTAIN
Node_2662,Cape Town,68.28371755031911,0.9798591961184648,MAINTAIN
Node_2663,London,75.06963624856016,2.001846668756449,MAINTAIN
Node_2664,Cape Town,74.41917623083775,3.1093180688893245,MAINTAIN
Node_2665,Cape Town,26.580164078134345,1.8564947240295273,SHUTDOWN
Node_2666,Cape Town,67.45353790434041,0.9603330562217882,MAINTAIN
Node_2667,London,89.4882194217569,0.9701254238596173,MAINTAIN
Node_2668,Cape Town,99.0128466254247,1.7681423078146854,MAINTAIN
Node_2669,Cape Town,23.973361621747458,1.0386949639364342,SHUTDOWN
Node_2670,New York,22.64844918411066,0.9003651269021493,SHUTDOWN
Node_2671,Cape Town,13.628075844007242,3.925409089298932,SHUTDOWN
Node_2672,London,72.05650383132794,4.297433903545301,MAINTAIN
Node_2673,London,99.35448476087569,1.8775781080026348,MAINTAIN
Node_2674,Cape Town,81.18883429097846,1.742017654588318,MAINTAIN
Node_2675,London,45.83927833234546,3.443184185138225,MAINTAIN
Node_2676,New York,17.020406241803002,0.7385158680623363,SHUTDOWN
Node_2677,Cape Town,85.74104519041163,3.5077404443302895,MAINTAIN
Node_2678,Cape Town,54.27036557751182,2.272898901302665,MAINTAIN
Node_2679,London,55.75192421469553,4.8478162085088305,MAINTAIN
Node_2680,Cape Town,48.18733705163679,2.183839134064402,MAINTAIN
Node_2681,New York,71.79799445041668,0.9166173486401199,MAINTAIN
Node_2682,Cape Town,76.35138752766703,4.741986987087351,MAINTAIN
Node_2683,London,95.88882465759923,0.999571113777763,MAINTAIN
Node_2684,New York,87.4462093806737,4.705661122071271,MAINTAIN
Node_2685,Cape Town,75.79100481543634,0.9804698612036493,MAINTAIN
Node_2686,New York,84.81515851563378,0.9830519845945593,MAINTAIN
Node_2687,Cape Town,49.98936277775616,4.750151356394059,MAINTAIN
Node_2688,New York,96.9493992476998,2.899142938182269,MAINTAIN
Node_2689,London,99.47493048011044,3.0328562785574826,MAINTAIN
Node_2690,London,97.60970464291813,4.08649248223376,MAINTAIN
Node_2691,London,16.08160630880523,4.495307958880712,SHUTDOWN
Node_2692,New York,99.52142574316997,4.478052238395453,MAINTAIN
Node_2693,London,22.230100865391623,4.1314163635241,SHUTDOWN
Node_2694,New York,91.3941124928874,4.9455783771215565,MAINTAIN
Node_2695,New York,79.69439721633196,0.7718830623391424,MAINTAIN
Node_2696,London,78.54994454025973,2.986683452236864,MAINTAIN
Node_2697,New York,43.01866371709881,3.1730136523731316,MAINTAIN
Node_2698,London,71.23410806616886,3.3352252663535387,MAINTAIN
Node_2699,New York,85.08643371114802,1.2229201281487154,MAINTAIN
Node_2700,New York,61.034693091962986,4.847469275279344,MAINTAIN
Node_2701,Cape Town,85.96598859818143,4.707131889163336,MAINTAIN
Node_2702,London,66.51460219498492,2.2641249497431972,MAINTAIN
Node_2703,Cape Town,81.58356608793197,3.7151473840981035,MAINTAIN
Node_2704,London,98.1118241025291,4.858828885455305,MAINTAIN
Node_2705,New York,15.997708054556696,1.9286989575862528,SHUTDOWN
Node_2706,New York,72.30074093619257,2.2266499576119054,MAINTAIN
Node_2707,London,59.88750295859152,1.5124665221887263,MAINTAIN
Node_2708,London,16.72031136327858,2.4637982757825254,SHUTDOWN
Node_2709,New York,37.5938999291474,4.14406760455935,MAINTAIN
Node_2710,New York,22.561452214109863,0.7078684457870845,SHUTDOWN
Node_2711,Cape Town,16.956371128303385,3.064257187226459,SHUTDOWN
Node_2712,New York,55.71936342220034,4.133166259513804,MAINTAIN
Node_2713,New York,94.01912479793003,3.011486845081388,MAINTAIN
Node_2714,Cape Town,38.1175999082953,4.425396642735601,MAINTAIN
Node_2715,London,92.8789169487037,2.272988454286006,MAINTAIN
Node_2716,Cape Town,71.33774187204746,4.852452938747808,MAINTAIN
Node_2717,New York,96.66121177332289,0.8671805025251829,MAINTAIN
Node_2718,New York,38.706692082844256,1.0778981077050926,MAINTAIN
Node_2719,Cape Town,24.901696915893304,1.4265121920823733,SHUTDOWN
Node_2720,Cape Town,69.44729757420231,3.484167243864213,MAINTAIN
Node_2721,New York,58.56571039127654,3.0819536671832934,MAINTAIN
Node_2722,Cape Town,52.73897832289209,0.9092888293761356,MAINTAIN
Node_2723,New York,37.452817230496294,1.805860537880461,MAINTAIN
Node_2724,London,67.28903621951905,3.704936203068741,MAINTAIN
Node_2725,London,67.12433421289873,2.428517623623609,MAINTAIN
Node_2726,Cape Town,49.64506851175537,2.748871496457568,MAINTAIN
Node_2727,New York,31.76097068604571,2.045016452443524,MAINTAIN
Node_2728,London,28.15344734002694,0.7099835395050182,SHUTDOWN
Node_2729,Cape Town,84.65691242257077,4.271339344917195,MAINTAIN
Node_2730,New York,31.18497104146615,2.2970771064816615,MAINTAIN
Node_2731,New York,46.09317461098267,1.8198864259370962,MAINTAIN
Node_2732,Cape Town,53.25541753856298,4.074712564686388,MAINTAIN
Node_2733,New York,76.61705659648185,2.5001734632769956,MAINTAIN
Node_2734,London,42.16563869206746,0.8055027565510054,MAINTAIN
Node_2735,New York,69.80894329800714,1.9346572796877168,MAINTAIN
Node_2736,London,35.513335811650876,2.817098571201173,MAINTAIN
Node_2737,London,39.857343790604546,3.832046831462745,MAINTAIN
Node_2738,Cape Town,87.19796881032046,3.4866321131242355,MAINTAIN
Node_2739,New York,81.60196063473062,4.7321082248285435,MAINTAIN
Node_2740,New York,49.270907387671585,0.5553611664793621,MAINTAIN
Node_2741,New York,97.99124986427742,1.6788830639898775,MAINTAIN
Node_2742,London,32.08047660887789,1.056928880964143,MAINTAIN
Node_2743,London,58.14121018079611,4.917955602096341,MAINTAIN
Node_2744,Cape Town,39.11680233094751,4.550524157047609,MAINTAIN
Node_2745,Cape Town,15.721955223705834,2.141241056879053,SHUTDOWN
Node_2746,New York,21.73709208993745,3.45486921174394,SHUTDOWN
Node_2747,Cape Town,90.26367276041884,1.4098859566279125,MAINTAIN
Node_2748,Cape Town,19.14815939500736,2.781076445348128,SHUTDOWN
Node_2749,London,40.11965215610863,1.797104234949491,MAINTAIN
Node_2750,Cape Town,95.95457777464415,1.804231509082624,MAINTAIN
Node_2751,Cape Town,48.88309764702339,1.8633785987564986,MAINTAIN
Node_2752,New York,68.32107390708794,0.6702280405165476,MAINTAIN
Node_2753,Cape Town,89.2323884792919,0.7795581247558026,MAINTAIN
Node_2754,Cape Town,87.14220862629601,4.590596392599597,MAINTAIN
Node_2755,New York,83.21021474796372,1.9786656393435729,MAINTAIN
Node_2756,London,60.53861465239984,0.7393489040470279,MAINTAIN
Node_2757,Cape Town,52.0572293367485,1.675857886686206,MAINTAIN
Node_2758,London,34.036044645681415,0.6504984871997587,MAINTAIN
Node_2759,London,62.33868403250592,0.6213435042977331,MAINTAIN
Node_2760,London,24.11232481838772,2.8146199137227352,SHUTDOWN
Node_2761,New York,34.4349228514466,4.520660129285689,MAINTAIN
Node_2762,London,30.5699264178522,4.68966223511913,MAINTAIN
Node_2763,London,67.31413573471986,4.648974044295113,MAINTAIN
Node_2764,New York,97.14581401980978,2.283050520993317,MAINTAIN
Node_2765,New York,90.77605626879507,0.9674832237511706,MAINTAIN
Node_2766,Cape Town,23.744849897493115,4.957580250293148,SHUTDOWN
Node_2767,London,32.90842215956731,0.5204663024293286,MAINTAIN
Node_2768,London,80.26362168250753,2.8162821925977126,MAINTAIN
Node_2769,London,17.894434377684547,0.5450191429485154,SHUTDOWN
Node_2770,London,20.487016952607227,0.9833471746404278,SHUTDOWN
Node_2771,Cape Town,99.9597600339411,1.637086087035891,MAINTAIN
Node_2772,New York,74.58677475511807,2.789320699816677,MAINTAIN
Node_2773,New York,87.81373397739223,0.9386310013145867,MAINTAIN
Node_2774,London,14.081129146707875,1.4233512369437222,SHUTDOWN
Node_2775,London,66.34235840174574,2.5597815010571394,MAINTAIN
Node_2776,Cape Town,99.40246918397922,2.4041303318811886,MAINTAIN
Node_2777,London,55.340659682912055,4.648735382014706,MAINTAIN
Node_2778,Cape Town,34.14805684854384,3.3373183203345222,MAINTAIN
Node_2779,London,37.2984311003418,3.7859337023989115,MAINTAIN
Node_2780,London,32.67267979344701,3.8847798084999834,MAINTAIN
Node_2781,London,99.36022055257511,4.101282136659073,MAINTAIN
Node_2782,London,42.94258345468475,3.643466419341812,MAINTAIN
Node_2783,Cape Town,51.73529615748066,3.1394405132205683,MAINTAIN
Node_2784,Cape Town,79.60392458455382,3.0782746631666376,MAINTAIN
Node_2785,Cape Town,31.385929820986405,1.9748366280310516,MAINTAIN
Node_2786,Cape Town,14.165108118858623,2.7166677945289393,SHUTDOWN
Node_2787,Cape Town,85.26079676569326,3.618687192039982,MAINTAIN
Node_2788,London,84.78677129658152,3.1727957231194823,MAINTAIN
Node_2789,New York,51.709220709467346,1.2807817741522458,MAINTAIN
Node_2790,New York,63.7975226316261,3.7807326494104228,MAINTAIN
Node_2791,New York,75.92312987877864,1.0900224238314595,MAINTAIN
Node_2792,London,57.74523288729908,2.7400981157093867,MAINTAIN
Node_2793,New York,85.90125266611741,4.4713227624877,MAINTAIN
Node_2794,London,48.68246972798905,2.0275803168527005,MAINTAIN
Node_2795,London,15.877928274659691,2.176295332715399,SHUTDOWN
Node_2796,New York,45.41241060982047,0.8012563303594208,MAINTAIN
Node_2797,New York,96.55680901654338,1.1986139113261474,MAINTAIN
Node_2798,London,78.17404215399654,4.134219787950605,MAINTAIN
Node_2799,Cape Town,77.14291116832807,0.875852320228012,MAINTAIN
Node_2800,New York,80.98122560491689,3.277339087942054,MAINTAIN
Node_2801,Cape Town,98.3025215856178,2.256703669607454,MAINTAIN
Node_2802,New York,55.30409762456372,2.612640112305481,MAINTAIN
Node_2803,Cape Town,41.451629090549275,1.9230468907624323,MAINTAIN
Node_2804,New York,27.440343356951466,3.022181231245402,SHUTDOWN
Node_2805,Cape Town,64.87064261666214,2.2799089348755714,MAINTAIN
Node_2806,London,61.232299259418845,3.0050244612717325,MAINTAIN
Node_2807,London,51.23691724369199,3.2709803343518185,MAINTAIN
Node_2808,New York,28.70730624217161,4.803726019703257,SHUTDOWN
Node_2809,New York,94.28804894429987,1.8429189279024571,MAINTAIN
Node_2810,London,70.49983744231164,1.2073207282646865,MAINTAIN
Node_2811,London,98.3382930384809,0.5694544788221475,MAINTAIN
Node_2812,Cape Town,73.06705717395633,4.823539126096691,MAINTAIN
Node_2813,New York,77.98878394625757,3.0271498916979573,MAINTAIN
Node_2814,Cape Town,22.447027818767587,4.438417762200716,SHUTDOWN
Node_2815,New York,50.28390281614253,2.691782378707658,MAINTAIN
Node_2816,New York,25.477074362245496,1.5785672626943605,SHUTDOWN
Node_2817,Cape Town,34.4106895318416,2.392493022806853,MAINTAIN
Node_2818,New York,65.22829343542426,3.1366608643187197,MAINTAIN
Node_2819,New York,68.97181480846328,3.6381269447138442,MAINTAIN
Node_2820,London,26.569167104792196,3.8249031838365055,SHUTDOWN
Node_2821,New York,68.75354642358141,4.989448701934182,MAINTAIN
Node_2822,New York,18.627200164715536,3.5944103030160552,SHUTDOWN
Node_2823,London,54.267051591380884,2.815300767569791,MAINTAIN
Node_2824,New York,32.61511846882001,1.6489567967326137,MAINTAIN
Node_2825,London,26.091399379991127,4.020813659264056,SHUTDOWN
Node_2826,New York,10.70664652239562,1.612219792549384,SHUTDOWN
Node_2827,Cape Town,46.80747778403443,3.3109059374804772,MAINTAIN
Node_2828,Cape Town,75.10922461877762,3.026103393769325,MAINTAIN
Node_2829,London,87.22074385817568,1.3797335588073159,MAINTAIN
Node_2830,London,49.061773591335744,4.3725544224626205,MAINTAIN
Node_2831,New York,78.33260399434299,2.88107988657833,MAINTAIN
Node_2832,Cape Town,94.83403562599271,3.6671360290746358,MAINTAIN
Node_2833,Cape Town,55.82361057069668,3.980309314096088,MAINTAIN
Node_2834,New York,60.49717736128432,4.634486143718467,MAINTAIN
Node_2835,London,39.12798238411258,1.7231656006839073,MAINTAIN
Node_2836,London,77.37697449249356,3.401102343203404,MAINTAIN
Node_2837,London,48.324507396363124,2.324417873365434,MAINTAIN
Node_2838,London,70.12280230355809,3.773853531922735,MAINTAIN
Node_2839,New York,57.64219416701281,2.6686604656171142,MAINTAIN
Node_2840,Cape Town,57.056075249645495,2.0793798089740303,MAINTAIN
Node_2841,London,54.89175456640129,3.817777391108266,MAINTAIN
Node_2842,New York,82.4765169891025,3.8736795216193634,MAINTAIN
Node_2843,Cape Town,40.98167119335186,3.545317943265528,MAINTAIN
Node_2844,New York,75.90338017317399,3.949504193278619,MAINTAIN
Node_2845,New York,13.424793629909399,2.121145784672573,SHUTDOWN
Node_2846,London,38.76503114975564,4.214252904984566,MAINTAIN
Node_2847,Cape Town,80.3323249848725,4.8714195377179745,MAINTAIN
Node_2848,New York,92.24547527991025,4.026823479805277,MAINTAIN
Node_2849,London,91.71350386409858,3.9483187846297145,MAINTAIN
Node_2850,New York,64.15797826499895,4.7922028760862,MAINTAIN
Node_2851,New York,83.03867116374515,4.594073949812309,MAINTAIN
Node_2852,London,29.103360684561416,4.339485460931016,SHUTDOWN
Node_2853,Cape Town,90.68573125161856,3.1925008223527116,MAINTAIN
Node_2854,London,43.01311873540624,0.5871815907315137,MAINTAIN
Node_2855,New York,75.97248625611091,2.1626421733609162,MAINTAIN
Node_2856,Cape Town,65.17091501450011,2.8765772232076254,MAINTAIN
Node_2857,London,67.11024250382603,2.0873519561246727,MAINTAIN
Node_2858,London,41.4985177311375,2.8767362126303717,MAINTAIN
Node_2859,London,47.04409847166858,4.602162674636087,MAINTAIN
Node_2860,Cape Town,97.60779528989508,2.242974417009852,MAINTAIN
Node_2861,Cape Town,86.64798190048194,4.9638579612045,MAINTAIN
Node_2862,New York,60.756640483066285,4.547448908485164,MAINTAIN
Node_2863,London,22.45054737261499,2.6276924770025216,SHUTDOWN
Node_2864,London,64.25280381967576,2.046080673404354,MAINTAIN
Node_2865,Cape Town,33.66628575701533,3.4426241067542134,MAINTAIN
Node_2866,London,68.27941570103567,1.0186069799493196,MAINTAIN
Node_2867,Cape Town,95.51490981603374,1.0377253548025565,MAINTAIN
Node_2868,New York,16.679799035465383,3.9810368359301522,SHUTDOWN
Node_2869,New York,25.4168252046815,1.1777891063117865,SHUTDOWN
Node_2870,New York,30.447312658392146,1.1992287512837732,MAINTAIN
Node_2871,New York,14.318780871675802,1.056494085882982,SHUTDOWN
Node_2872,Cape Town,12.235657420090739,3.78547017507295,SHUTDOWN
Node_2873,London,17.77102009720404,1.0426643450442534,SHUTDOWN
Node_2874,London,18.75338457214081,3.4508988103403326,SHUTDOWN
Node_2875,London,49.10865409494915,0.5061876746742097,MAINTAIN
Node_2876,London,99.260862193667,3.065940460083979,MAINTAIN
Node_2877,New York,85.21012265574464,3.549284198801078,MAINTAIN
Node_2878,New York,88.08666991810037,4.864141415897193,MAINTAIN
Node_2879,London,59.249995210206656,2.0149453281041048,MAINTAIN
Node_2880,New York,59.44392919273362,4.410526490201251,MAINTAIN
Node_2881,Cape Town,10.666312200899998,2.8137683294782945,SHUTDOWN
Node_2882,Cape Town,36.8358469228116,0.7901220739721492,MAINTAIN
Node_2883,Cape Town,61.71715352791552,0.9242746379173823,MAINTAIN
Node_2884,New York,48.792278371019684,0.9591782338108696,MAINTAIN
Node_2885,London,23.752297975885043,4.195897963098263,SHUTDOWN
Node_2886,London,45.199408499818944,0.7209403076342322,MAINTAIN
Node_2887,New York,82.62551614645827,4.325939620698043,MAINTAIN
Node_2888,New York,55.13174289529868,0.9637237369304958,MAINTAIN
Node_2889,Cape Town,33.71786360435766,4.807704337553073,MAINTAIN
Node_2890,Cape Town,82.0845085168789,4.608264312325238,MAINTAIN
Node_2891,London,11.39972756560008,4.995448549680631,SHUTDOWN
Node_2892,London,49.43666354976725,3.5452681657516836,MAINTAIN
Node_2893,New York,67.3443776882311,4.641210538737137,MAINTAIN
Node_2894,London,59.492471606206486,3.7245820117218433,MAINTAIN
Node_2895,New York,40.21137063322238,2.075635925158971,MAINTAIN
Node_2896,New York,80.75858858811247,4.519294271260055,MAINTAIN
Node_2897,London,44.71470847087347,2.9048876010234927,MAINTAIN
Node_2898,London,10.154358474066541,2.2002043007623415,SHUTDOWN
Node_2899,London,17.135831672562198,1.0680221511534147,SHUTDOWN
Node_2900,London,94.24325900494993,4.934393749051853,MAINTAIN
Node_2901,Cape Town,27.062667671024265,4.566196542174339,SHUTDOWN
Node_2902,Cape Town,37.1503824664961,2.1746949274878737,MAINTAIN
Node_2903,New York,14.855060871947744,4.315550545640656,SHUTDOWN
Node_2904,New York,24.015339107117484,0.5556116509671811,SHUTDOWN
Node_2905,New York,25.587059233078236,2.6066332693680323,SHUTDOWN
Node_2906,London,28.62909074770506,2.614373544807599,SHUTDOWN
Node_2907,New York,46.2705648872569,0.7953316597703445,MAINTAIN
Node_2908,London,66.67744115855196,4.678447035543677,MAINTAIN
Node_2909,London,98.15698965093685,4.480290401694939,MAINTAIN
Node_2910,London,90.33321511212269,1.9417382342927538,MAINTAIN
Node_2911,Cape Town,86.30672166494404,3.4961284152095047,MAINTAIN
Node_2912,London,39.0225366500967,4.726633069717835,MAINTAIN
Node_2913,London,34.70888299699817,4.000638968295969,MAINTAIN
Node_2914,Cape Town,19.30233667950938,2.515891735541925,SHUTDOWN
Node_2915,London,64.52342825694306,2.8269368130106405,MAINTAIN
Node_2916,London,15.388709545983893,4.13448855486272,SHUTDOWN
Node_2917,Cape Town,50.35218423237243,2.5177196650201403,MAINTAIN
Node_2918,New York,32.32398370452011,2.257327676033659,MAINTAIN
Node_2919,Cape Town,26.654121529500163,4.45320872565238,SHUTDOWN
Node_2920,New York,22.581671597782204,3.6179768128563814,SHUTDOWN
Node_2921,New York,95.723873814262,2.6894329497746865,MAINTAIN
Node_2922,New York,35.436823953703374,4.1553070148925535,MAINTAIN
Node_2923,London,24.446863288560913,2.62605611414761,SHUTDOWN
Node_2924,London,51.960438189455566,3.5460858481411606,MAINTAIN
Node_2925,Cape Town,19.849633276934757,2.875300756697407,SHUTDOWN
Node_2926,Cape Town,89.04190090726891,1.3586860077614802,MAINTAIN
Node_2927,Cape Town,58.02445825205746,1.4904327686541252,MAINTAIN
Node_2928,New York,51.97954070542175,1.661097635159872,MAINTAIN
Node_2929,New York,88.06606412984524,4.95279952141803,MAINTAIN
Node_2930,London,90.89033977757269,2.1924212437611565,MAINTAIN
Node_2931,Cape Town,56.8767558498028,2.0430966885215716,MAINTAIN
Node_2932,New York,32.130299524312775,2.2987243933182664,MAINTAIN
Node_2933,Cape Town,66.20617313704325,0.5519378757661407,MAINTAIN
Node_2934,New York,60.92181164640352,2.136948311475869,MAINTAIN
Node_2935,Cape Town,24.62892259368298,2.5966744045295966,SHUTDOWN
Node_2936,New York,95.73763810311831,0.9337175582587081,MAINTAIN
Node_2937,New York,30.28723225054156,3.8325023709127377,MAINTAIN
Node_2938,London,68.967549874636,4.0748876958272895,MAINTAIN
Node_2939,Cape Town,25.439551914178047,3.213966623568398,SHUTDOWN
Node_2940,London,89.1539395980654,1.1413890998137093,MAINTAIN
Node_2941,London,96.27443271220213,3.7130712387065192,MAINTAIN
Node_2942,Cape Town,90.56295722609148,4.191430827774143,MAINTAIN
Node_2943,New York,64.11229418327986,1.7866991017174767,MAINTAIN
Node_2944,New York,82.08268564663352,3.927831187329364,MAINTAIN
Node_2945,New York,91.1737876214686,2.7008577500148068,MAINTAIN
Node_2946,New York,15.888951903594792,1.1317898439967224,SHUTDOWN
Node_2947,Cape Town,49.971803685465034,2.979754036763503,MAINTAIN
Node_2948,London,19.730534673403447,4.056819991716116,SHUTDOWN
Node_2949,London,85.48190023079458,3.6905213238462946,MAINTAIN
Node_2950,New York,13.084187178409792,4.026210306453297,SHUTDOWN
Node_2951,Cape Town,22.710006198189614,2.977317013480307,SHUTDOWN
Node_2952,London,71.31394541907017,4.855277694700714,MAINTAIN
Node_2953,Cape Town,54.80252968239096,3.650640882471115,MAINTAIN
Node_2954,New York,69.36571397348843,2.8650046479918143,MAINTAIN
Node_2955,New York,51.172105737734164,4.647794189560472,MAINTAIN
Node_2956,New York,79.52647043985273,2.885668743459886,MAINTAIN
Node_2957,London,74.25566226700495,0.572134958980705,MAINTAIN
Node_2958,London,87.96322487224754,1.0534708440257212,MAINTAIN
Node_2959,London,28.72723918195986,3.866599326932858,SHUTDOWN
Node_2960,Cape Town,25.99399177112904,4.679272977881127,SHUTDOWN
Node_2961,Cape Town,88.35111616170428,3.2776851705876653,MAINTAIN
Node_2962,Cape Town,80.45570825648902,2.2755143868291166,MAINTAIN
Node_2963,New York,41.33680426604663,3.9057664851003095,MAINTAIN
Node_2964,New York,82.50821298270019,2.273294807424283,MAINTAIN
Node_2965,New York,15.334482859574466,1.0098969654662464,SHUTDOWN
Node_2966,New York,33.25327549387437,1.639766369756071,MAINTAIN
Node_2967,New York,16.35868631230572,4.768370554286694,SHUTDOWN
Node_2968,New York,92.3903882993051,3.1357067644313306,MAINTAIN
Node_2969,Cape Town,76.03334929299336,2.69333416139737,MAINTAIN
Node_2970,London,24.74699530039984,2.5617110956112787,SHUTDOWN
Node_2971,Cape Town,62.32475215238793,1.2447574823210092,MAINTAIN
Node_2972,London,64.67900012242016,3.2203327959463826,MAINTAIN
Node_2973,London,60.67930051133105,1.9089087274414998,MAINTAIN
Node_2974,Cape Town,26.352069133508888,2.364446128369802,SHUTDOWN
Node_2975,Cape Town,26.437147717405406,1.971246900460643,SHUTDOWN
Node_2976,New York,24.998250283111958,4.4975230863503315,SHUTDOWN
Node_2977,London,38.616346584365004,3.4503141353538944,MAINTAIN
Node_2978,London,30.92754937554872,3.8479654251762025,MAINTAIN
Node_2979,New York,57.33531380304152,1.3662770828904667,MAINTAIN
Node_2980,London,86.35468126771612,3.7238533391432598,MAINTAIN
Node_2981,Cape Town,22.258092763332442,0.7822023198701852,SHUTDOWN
Node_2982,London,30.022791400754254,0.6018477903501203,MAINTAIN
Node_2983,Cape Town,61.932397681929835,0.5633429057516026,MAINTAIN
Node_2984,New York,57.84599756702236,2.3927794745081137,MAINTAIN
Node_2985,New York,16.047822389112724,3.6693485874910965,SHUTDOWN
Node_2986,Cape Town,55.82923996454226,0.56368243626608,MAINTAIN
Node_2987,New York,84.38159225790758,2.2761603866181632,MAINTAIN
Node_2988,London,86.55129821980178,2.41635873073459,MAINTAIN
Node_2989,New York,68.46775770902677,3.8229784437516683,MAINTAIN
Node_2990,London,67.05562824605015,4.383365904779787,MAINTAIN
Node_2991,Cape Town,99.10931445965309,4.767550189939117,MAINTAIN
Node_2992,New York,49.04511412441544,3.1322792573169553,MAINTAIN
Node_2993,London,62.60603391430652,3.444201916236177,MAINTAIN
Node_2994,Cape Town,63.41138984799964,1.4250946930453976,MAINTAIN
Node_2995,New York,96.05410818215206,2.5360329458101254,MAINTAIN
Node_2996,Cape Town,64.72524320601127,4.752049352867779,MAINTAIN
Node_2997,New York,57.27029847431552,3.0077061159787655,MAINTAIN
Node_2998,Cape Town,27.225753112630343,3.5208133939239,SHUTDOWN
Node_2999,London,71.4649221925479,4.272494783200543,MAINTAIN
Node_3000,New York,81.21873880374505,1.947353087334649,MAINTAIN
Node_3001,Cape Town,25.83416111944937,2.0151523148649106,SHUTDOWN
Node_3002,Cape Town,11.68015499916198,4.004380880729011,SHUTDOWN
Node_3003,London,99.7883796613163,3.956560154121837,MAINTAIN
Node_3004,London,19.051526967930705,2.50692869363368,SHUTDOWN
Node_3005,New York,87.12858377173107,1.8373664252156199,MAINTAIN
Node_3006,New York,21.37507507024433,3.9163354969173865,SHUTDOWN
Node_3007,New York,97.87215639016836,1.6620322670111711,MAINTAIN
Node_3008,London,65.03823277643593,1.3408675463375024,MAINTAIN
Node_3009,Cape Town,61.1171595909857,3.9417838030831436,MAINTAIN
Node_3010,New York,17.434120513615408,3.347664931609338,SHUTDOWN
Node_3011,London,22.212313440150794,3.2595103282750224,SHUTDOWN
Node_3012,New York,86.86696500808527,1.286433723421066,MAINTAIN
Node_3013,New York,61.46314991175357,3.6668366936491896,MAINTAIN
Node_3014,New York,83.24860053477155,3.9995226357876694,MAINTAIN
Node_3015,London,23.323466419160805,3.3601300731173613,SHUTDOWN
Node_3016,New York,61.900353445927564,3.2149389650013522,MAINTAIN
Node_3017,Cape Town,84.5747807415129,3.635349196190983,MAINTAIN
Node_3018,London,78.17919925085155,2.6407992156293085,MAINTAIN
Node_3019,London,77.15411924725065,4.021609922035708,MAINTAIN
Node_3020,Cape Town,75.21515308242769,3.0829224556596966,MAINTAIN
Node_3021,New York,54.23270716275016,2.699902118362025,MAINTAIN
Node_3022,Cape Town,31.918019529821205,1.8071828353338637,MAINTAIN
Node_3023,London,47.689241394079254,4.284126944330424,MAINTAIN
Node_3024,New York,78.6810045127431,4.116545872555653,MAINTAIN
Node_3025,Cape Town,28.03675186041679,4.9150956925411995,SHUTDOWN
Node_3026,New York,39.77020994190346,4.19638261184447,MAINTAIN
Node_3027,New York,23.482706690532208,0.6120788322528079,SHUTDOWN
Node_3028,London,61.61192949120723,2.5091679355715915,MAINTAIN
Node_3029,New York,62.86128306843285,2.3014482044665687,MAINTAIN
Node_3030,London,73.57955853382764,3.5596704348888726,MAINTAIN
Node_3031,Cape Town,82.35977362394081,4.033390850094719,MAINTAIN
Node_3032,London,61.74030158517685,4.286310563222374,MAINTAIN
Node_3033,Cape Town,19.749863165634338,1.4334279382363797,SHUTDOWN
Node_3034,New York,50.496898228165676,2.3957556391394816,MAINTAIN
Node_3035,New York,82.89266278287771,1.7526098543644746,MAINTAIN
Node_3036,Cape Town,10.96160330984923,2.360693169799318,SHUTDOWN
Node_3037,London,54.26481294483979,4.308056628805138,MAINTAIN
Node_3038,New York,37.56108049664174,3.1277261910194953,MAINTAIN
Node_3039,London,19.43454481907436,0.7862145647439633,SHUTDOWN
Node_3040,London,59.19691277442953,3.764817239646375,MAINTAIN
Node_3041,London,47.69918792891875,0.561715317382895,MAINTAIN
Node_3042,London,14.583027355319377,2.120233085195446,SHUTDOWN
Node_3043,Cape Town,69.7693118653755,3.910191471930154,MAINTAIN
Node_3044,Cape Town,23.844578730454295,0.5611389225099427,SHUTDOWN
Node_3045,New York,67.07147511700573,1.456382464179438,MAINTAIN
Node_3046,New York,63.21483755386448,4.144616435339251,MAINTAIN
Node_3047,London,31.16759853049097,4.271147188382621,MAINTAIN
Node_3048,London,36.15561358088857,1.4675384239951326,MAINTAIN
Node_3049,London,21.99863577469891,2.1838483891212186,SHUTDOWN
Node_3050,London,50.182280679599955,4.343518647514987,MAINTAIN
Node_3051,Cape Town,55.30381142296187,4.228356602136245,MAINTAIN
Node_3052,London,86.031909869862,4.170511968067601,MAINTAIN
Node_3053,New York,63.22899110682454,0.5593323797719825,MAINTAIN
Node_3054,London,52.612198461639466,0.6686344464875182,MAINTAIN
Node_3055,London,51.39757564567372,3.7628191099695587,MAINTAIN
Node_3056,New York,63.99208645061406,1.1356511163832534,MAINTAIN
Node_3057,Cape Town,14.922483924950132,2.531094071448167,SHUTDOWN
Node_3058,Cape Town,69.77628629191706,4.270571907772081,MAINTAIN
Node_3059,New York,40.92007031708094,4.817610688552409,MAINTAIN
Node_3060,Cape Town,41.70295513239217,4.630014686873129,MAINTAIN
Node_3061,New York,73.46059589520166,3.8481689614740193,MAINTAIN
Node_3062,New York,76.88801051061971,0.9453561740497594,MAINTAIN
Node_3063,Cape Town,66.67311417094511,4.598426780465076,MAINTAIN
Node_3064,Cape Town,30.24159920123691,3.976534654652984,MAINTAIN
Node_3065,London,83.53857296389455,2.4719075076856183,MAINTAIN
Node_3066,London,44.43000552649318,4.775463764874238,MAINTAIN
Node_3067,Cape Town,85.48588801800074,1.420874206870699,MAINTAIN
Node_3068,New York,96.27770205753438,4.9642032390665705,MAINTAIN
Node_3069,New York,10.327985564787095,3.3633998876499285,SHUTDOWN
Node_3070,New York,42.347463972811084,3.058163695328091,MAINTAIN
Node_3071,New York,72.0451263998007,4.994970033160947,MAINTAIN
Node_3072,London,71.74044103314304,2.392742702100578,MAINTAIN
Node_3073,New York,59.54974021003186,2.902075826442226,MAINTAIN
Node_3074,London,69.70347961408785,0.7832573615773738,MAINTAIN
Node_3075,New York,22.22517022227277,0.7800887485798719,SHUTDOWN
Node_3076,London,28.753900144608785,1.4453070103889312,SHUTDOWN
Node_3077,London,50.96830464206608,2.480523355905457,MAINTAIN
Node_3078,New York,35.924679233960745,4.018923276434043,MAINTAIN
Node_3079,Cape Town,89.42110640347401,0.5463360350537401,MAINTAIN
Node_3080,New York,85.32282949630232,1.9934427025540737,MAINTAIN
Node_3081,Cape Town,74.91463714137541,2.476760387298464,MAINTAIN
Node_3082,London,49.913941280683794,4.354718837186065,MAINTAIN
Node_3083,London,76.42019334917627,2.6109805651903217,MAINTAIN
Node_3084,London,62.79786165556993,4.743745943839228,MAINTAIN
Node_3085,New York,98.6170288131689,4.256062940493251,MAINTAIN
Node_3086,New York,39.43375299429789,2.4913707430488836,MAINTAIN
Node_3087,New York,10.983368979941876,4.390777914131434,SHUTDOWN
Node_3088,Cape Town,77.16151763432472,3.611260727403198,MAINTAIN
Node_3089,New York,36.26701375704366,1.9446456434447532,MAINTAIN
Node_3090,New York,50.703337302243675,4.303516692655456,MAINTAIN
Node_3091,New York,65.11151777579852,1.0578417058254255,MAINTAIN
Node_3092,Cape Town,95.88329045115195,4.1296351167270595,MAINTAIN
Node_3093,London,19.61932584182239,3.4682638789984988,SHUTDOWN
Node_3094,New York,57.10438055279913,2.7097643090646497,MAINTAIN
Node_3095,Cape Town,16.22201323523662,4.745227071134961,SHUTDOWN
Node_3096,Cape Town,88.82895225677292,2.74247850353781,MAINTAIN
Node_3097,London,93.0559788953429,0.5276989113909232,MAINTAIN
Node_3098,London,15.461302027057089,1.9827294483305584,SHUTDOWN
Node_3099,London,68.18812120326541,4.780081096322654,MAINTAIN
Node_3100,London,64.34249969097885,1.8189369732590697,MAINTAIN
Node_3101,Cape Town,58.11382839655834,3.0705734004586134,MAINTAIN
Node_3102,London,67.85087964760028,2.0197041362917627,MAINTAIN
Node_3103,New York,52.00052929489677,1.3647859617521902,MAINTAIN
Node_3104,Cape Town,68.34826239597916,4.948262489701007,MAINTAIN
Node_3105,Cape Town,21.31741399075074,4.437327830497601,SHUTDOWN
Node_3106,London,14.564667655353137,1.8664221057913006,SHUTDOWN
Node_3107,Cape Town,64.39862734635909,1.4409675131940833,MAINTAIN
Node_3108,London,74.29771155353316,2.2281805986033634,MAINTAIN
Node_3109,Cape Town,37.54387063120665,1.6026879289649991,MAINTAIN
Node_3110,New York,68.30954152399019,2.944729880733986,MAINTAIN
Node_3111,New York,57.455613682209815,2.810002142366865,MAINTAIN
Node_3112,New York,38.39396455792571,1.7410626718047593,MAINTAIN
Node_3113,London,40.45074944954072,0.6022277549504025,MAINTAIN
Node_3114,New York,98.17685833720314,1.4449315315880773,MAINTAIN
Node_3115,Cape Town,21.117122402190653,0.8111217740381067,SHUTDOWN
Node_3116,Cape Town,48.511228787609475,4.583369756067792,MAINTAIN
Node_3117,New York,45.801814126241496,1.3997866875299867,MAINTAIN
Node_3118,Cape Town,29.53101798516738,3.5186559717404275,SHUTDOWN
Node_3119,London,19.090448118126595,4.471363490363447,SHUTDOWN
Node_3120,New York,22.035341072758285,1.1335216607608096,SHUTDOWN
Node_3121,New York,62.2139528310109,2.8156939172861857,MAINTAIN
Node_3122,Cape Town,57.105325945571956,3.593876354168469,MAINTAIN
Node_3123,London,81.64204000116413,0.9536550307826078,MAINTAIN
Node_3124,Cape Town,98.84313572411043,1.7162426782001463,MAINTAIN
Node_3125,Cape Town,13.74265166867032,1.052156464869908,SHUTDOWN
Node_3126,London,38.53002440992053,2.4790617115061186,MAINTAIN
Node_3127,London,11.031902552787248,1.1296224665124033,SHUTDOWN
Node_3128,New York,11.392990913885573,2.353076258214939,SHUTDOWN
Node_3129,Cape Town,67.61018542525443,0.6639031599414901,MAINTAIN
Node_3130,Cape Town,29.131738441347473,1.404971277640924,SHUTDOWN
Node_3131,New York,33.90963802522571,2.8060602366027023,MAINTAIN
Node_3132,New York,28.241189018244103,2.1239132568366887,SHUTDOWN
Node_3133,Cape Town,89.20686389357108,1.8078043385534135,MAINTAIN
Node_3134,London,71.15816789440098,0.9180686281674735,MAINTAIN
Node_3135,Cape Town,49.27971559204072,3.066091735364745,MAINTAIN
Node_3136,Cape Town,85.82102679387198,1.8760048492656596,MAINTAIN
Node_3137,New York,64.6807857861455,3.610907870643167,MAINTAIN
Node_3138,Cape Town,85.1419298048574,1.1025231308480772,MAINTAIN
Node_3139,London,82.066131550728,1.4695940552582558,MAINTAIN
Node_3140,New York,39.98669178810624,1.8177175807616515,MAINTAIN
Node_3141,New York,15.392050843333836,4.118003249370881,SHUTDOWN
Node_3142,London,91.19075422401802,2.9684421019544187,MAINTAIN
Node_3143,London,86.36476585789549,4.166877052195387,MAINTAIN
Node_3144,London,58.982480548594204,1.6811785368250332,MAINTAIN
Node_3145,London,24.873266426501335,1.6452373735351262,SHUTDOWN
Node_3146,New York,67.40963861059896,4.255800102503147,MAINTAIN
Node_3147,Cape Town,80.33754207469386,1.6414293983657484,MAINTAIN
Node_3148,Cape Town,37.93356978316679,1.3218739862974256,MAINTAIN
Node_3149,Cape Town,58.64415188232032,4.913626134878717,MAINTAIN
Node_3150,New York,18.94100695330659,3.0505845715909206,SHUTDOWN
Node_3151,Cape Town,74.67514721425634,2.962259856475015,MAINTAIN
Node_3152,Cape Town,58.39763120275676,3.7186989206374093,MAINTAIN
Node_3153,New York,41.674914712118294,4.616429678865268,MAINTAIN
Node_3154,New York,27.366608873745392,2.9267679342724047,SHUTDOWN
Node_3155,Cape Town,43.27713076129155,2.6570977371988316,MAINTAIN
Node_3156,London,67.46666429722134,4.111063485595103,MAINTAIN
Node_3157,Cape Town,92.490772570181,3.2482895856811442,MAINTAIN
Node_3158,London,16.58101852217518,4.817225075856891,SHUTDOWN
Node_3159,London,75.00035832427872,3.891357066063857,MAINTAIN
Node_3160,Cape Town,76.1135913496597,3.9904196936722807,MAINTAIN
Node_3161,Cape Town,53.393830409201215,4.58660574865567,MAINTAIN
Node_3162,New York,63.7858933285802,1.9345068741467346,MAINTAIN
Node_3163,Cape Town,77.46458020746277,3.4533912734313312,MAINTAIN
Node_3164,London,55.089534726105796,1.2953607677456442,MAINTAIN
Node_3165,London,49.1904442506792,2.2018475966315063,MAINTAIN
Node_3166,London,91.91367991534567,2.3359895438704577,MAINTAIN
Node_3167,Cape Town,96.94657511308344,3.0259171865751355,MAINTAIN
Node_3168,London,60.77273166477515,2.7705092657710173,MAINTAIN
Node_3169,London,85.4321423702032,2.9098699494825846,MAINTAIN
Node_3170,Cape Town,20.669844479209324,4.5952885160621,SHUTDOWN
Node_3171,London,75.46363106033598,1.8454921545930456,MAINTAIN
Node_3172,Cape Town,30.774629726533654,0.6633266014421113,MAINTAIN
Node_3173,London,37.40730534766375,2.7258237616953918,MAINTAIN
Node_3174,Cape Town,11.725350507002503,2.8415371234116638,SHUTDOWN
Node_3175,London,56.67455673480727,2.3837905070528187,MAINTAIN
Node_3176,London,99.92207961659082,4.376936336363166,MAINTAIN
Node_3177,New York,91.86020800042708,2.076661531605188,MAINTAIN
Node_3178,London,87.21783246468887,4.395989234266754,MAINTAIN
Node_3179,New York,91.88334695868386,3.834699708959779,MAINTAIN
Node_3180,New York,36.7233765317561,4.54119921433189,MAINTAIN
Node_3181,Cape Town,36.40576738501497,2.364081139412712,MAINTAIN
Node_3182,New York,24.075418187534133,3.2360710955862486,SHUTDOWN
Node_3183,London,41.397919651704996,1.7047118438526392,MAINTAIN
Node_3184,New York,90.56617642825296,3.9290149456307866,MAINTAIN
Node_3185,New York,72.77122203801952,2.0900870929811317,MAINTAIN
Node_3186,London,24.252262469912946,3.1333281515131772,SHUTDOWN
Node_3187,New York,50.821548771971486,2.11215251060129,MAINTAIN
Node_3188,London,78.46695917930114,4.966125490544837,MAINTAIN
Node_3189,Cape Town,20.961671778781536,2.777226826738655,SHUTDOWN
Node_3190,London,24.27383554033496,2.111862518376869,SHUTDOWN
Node_3191,Cape Town,41.743312162685996,4.960089850011813,MAINTAIN
Node_3192,London,77.68310282904407,4.657048477978086,MAINTAIN
Node_3193,New York,12.45181691182053,2.4061445010047002,SHUTDOWN
Node_3194,New York,45.8197119639602,4.157564019906693,MAINTAIN
Node_3195,Cape Town,77.49342024154627,1.2054053223746615,MAINTAIN
Node_3196,New York,43.89462844203459,3.739201963723682,MAINTAIN
Node_3197,New York,17.641809934259438,1.445214102202441,SHUTDOWN
Node_3198,Cape Town,60.48151767246495,3.7404476564128943,MAINTAIN
Node_3199,Cape Town,37.153467861267295,0.7401349645823931,MAINTAIN
Node_3200,New York,81.83644081436688,4.227788726749559,MAINTAIN
Node_3201,New York,44.16627473215171,0.7914038684021576,MAINTAIN
Node_3202,London,23.68035975706337,4.619324343632051,SHUTDOWN
Node_3203,London,82.98538779466176,4.040320420111881,MAINTAIN
Node_3204,New York,67.55759811837191,4.228975760538338,MAINTAIN
Node_3205,Cape Town,40.9593377446711,3.59511593301368,MAINTAIN
Node_3206,Cape Town,57.63571512333153,1.733408960545916,MAINTAIN
Node_3207,New York,49.85325229100194,4.83791021815274,MAINTAIN
Node_3208,London,12.182734262599848,1.6030074784426669,SHUTDOWN
Node_3209,New York,28.62060559160937,2.0099690138444766,SHUTDOWN
Node_3210,New York,63.345774509727356,4.445120739166297,MAINTAIN
Node_3211,New York,33.89216490196039,1.4844370147574433,MAINTAIN
Node_3212,Cape Town,77.78029717582268,3.3401509229398476,MAINTAIN
Node_3213,Cape Town,17.080126367950285,3.9179651891857303,SHUTDOWN
Node_3214,London,99.78740139428334,3.6087500597726576,MAINTAIN
Node_3215,London,80.26455200416245,4.303123213621582,MAINTAIN
Node_3216,Cape Town,62.64759995680387,1.0127010217396908,MAINTAIN
Node_3217,New York,65.54788227172135,2.774296489220844,MAINTAIN
Node_3218,London,58.71592356974219,1.1758492304709527,MAINTAIN
Node_3219,London,68.33075325509301,1.0901621045825995,MAINTAIN
Node_3220,New York,16.03510854610858,2.011780860725319,SHUTDOWN
Node_3221,New York,83.98421854639184,3.0782034852364712,MAINTAIN
Node_3222,Cape Town,70.87392922123493,1.9272085049842538,MAINTAIN
Node_3223,Cape Town,45.66583315527591,3.63637859000681,MAINTAIN
Node_3224,Cape Town,90.92909136522677,4.314711103828932,MAINTAIN
Node_3225,New York,35.983444742760966,0.5490605437223018,MAINTAIN
Node_3226,New York,72.64342218049222,2.2965600181193473,MAINTAIN
Node_3227,New York,84.59788478774861,3.382052074305283,MAINTAIN
Node_3228,Cape Town,23.05172651576093,4.359589928889842,SHUTDOWN
Node_3229,Cape Town,85.86827902542035,1.4700259198577699,MAINTAIN
Node_3230,London,67.58781292234227,1.2175021430962438,MAINTAIN
Node_3231,Cape Town,28.937839218422365,3.8288803619965206,SHUTDOWN
Node_3232,New York,23.71065812150561,3.959594379821216,SHUTDOWN
Node_3233,New York,42.381915215714905,2.249216565303878,MAINTAIN
Node_3234,New York,84.65216430205379,0.5584725251658678,MAINTAIN
Node_3235,New York,78.3252328703002,2.8391030957248993,MAINTAIN
Node_3236,Cape Town,37.97196813993263,1.4895559420076268,MAINTAIN
Node_3237,New York,37.14433417701811,3.702974542504429,MAINTAIN
Node_3238,Cape Town,91.61571155319481,4.445467418217966,MAINTAIN
Node_3239,London,41.264814029247205,3.6291078009452553,MAINTAIN
Node_3240,Cape Town,64.87282368715992,1.70774971297203,MAINTAIN
Node_3241,London,24.487713604622137,1.0118298206205636,SHUTDOWN
Node_3242,London,81.51442098954043,2.276353991630443,MAINTAIN
Node_3243,Cape Town,63.356411282184794,1.033472359061162,MAINTAIN
Node_3244,New York,94.05516346396716,3.8601697869915648,MAINTAIN
Node_3245,Cape Town,97.32745271246532,1.3243664373375164,MAINTAIN
Node_3246,London,49.6008329653772,2.8692153633378124,MAINTAIN
Node_3247,New York,17.785565203856,0.5255612239406424,SHUTDOWN
Node_3248,Cape Town,26.909398463815236,3.6967317546771365,SHUTDOWN
Node_3249,New York,13.867642367885846,4.595524876378894,SHUTDOWN
Node_3250,New York,84.11542288757269,0.8307598844971094,MAINTAIN
Node_3251,Cape Town,81.34871485112329,1.1933934641513135,MAINTAIN
Node_3252,London,89.12203966290531,1.687380933402129,MAINTAIN
Node_3253,Cape Town,97.06857388854354,4.4174387992451365,MAINTAIN
Node_3254,New York,87.6605952506637,4.038128491413568,MAINTAIN
Node_3255,New York,20.232370698943477,3.3460848272829677,SHUTDOWN
Node_3256,New York,29.126761758164495,2.821575404528651,SHUTDOWN
Node_3257,London,12.753256114149488,4.4573006604847825,SHUTDOWN
Node_3258,London,88.83144338212207,3.4445772184052323,MAINTAIN
Node_3259,Cape Town,72.86344123578023,2.446375669432221,MAINTAIN
Node_3260,London,78.36487573432049,3.2697076885149814,MAINTAIN
Node_3261,New York,46.18043521211987,2.4127021224358742,MAINTAIN
Node_3262,London,74.44537837576831,4.525093295877335,MAINTAIN
Node_3263,London,35.426987254540585,0.6744776838530893,MAINTAIN
Node_3264,Cape Town,24.885751946727027,3.7560650580838697,SHUTDOWN
Node_3265,London,56.6769306277122,3.6123293722181202,MAINTAIN
Node_3266,New York,13.376992393548612,4.928314573654863,SHUTDOWN
Node_3267,Cape Town,64.62149663015865,1.2513403608228266,MAINTAIN
Node_3268,Cape Town,97.3465240737767,4.614650038054486,MAINTAIN
Node_3269,London,56.08443406443392,2.973773548368875,MAINTAIN
Node_3270,Cape Town,32.387775156096254,1.8598685888533988,MAINTAIN
Node_3271,Cape Town,77.80516421577732,4.105580487242643,MAINTAIN
Node_3272,London,47.398718340543724,2.0803388750973433,MAINTAIN
Node_3273,London,96.3081208996446,2.5383849780499275,MAINTAIN
Node_3274,Cape Town,41.44401205388614,2.5033449521767555,MAINTAIN
Node_3275,New York,92.62368296618475,3.116072372096258,MAINTAIN
Node_3276,London,27.226595815865934,3.047898609139084,SHUTDOWN
Node_3277,New York,61.817222861716026,4.6543425926419415,MAINTAIN
Node_3278,Cape Town,58.75182987934974,1.4008392085868304,MAINTAIN
Node_3279,Cape Town,33.11342643696074,4.359112186515349,MAINTAIN
Node_3280,Cape Town,67.34313603140312,3.000173162799963,MAINTAIN
Node_3281,New York,52.561687865813106,3.0347061831069264,MAINTAIN
Node_3282,New York,28.30594311942707,3.963324050135331,SHUTDOWN
Node_3283,Cape Town,12.398423063609108,3.0880409850666086,SHUTDOWN
Node_3284,Cape Town,59.72558678503832,3.133641657233337,MAINTAIN
Node_3285,New York,55.100506404365284,1.1025559028496308,MAINTAIN
Node_3286,Cape Town,49.46569638623945,1.6263672237980735,MAINTAIN
Node_3287,New York,81.1885201331117,1.2088210744681769,MAINTAIN
Node_3288,New York,94.08423837230755,4.245196864654266,MAINTAIN
Node_3289,New York,49.61246040968559,2.4756670486620562,MAINTAIN
Node_3290,New York,80.23137949008711,4.116703158715827,MAINTAIN
Node_3291,New York,99.34955184470903,3.1414964102236023,MAINTAIN
Node_3292,Cape Town,12.230295026932735,0.9588123188680338,SHUTDOWN
Node_3293,London,23.97107418120516,2.5145992263195294,SHUTDOWN
Node_3294,Cape Town,68.44053176707507,1.6317052043097455,MAINTAIN
Node_3295,Cape Town,53.50752347702056,2.3631443951260667,MAINTAIN
Node_3296,Cape Town,97.27993766021508,3.0757792966785833,MAINTAIN
Node_3297,London,52.99042582981023,2.7903546282134104,MAINTAIN
Node_3298,New York,77.4480500093402,3.3473912045709757,MAINTAIN
Node_3299,New York,49.13878461758342,0.6336192136864038,MAINTAIN
Node_3300,London,55.049397511244216,3.9285447694029214,MAINTAIN
Node_3301,London,82.64548568999938,2.9231191150244658,MAINTAIN
Node_3302,London,97.02354910060782,2.0145104841883787,MAINTAIN
Node_3303,London,59.96184405262352,4.8719792170475635,MAINTAIN
Node_3304,Cape Town,79.54721823326352,4.909297656183935,MAINTAIN
Node_3305,Cape Town,43.66709534427497,0.9949440657150826,MAINTAIN
Node_3306,New York,13.736530567429236,2.898749726351724,SHUTDOWN
Node_3307,New York,40.19932513315081,0.7802408110255371,MAINTAIN
Node_3308,London,62.22361613782817,4.927527682066297,MAINTAIN
Node_3309,New York,87.56103546829912,1.893869394837302,MAINTAIN
Node_3310,Cape Town,15.573222492458985,0.791541584674564,SHUTDOWN
Node_3311,London,42.26816051022206,4.117884301853585,MAINTAIN
Node_3312,Cape Town,44.88010217820678,3.3258709462890197,MAINTAIN
Node_3313,London,90.0393877080683,1.1709700738437494,MAINTAIN
Node_3314,Cape Town,47.06925912194803,3.6325575156785903,MAINTAIN
Node_3315,Cape Town,80.70762106834714,2.2610920635740457,MAINTAIN
Node_3316,London,31.721617936470576,3.332928917794682,MAINTAIN
Node_3317,New York,78.75812841614538,2.0853990698417944,MAINTAIN
Node_3318,Cape Town,80.41424697783305,2.7859572292701107,MAINTAIN
Node_3319,New York,55.54403975534009,4.929334737113405,MAINTAIN
Node_3320,New York,92.73927448884453,4.840618524968823,MAINTAIN
Node_3321,New York,89.80825976832628,4.184375147728856,MAINTAIN
Node_3322,New York,54.402262666944644,2.0711967366083686,MAINTAIN
Node_3323,New York,34.165511767694255,4.467985230211331,MAINTAIN
Node_3324,London,75.54945126986415,3.6884018861109737,MAINTAIN
Node_3325,New York,43.74502605443245,3.5960747989975594,MAINTAIN
Node_3326,Cape Town,55.31336135874355,3.0240129050600935,MAINTAIN
Node_3327,London,13.524870280228598,3.1500821027708814,SHUTDOWN
Node_3328,New York,15.401525487386616,1.515648275327941,SHUTDOWN
Node_3329,New York,14.50313867053266,3.981238726724839,SHUTDOWN
Node_3330,Cape Town,33.98847704301855,2.7455608813485064,MAINTAIN
Node_3331,London,71.09168327475759,2.548675897157561,MAINTAIN
Node_3332,Cape Town,41.21575741750877,3.859385666235382,MAINTAIN
Node_3333,New York,83.42264991553651,3.289969255147767,MAINTAIN
Node_3334,Cape Town,61.610353983355296,3.870596833755655,MAINTAIN
Node_3335,Cape Town,32.40622816511797,3.1211276150758644,MAINTAIN
Node_3336,London,33.49381951536206,4.981955053405403,MAINTAIN
Node_3337,New York,82.3849103057464,1.8372076683106957,MAINTAIN
Node_3338,New York,71.3018634013886,0.746756899835191,MAINTAIN
Node_3339,New York,86.83539837588803,4.876843420911809,MAINTAIN
Node_3340,Cape Town,44.076770342861046,3.7249795440004756,MAINTAIN
Node_3341,New York,21.06455448648062,0.5963747779727597,SHUTDOWN
Node_3342,Cape Town,24.206589425466255,1.1887795356097997,SHUTDOWN
Node_3343,London,47.300367241392735,1.560596757021281,MAINTAIN
Node_3344,Cape Town,31.137838685660494,1.8100749707593704,MAINTAIN
Node_3345,New York,45.63273318017589,3.241998556903089,MAINTAIN
Node_3346,Cape Town,65.62844142791583,4.159019465708076,MAINTAIN
Node_3347,Cape Town,70.89693536868083,2.8214602124721884,MAINTAIN
Node_3348,London,92.1525142925618,0.7211386210135039,MAINTAIN
Node_3349,London,49.824217306119685,2.040220164953931,MAINTAIN
Node_3350,London,38.41054993698202,0.8021893889240055,MAINTAIN
Node_3351,London,55.682162830543334,1.5246141294399858,MAINTAIN
Node_3352,Cape Town,23.315033735703622,2.314704292949586,SHUTDOWN
Node_3353,London,85.04567866424237,4.781125298931103,MAINTAIN
Node_3354,London,76.41338380204847,3.510887618546448,MAINTAIN
Node_3355,London,65.84079897038174,2.3439560267508917,MAINTAIN
Node_3356,Cape Town,78.47742544410961,2.5103944554375555,MAINTAIN
Node_3357,New York,76.91872911706882,2.4271603074105252,MAINTAIN
Node_3358,Cape Town,99.39354224925914,0.8066139462957145,MAINTAIN
Node_3359,Cape Town,88.25479143450096,1.956337751582272,MAINTAIN
Node_3360,London,31.39670191293136,1.8392385227536026,MAINTAIN
Node_3361,New York,60.52871230372678,3.712220676530547,MAINTAIN
Node_3362,London,34.92957144199136,4.625867800147132,MAINTAIN
Node_3363,Cape Town,78.02691391847345,2.4272795667736506,MAINTAIN
Node_3364,Cape Town,86.410744735247,4.6707415328590445,MAINTAIN
Node_3365,Cape Town,99.6365927319949,1.8621022914872865,MAINTAIN
Node_3366,New York,47.03910151537124,0.8131381915782463,MAINTAIN
Node_3367,New York,46.316516653918285,0.8725527282863859,MAINTAIN
Node_3368,New York,37.89489664206699,1.6023586995331438,MAINTAIN
Node_3369,Cape Town,90.66052759821568,4.038836663603252,MAINTAIN
Node_3370,London,13.30494348133525,3.8636019779100224,SHUTDOWN
Node_3371,New York,96.75007707178689,2.7646072502893646,MAINTAIN
Node_3372,Cape Town,19.502086506414912,3.3053109837620913,SHUTDOWN
Node_3373,London,24.61159645877241,2.7991306539522145,SHUTDOWN
Node_3374,New York,79.59912943946043,3.8912304161838884,MAINTAIN
Node_3375,Cape Town,94.40412876289706,1.5879725794067758,MAINTAIN
Node_3376,New York,64.29100262582061,4.36841064889824,MAINTAIN
Node_3377,New York,40.39019209802538,1.6220165214084032,MAINTAIN
Node_3378,London,49.026764971467,4.709046332269269,MAINTAIN
Node_3379,Cape Town,33.710491213996505,4.206073282062188,MAINTAIN
Node_3380,London,48.01366461577019,4.376883373858463,MAINTAIN
Node_3381,Cape Town,43.702789641059475,2.888367961289498,MAINTAIN
Node_3382,Cape Town,53.64679058755075,3.132699792875192,MAINTAIN
Node_3383,London,28.02588061973887,3.2031298960781798,SHUTDOWN
Node_3384,New York,35.31347087309774,0.7199770418422535,MAINTAIN
Node_3385,New York,28.81964264430258,3.614031871916066,SHUTDOWN
Node_3386,New York,75.28759565542504,1.7099305290605338,MAINTAIN
Node_3387,Cape Town,10.43976911096988,2.9647017398293087,SHUTDOWN
Node_3388,New York,13.942980657702838,2.89227673005422,SHUTDOWN
Node_3389,New York,86.00115100355593,3.514523600621721,MAINTAIN
Node_3390,New York,54.5194919187556,1.9933073890244346,MAINTAIN
Node_3391,London,74.65685898440451,0.5074364577300374,MAINTAIN
Node_3392,Cape Town,68.62442897199057,4.051054906321552,MAINTAIN
Node_3393,New York,86.50870034255837,2.8519759667981104,MAINTAIN
Node_3394,Cape Town,93.80216632766266,2.340360903933308,MAINTAIN
Node_3395,London,46.96351879822271,2.1144062974476836,MAINTAIN
Node_3396,London,62.317620140777755,0.9937820526514438,MAINTAIN
Node_3397,Cape Town,72.37730942694316,0.6626399485062131,MAINTAIN
Node_3398,New York,80.36555598970445,1.9266823081495754,MAINTAIN
Node_3399,London,21.73128055010762,0.9494265618856874,SHUTDOWN
Node_3400,New York,38.79377398932222,1.5837937022759832,MAINTAIN
Node_3401,London,13.361919528481375,3.695861029476825,SHUTDOWN
Node_3402,Cape Town,16.461144410032023,0.7342391945723636,SHUTDOWN
Node_3403,London,81.89989087923355,1.0494909162281711,MAINTAIN
Node_3404,London,27.037302013834932,2.9893415242513917,SHUTDOWN
Node_3405,New York,85.95538095973504,2.245355021957409,MAINTAIN
Node_3406,London,11.548021682079321,4.451482439754363,SHUTDOWN
Node_3407,New York,62.6817244232326,1.5456751811402167,MAINTAIN
Node_3408,London,88.06611049799092,2.9596821894305103,MAINTAIN
Node_3409,London,35.57800274993433,2.2320592153379173,MAINTAIN
Node_3410,New York,56.03606599407895,2.0154230420594503,MAINTAIN
Node_3411,New York,87.33547936252772,1.4731669767383604,MAINTAIN
Node_3412,New York,62.90496910792364,2.0174096875309306,MAINTAIN
Node_3413,Cape Town,32.667384606180406,3.8028226969205217,MAINTAIN
Node_3414,New York,58.15969449150127,2.1788199197226588,MAINTAIN
Node_3415,Cape Town,94.50828332222515,0.8772871184588404,MAINTAIN
Node_3416,Cape Town,28.755916167393057,2.452122682269317,SHUTDOWN
Node_3417,New York,71.40659182725165,0.6859702148624152,MAINTAIN
Node_3418,London,31.772922894071552,1.4298915180327298,MAINTAIN
Node_3419,New York,61.66959147057273,3.8178312236122633,MAINTAIN
Node_3420,London,30.019055091389784,2.7628983343891633,MAINTAIN
Node_3421,London,70.27697135815279,3.3796145264342012,MAINTAIN
Node_3422,London,43.32719955473232,4.137550740396199,MAINTAIN
Node_3423,New York,15.904381276257496,1.7769721703299846,SHUTDOWN
Node_3424,New York,18.558522017551248,3.0073130265938333,SHUTDOWN
Node_3425,Cape Town,72.88787825413708,1.1257362048927897,MAINTAIN
Node_3426,Cape Town,76.69034729049235,3.4243489172344677,MAINTAIN
Node_3427,London,64.68525196237377,4.352887745983944,MAINTAIN
Node_3428,New York,51.09289100228586,4.063670249246629,MAINTAIN
Node_3429,New York,33.65898765063236,2.821399873236942,MAINTAIN
Node_3430,New York,93.3412417598591,0.9732574843073043,MAINTAIN
Node_3431,New York,14.946739505218279,1.3738007618509323,SHUTDOWN
Node_3432,London,42.56011504101553,4.29790685240119,MAINTAIN
Node_3433,Cape Town,21.796923214164934,2.3030358233156663,SHUTDOWN
Node_3434,London,61.168639211146754,1.631705707982682,MAINTAIN
Node_3435,London,18.232190102246516,4.759605848918042,SHUTDOWN
Node_3436,Cape Town,19.459858575411054,4.718572513737085,SHUTDOWN
Node_3437,Cape Town,25.449746534774867,0.5724426215390224,SHUTDOWN
Node_3438,New York,16.818502662809856,3.077808287845958,SHUTDOWN
Node_3439,New York,42.70960336103771,3.3035739991036586,MAINTAIN
Node_3440,New York,55.715043817362655,4.068079280770769,MAINTAIN
Node_3441,Cape Town,51.040576836986716,2.1114405495465545,MAINTAIN
Node_3442,Cape Town,53.35631591003852,3.9181332156136066,MAINTAIN
Node_3443,London,60.160142005855334,1.7022767073129281,MAINTAIN
Node_3444,New York,55.31128816703047,0.9189533025209525,MAINTAIN
Node_3445,London,73.73721723015045,1.5607395938907649,MAINTAIN
Node_3446,New York,87.30513133106868,3.5479673645801184,MAINTAIN
Node_3447,Cape Town,20.1480887082367,1.8378101264443567,SHUTDOWN
Node_3448,New York,13.547312183251474,4.257973375095813,SHUTDOWN
Node_3449,London,81.5456872680178,0.568802321577889,MAINTAIN
Node_3450,New York,55.747589733453566,3.538351997602065,MAINTAIN
Node_3451,Cape Town,56.812427039208785,1.8128647602647256,MAINTAIN
Node_3452,Cape Town,32.9679944989631,2.881631102357784,MAINTAIN
Node_3453,New York,33.8891506846399,4.943967271007378,MAINTAIN
Node_3454,Cape Town,50.89351168332755,1.3567957824496641,MAINTAIN
Node_3455,Cape Town,36.497877832411056,1.626548080332325,MAINTAIN
Node_3456,Cape Town,78.03301972897701,0.5857223631493422,MAINTAIN
Node_3457,London,75.28113637851786,4.737664564302146,MAINTAIN
Node_3458,Cape Town,67.47661809663501,2.1350270271265464,MAINTAIN
Node_3459,New York,75.60375955355761,1.2738909590142524,MAINTAIN
Node_3460,London,15.468462106669561,4.292094522222542,SHUTDOWN
Node_3461,New York,65.96887868267311,3.3874883721015743,MAINTAIN
Node_3462,London,85.5272459801917,3.200330879848348,MAINTAIN
Node_3463,New York,90.46523234184713,4.875753151661481,MAINTAIN
Node_3464,London,79.25476710831677,1.7505825593834534,MAINTAIN
Node_3465,New York,50.75983436154316,2.607355715181347,MAINTAIN
Node_3466,New York,16.053969789267377,1.727756174648997,SHUTDOWN
Node_3467,Cape Town,70.07582690683441,3.279696472104746,MAINTAIN
Node_3468,New York,49.38737971522232,2.393212982414719,MAINTAIN
Node_3469,London,43.45143992336342,4.827312529369764,MAINTAIN
Node_3470,Cape Town,52.360000718083406,1.5422297227404829,MAINTAIN
Node_3471,New York,24.062833763227726,1.2679436796761123,SHUTDOWN
Node_3472,Cape Town,28.390278281975498,1.5989132313832435,SHUTDOWN
Node_3473,Cape Town,67.36977799250394,1.06886371760386,MAINTAIN
Node_3474,London,49.69511131176212,0.5030928257394052,MAINTAIN
Node_3475,New York,63.174981913231065,3.7607867454101473,MAINTAIN
Node_3476,Cape Town,45.906937557774114,1.6919327792008918,MAINTAIN
Node_3477,Cape Town,35.3087442825195,2.7801795816938575,MAINTAIN
Node_3478,Cape Town,20.63590232718569,1.6504026087492967,SHUTDOWN
Node_3479,Cape Town,48.53868480978524,2.079159027419442,MAINTAIN
Node_3480,New York,60.42070612695417,1.0206316542740757,MAINTAIN
Node_3481,Cape Town,22.652073131307652,4.739906579319323,SHUTDOWN
Node_3482,London,55.82143822941332,0.570272675785423,MAINTAIN
Node_3483,New York,89.7038707892959,4.946191783591164,MAINTAIN
Node_3484,Cape Town,14.3073687183259,2.430047019547847,SHUTDOWN
Node_3485,New York,64.1052241446304,2.8246637263581165,MAINTAIN
Node_3486,London,64.59658531523371,1.8649037602558791,MAINTAIN
Node_3487,London,27.210437964522264,2.129540855410511,SHUTDOWN
Node_3488,London,21.054762801295833,4.754805450300372,SHUTDOWN
Node_3489,Cape Town,94.71359226738961,0.9730578980769935,MAINTAIN
Node_3490,Cape Town,14.237403295928551,2.9501380117249885,SHUTDOWN
Node_3491,Cape Town,60.126948008403765,4.588403994144735,MAINTAIN
Node_3492,Cape Town,83.45974003066902,0.6403966009983819,MAINTAIN
Node_3493,Cape Town,23.271274928155112,4.814058176047382,SHUTDOWN
Node_3494,London,45.29149683964906,0.7032494188684562,MAINTAIN
Node_3495,Cape Town,39.19652839575039,2.231006472726338,MAINTAIN
Node_3496,London,78.72753455718623,3.923729110118889,MAINTAIN
Node_3497,New York,17.158746190247,3.072518951916928,SHUTDOWN
Node_3498,Cape Town,19.12224498156869,2.0235593438753896,SHUTDOWN
Node_3499,London,11.58415833982223,0.9038738017693493,SHUTDOWN
Node_3500,New York,98.94633944953767,1.2931901028090602,MAINTAIN
Node_3501,Cape Town,77.41014566532816,4.576406828138011,MAINTAIN
Node_3502,London,90.88937589367234,2.9550585720763265,MAINTAIN
Node_3503,Cape Town,99.20154199955283,4.965289123047221,MAINTAIN
Node_3504,London,74.22363694271577,3.9418637642893977,MAINTAIN
Node_3505,New York,18.790791768172017,2.6039114237006107,SHUTDOWN
Node_3506,New York,27.250926167620314,4.27641647338338,SHUTDOWN
Node_3507,New York,13.157141589647864,2.55758908771241,SHUTDOWN
Node_3508,London,17.191508893063027,1.5503956296034178,SHUTDOWN
Node_3509,New York,15.089645311437701,3.222165049999514,SHUTDOWN
Node_3510,Cape Town,17.590761774234636,1.5065689018961896,SHUTDOWN
Node_3511,New York,54.678125215450684,3.190098155624034,MAINTAIN
Node_3512,London,57.78025599932486,4.01814196721307,MAINTAIN
Node_3513,New York,25.63399027893159,2.180877225004913,SHUTDOWN
Node_3514,Cape Town,56.15721796147154,2.766650829684215,MAINTAIN
Node_3515,London,16.154465624812595,0.8549080758201855,SHUTDOWN
Node_3516,Cape Town,36.12384184252004,2.8852150596262875,MAINTAIN
Node_3517,London,68.85120637603544,4.484215332294469,MAINTAIN
Node_3518,New York,43.15452242979742,3.1505832138773373,MAINTAIN
Node_3519,New York,31.946859133344812,2.4009871920285284,MAINTAIN
Node_3520,London,25.989136466417627,4.613790895589732,SHUTDOWN
Node_3521,London,11.75597113796652,2.1810102778741682,SHUTDOWN
Node_3522,Cape Town,93.36574768987835,3.1028952974091055,MAINTAIN
Node_3523,New York,13.02496672799823,3.216172661095057,SHUTDOWN
Node_3524,London,51.18986084763779,2.057914438058053,MAINTAIN
Node_3525,New York,34.18236721359851,3.194491001487502,MAINTAIN
Node_3526,London,12.899968693096694,0.6823918408945546,SHUTDOWN
Node_3527,New York,85.43251255841516,1.3572850145697786,MAINTAIN
Node_3528,London,65.62902415773175,4.6640363838480825,MAINTAIN
Node_3529,Cape Town,92.63644076712772,3.543279471558069,MAINTAIN
Node_3530,New York,30.66417120857748,2.8423748584284114,MAINTAIN
Node_3531,Cape Town,44.995356887352244,2.7694692241076,MAINTAIN
Node_3532,New York,52.29840194938764,2.1675455695505033,MAINTAIN
Node_3533,New York,70.41975688547987,4.570258292319787,MAINTAIN
Node_3534,London,81.31863180812744,3.202841841479855,MAINTAIN
Node_3535,London,32.82804203514563,3.3589663644957515,MAINTAIN
Node_3536,New York,11.810418359011232,2.922273572408705,SHUTDOWN
Node_3537,Cape Town,16.12479299100835,1.9173600532362758,SHUTDOWN
Node_3538,New York,78.02546352595184,1.0395781414156082,MAINTAIN
Node_3539,New York,52.372710792862435,0.5556192567578844,MAINTAIN
Node_3540,New York,99.31142840712751,4.157917424030872,MAINTAIN
Node_3541,London,20.994779496325048,1.4624633949958847,SHUTDOWN
Node_3542,Cape Town,77.19507321731324,3.6681698441688684,MAINTAIN
Node_3543,New York,96.89736883266974,2.36648221632454,MAINTAIN
Node_3544,New York,57.93496010070218,2.970782228166683,MAINTAIN
Node_3545,London,21.977873270973838,2.9867706588270115,SHUTDOWN
Node_3546,New York,37.603740318221185,2.518658734319792,MAINTAIN
Node_3547,New York,22.5916538099152,3.8694526781975513,SHUTDOWN
Node_3548,London,22.31081109629529,3.0722518635593827,SHUTDOWN
Node_3549,New York,18.012159301654236,0.8810914698486749,SHUTDOWN
Node_3550,New York,35.86016485674337,3.7199866597552025,MAINTAIN
Node_3551,New York,67.85956365950608,4.532672161641003,MAINTAIN
Node_3552,New York,27.116443917195824,4.383660907061967,SHUTDOWN
Node_3553,New York,91.87401751901089,4.846101346531303,MAINTAIN
Node_3554,Cape Town,35.41772523238595,4.3733651801976405,MAINTAIN
Node_3555,London,87.03696914620065,0.7077141458822549,MAINTAIN
Node_3556,Cape Town,58.97700999672047,1.4238156537800075,MAINTAIN
Node_3557,Cape Town,12.35236698836328,1.94635975898586,SHUTDOWN
Node_3558,New York,20.319512158977304,2.4364296694551433,SHUTDOWN
Node_3559,Cape Town,84.75644998623287,3.070973241994276,MAINTAIN
Node_3560,London,45.9935025819201,2.294373425903354,MAINTAIN
Node_3561,New York,79.06752811567354,2.731590645984969,MAINTAIN
Node_3562,Cape Town,21.931993438187718,2.206470763727057,SHUTDOWN
Node_3563,Cape Town,20.106608468561955,0.5787211299927255,SHUTDOWN
Node_3564,London,70.2047929653172,3.157842196356925,MAINTAIN
Node_3565,Cape Town,76.84597007529052,1.908269330782061,MAINTAIN
Node_3566,New York,69.46528348870206,3.3395056509373604,MAINTAIN
Node_3567,Cape Town,83.80549915601057,0.6246476445003115,MAINTAIN
Node_3568,London,99.87433636802383,0.9003694461384948,MAINTAIN
Node_3569,Cape Town,62.05605016295279,4.60079351076225,MAINTAIN
Node_3570,Cape Town,25.031629818310883,2.6840343448987674,SHUTDOWN
Node_3571,New York,98.7444916769682,3.4931414953470536,MAINTAIN
Node_3572,New York,77.84341363144668,3.681399815325812,MAINTAIN
Node_3573,London,49.558266519215934,3.3544548208287606,MAINTAIN
Node_3574,Cape Town,63.98488051504188,0.8089532211887489,MAINTAIN
Node_3575,Cape Town,62.20771055759039,4.801640456898342,MAINTAIN
Node_3576,New York,81.19821668028176,3.553211008180287,MAINTAIN
Node_3577,Cape Town,21.075354053716257,4.845602725444586,SHUTDOWN
Node_3578,London,14.429437903405226,1.051096001242021,SHUTDOWN
Node_3579,New York,22.25460269726289,4.908340633564607,SHUTDOWN
Node_3580,London,38.31319154613885,1.5083339443021635,MAINTAIN
Node_3581,London,34.95877649306142,4.952415559300315,MAINTAIN
Node_3582,New York,21.81420231714972,4.4061787397939245,SHUTDOWN
Node_3583,London,62.85959269089768,3.4742053720632757,MAINTAIN
Node_3584,London,40.29366852990372,4.72931028990013,MAINTAIN
Node_3585,London,30.053929647307143,2.7103352953616606,MAINTAIN
Node_3586,London,32.951029992283814,1.0991931443829666,MAINTAIN
Node_3587,New York,37.37195230008289,0.9535893348100264,MAINTAIN
Node_3588,London,62.96224299934892,2.9948722778286663,MAINTAIN
Node_3589,Cape Town,98.71828389352322,4.144600482474504,MAINTAIN
Node_3590,New York,64.63458495428077,3.870348453543026,MAINTAIN
Node_3591,New York,84.21529577364174,1.7797674579713463,MAINTAIN
Node_3592,New York,12.268261040713515,3.6741626096303497,SHUTDOWN
Node_3593,London,48.32488597505408,3.319890582685623,MAINTAIN
Node_3594,London,47.37828309831362,3.137701615048912,MAINTAIN
Node_3595,New York,62.31358558048357,1.7134559236585691,MAINTAIN
Node_3596,Cape Town,15.008622029454619,0.8432721974354422,SHUTDOWN
Node_3597,Cape Town,20.31931184055766,2.98143230074818,SHUTDOWN
Node_3598,Cape Town,67.16792456122488,0.9640688064131209,MAINTAIN
Node_3599,New York,69.40115467156338,3.1922015378702024,MAINTAIN
Node_3600,London,53.95418278320656,4.758249410836042,MAINTAIN
Node_3601,New York,30.943806986851413,2.846410417519355,MAINTAIN
Node_3602,London,70.56973103465978,3.069452536548042,MAINTAIN
Node_3603,Cape Town,87.70893832429925,4.812887188861338,MAINTAIN
Node_3604,Cape Town,93.12534081023253,3.817084913938234,MAINTAIN
Node_3605,Cape Town,92.22036764701431,2.8144069667479874,MAINTAIN
Node_3606,London,15.514993481793335,4.3021127966763055,SHUTDOWN
Node_3607,Cape Town,36.76396776698359,1.5433208776404457,MAINTAIN
Node_3608,Cape Town,62.171747885827656,1.5997815515302634,MAINTAIN
Node_3609,London,70.5199226655032,3.848404432336557,MAINTAIN
Node_3610,New York,68.11730420216585,2.532662016129561,MAINTAIN
Node_3611,New York,43.022853476591806,3.206907871877937,MAINTAIN
Node_3612,New York,55.8309842025509,2.5365287567166828,MAINTAIN
Node_3613,Cape Town,75.04161083046611,4.990043449137074,MAINTAIN
Node_3614,London,90.85224024054523,3.5722357108709923,MAINTAIN
Node_3615,New York,15.147530514359948,1.434123944516339,SHUTDOWN
Node_3616,New York,63.973961315821306,0.7986781484683887,MAINTAIN
Node_3617,London,91.05927655903402,1.6107679621084408,MAINTAIN
Node_3618,New York,25.876460416013536,3.506845225827976,SHUTDOWN
Node_3619,Cape Town,30.63583614970262,2.40430250536724,MAINTAIN
Node_3620,Cape Town,82.59688655175665,2.496154966463541,MAINTAIN
Node_3621,Cape Town,85.9294333783246,4.0993602575516155,MAINTAIN
Node_3622,London,68.76272302496639,1.959483783197089,MAINTAIN
Node_3623,Cape Town,68.70190277119535,4.058535958106306,MAINTAIN
Node_3624,New York,24.463772660314834,4.022861733695736,SHUTDOWN
Node_3625,New York,33.53655056621981,2.6796541180485245,MAINTAIN
Node_3626,London,83.65329122264295,1.507983460572243,MAINTAIN
Node_3627,New York,16.73633192131195,3.7152048419144323,SHUTDOWN
Node_3628,Cape Town,64.44199822462562,1.3321369092526067,MAINTAIN
Node_3629,New York,25.702664999500364,4.652514059906599,SHUTDOWN
Node_3630,London,16.612611749311547,4.925734650284955,SHUTDOWN
Node_3631,Cape Town,10.813415509065175,0.8841670827140969,SHUTDOWN
Node_3632,New York,56.829917719375686,2.3540587171278986,MAINTAIN
Node_3633,New York,54.14880083918676,1.5464139522319655,MAINTAIN
Node_3634,London,58.15490086151705,4.579815113143059,MAINTAIN
Node_3635,London,59.88298656781019,2.5906711900977104,MAINTAIN
Node_3636,New York,69.2999512968344,4.113335830562052,MAINTAIN
Node_3637,New York,58.791238090432465,4.371760459107692,MAINTAIN
Node_3638,Cape Town,94.45366782131853,1.800762634597598,MAINTAIN
Node_3639,New York,62.53977762088449,1.4637508844290228,MAINTAIN
Node_3640,New York,22.68486118976994,3.586325735558857,SHUTDOWN
Node_3641,New York,85.56118877201287,0.7951847721409313,MAINTAIN
Node_3642,New York,48.55925345470747,2.804144827540444,MAINTAIN
Node_3643,New York,36.93594867127595,1.6058388067074096,MAINTAIN
Node_3644,London,99.98069690297548,1.4896928048648568,MAINTAIN
Node_3645,Cape Town,39.2858420762889,2.991388153714902,MAINTAIN
Node_3646,New York,30.866249919672562,1.6404709674791653,MAINTAIN
Node_3647,Cape Town,82.63264178470884,1.5460956290680508,MAINTAIN
Node_3648,London,84.16442537972776,1.8620042066523692,MAINTAIN
Node_3649,London,31.940375689437737,2.9463950912199133,MAINTAIN
Node_3650,New York,62.80301775967222,3.2687189581185847,MAINTAIN
Node_3651,Cape Town,39.72184656900409,2.0078872545567394,MAINTAIN
Node_3652,New York,60.68452143519821,3.104087367527018,MAINTAIN
Node_3653,London,51.696003906279074,2.209540106465553,MAINTAIN
Node_3654,London,42.74448333373128,3.2183958097042233,MAINTAIN
Node_3655,London,97.15557914207534,4.473495761479425,MAINTAIN
Node_3656,New York,60.94583830341123,4.316825936073974,MAINTAIN
Node_3657,London,43.03953632602021,4.840204470204974,MAINTAIN
Node_3658,London,70.40975645006307,3.4907251012940685,MAINTAIN
Node_3659,New York,43.56372403110178,3.5650316469953873,MAINTAIN
Node_3660,Cape Town,95.63534118474823,3.489111864672434,MAINTAIN
Node_3661,London,16.210330130356557,1.3387118808931562,SHUTDOWN
Node_3662,New York,94.00881896078951,2.4494696950540753,MAINTAIN
Node_3663,Cape Town,19.41890648707796,1.0496305424777952,SHUTDOWN
Node_3664,Cape Town,36.85511985503723,3.349375962146585,MAINTAIN
Node_3665,Cape Town,54.89087283039743,3.2617645352532465,MAINTAIN
Node_3666,Cape Town,66.62041733901279,1.5673246820001834,MAINTAIN
Node_3667,New York,72.8664604781951,0.9184792564237716,MAINTAIN
Node_3668,New York,98.3567689298578,2.6434405316115073,MAINTAIN
Node_3669,Cape Town,17.042920631473834,1.70849021114318,SHUTDOWN
Node_3670,New York,64.00257706723036,1.6181425656746957,MAINTAIN
Node_3671,London,44.42186134140317,2.2692652242603453,MAINTAIN
Node_3672,New York,37.174959436095484,4.328900205432511,MAINTAIN
Node_3673,London,48.13553867497092,1.760791101303145,MAINTAIN
Node_3674,Cape Town,96.14203610029207,4.484614694054651,MAINTAIN
Node_3675,Cape Town,47.82407330238547,1.2793022707367872,MAINTAIN
Node_3676,London,72.56873348486616,3.5404065268706573,MAINTAIN
Node_3677,New York,75.05858036040034,2.759545566513758,MAINTAIN
Node_3678,New York,60.320109388192215,0.614821106271794,MAINTAIN
Node_3679,New York,64.59221625769746,1.3551103795844908,MAINTAIN
Node_3680,London,32.58385700268515,0.7924914445716036,MAINTAIN
Node_3681,Cape Town,85.60301051972577,1.2630419011766154,MAINTAIN
Node_3682,Cape Town,96.30864081398738,2.1654869437824864,MAINTAIN
Node_3683,London,38.65859891008087,3.00061731961588,MAINTAIN
Node_3684,Cape Town,19.153740390954617,2.212119515729193,SHUTDOWN
Node_3685,New York,17.209451717543477,2.1106573928278345,SHUTDOWN
Node_3686,Cape Town,60.66304459077222,0.8761032468333105,MAINTAIN
Node_3687,New York,15.81497655476631,2.4228116892358793,SHUTDOWN
Node_3688,Cape Town,36.88722168850048,4.263174086246131,MAINTAIN
Node_3689,London,14.780335882448465,1.6229533669112304,SHUTDOWN
Node_3690,London,92.92292434495945,0.7063865791660481,MAINTAIN
Node_3691,London,53.58107403032353,1.0996673099402976,MAINTAIN
Node_3692,New York,51.86453451500938,3.4349269844247132,MAINTAIN
Node_3693,New York,55.780072466903036,1.7542284909230539,MAINTAIN
Node_3694,New York,99.68076055667841,0.7301838254904376,MAINTAIN
Node_3695,London,17.419634094830535,4.197400139193227,SHUTDOWN
Node_3696,London,99.26622282074403,1.775719053299539,MAINTAIN
Node_3697,London,48.10228172139268,4.448445584342156,MAINTAIN
Node_3698,Cape Town,86.4001092765302,4.8974497777148525,MAINTAIN
Node_3699,London,33.27927674554542,1.5847697419644344,MAINTAIN
Node_3700,New York,18.836862205165218,4.839757907565695,SHUTDOWN
Node_3701,New York,88.38515418128097,4.878884807684424,MAINTAIN
Node_3702,New York,63.3494914977744,4.354475616800761,MAINTAIN
Node_3703,Cape Town,63.098049466795594,0.8627707196228218,MAINTAIN
Node_3704,London,80.95169508298169,2.003483305048009,MAINTAIN
Node_3705,London,69.89628895954343,3.7457963801986542,MAINTAIN
Node_3706,New York,95.93548757900233,3.273929147883732,MAINTAIN
Node_3707,London,32.533118441710556,3.050873675259306,MAINTAIN
Node_3708,Cape Town,82.463620317772,1.8435826650089786,MAINTAIN
Node_3709,New York,10.875253820012855,4.087848344853305,SHUTDOWN
Node_3710,Cape Town,42.61695505989179,0.6949801850663362,MAINTAIN
Node_3711,New York,38.31063390670248,3.089163286123771,MAINTAIN
Node_3712,Cape Town,15.284894727251352,2.411892272671617,SHUTDOWN
Node_3713,Cape Town,24.3648472859084,4.314680760957102,SHUTDOWN
Node_3714,New York,17.852818811684248,1.1053066412662211,SHUTDOWN
Node_3715,New York,19.944023558723,2.2061697420911264,SHUTDOWN
Node_3716,New York,54.31509596163642,3.1372360533584573,MAINTAIN
Node_3717,Cape Town,26.579889494249514,0.7124703099259675,SHUTDOWN
Node_3718,London,67.49749875536466,1.7703401672907886,MAINTAIN
Node_3719,New York,48.18841093254495,1.3690155812100078,MAINTAIN
Node_3720,London,28.734660854182575,1.2949049408922715,SHUTDOWN
Node_3721,London,32.76546639680578,0.7745677936858844,MAINTAIN
Node_3722,New York,76.14102973128792,3.623136112958971,MAINTAIN
Node_3723,Cape Town,98.56299422535069,3.715560344826565,MAINTAIN
Node_3724,London,50.062842725392706,2.8913050288112982,MAINTAIN
Node_3725,New York,78.46110591865845,4.680954836345327,MAINTAIN
Node_3726,London,90.32968606621826,4.444393831968421,MAINTAIN
Node_3727,London,92.64337276324203,3.9552653875904378,MAINTAIN
Node_3728,Cape Town,33.620808681849056,3.4589399919294386,MAINTAIN
Node_3729,Cape Town,11.005391777789239,2.320477917360023,SHUTDOWN
Node_3730,New York,56.71686216481152,2.0124489475810883,MAINTAIN
Node_3731,London,78.02383527555871,4.937002705271807,MAINTAIN
Node_3732,London,71.48955365591756,3.8948301422098544,MAINTAIN
Node_3733,New York,44.50538869234815,2.5775170972227164,MAINTAIN
Node_3734,New York,16.519698172948537,1.0352669259249885,SHUTDOWN
Node_3735,London,79.20380910230669,3.5023918989901106,MAINTAIN
Node_3736,London,73.46626589289096,0.9008209772997446,MAINTAIN
Node_3737,London,79.1374294575173,2.964676179464621,MAINTAIN
Node_3738,New York,94.35534202220049,4.6273726501381685,MAINTAIN
Node_3739,New York,26.061896029818246,2.816132746791196,SHUTDOWN
Node_3740,Cape Town,99.21886143192758,2.7327351053610296,MAINTAIN
Node_3741,Cape Town,11.652222930106277,0.9899246139256912,SHUTDOWN
Node_3742,New York,24.571654515540608,4.789980313760182,SHUTDOWN
Node_3743,London,78.48065436442661,3.4272002418316734,MAINTAIN
Node_3744,New York,11.074969719546443,4.412465877544818,SHUTDOWN
Node_3745,London,87.05607313016611,3.9487148150539055,MAINTAIN
Node_3746,London,12.66097994835949,1.4196133322989857,SHUTDOWN
Node_3747,Cape Town,47.192609597471076,2.97414005666084,MAINTAIN
Node_3748,New York,25.793380250512993,1.167108251907068,SHUTDOWN
Node_3749,New York,72.7095492501987,0.6483214098550072,MAINTAIN
Node_3750,New York,51.4420238096878,3.7598715890164494,MAINTAIN
Node_3751,London,29.797494943373824,3.3175925438258793,SHUTDOWN
Node_3752,New York,47.19437020156689,1.53058426170415,MAINTAIN
Node_3753,Cape Town,74.83864060843342,2.7655529974768736,MAINTAIN
Node_3754,London,28.884013721746282,2.2369217326479407,SHUTDOWN
Node_3755,New York,93.58731570462938,1.7543978302729983,MAINTAIN
Node_3756,New York,16.341202885934837,1.1121650259652476,SHUTDOWN
Node_3757,Cape Town,91.8227410405713,1.1007328250394035,MAINTAIN
Node_3758,New York,44.272023222179634,4.257039164014989,MAINTAIN
Node_3759,New York,52.87293597456474,1.3118927672961642,MAINTAIN
Node_3760,New York,11.538977429473112,1.3760700485784008,SHUTDOWN
Node_3761,Cape Town,30.81833320188831,4.628049726819106,MAINTAIN
Node_3762,London,66.29989842015678,3.558617963429858,MAINTAIN
Node_3763,Cape Town,16.166065795600165,4.0882070910117605,SHUTDOWN
Node_3764,Cape Town,72.24418933380768,4.983640776856961,MAINTAIN
Node_3765,Cape Town,78.22426446682066,2.9296169995533874,MAINTAIN
Node_3766,Cape Town,58.4359733806823,4.323023546881304,MAINTAIN
Node_3767,London,28.310879149266743,2.251077035445997,SHUTDOWN
Node_3768,Cape Town,24.35146845239148,2.583203397941836,SHUTDOWN
Node_3769,London,16.744311281933935,3.6393347669069778,SHUTDOWN
Node_3770,London,33.29246706297432,1.3933505800385912,MAINTAIN
Node_3771,London,83.02034978631177,3.935258741080106,MAINTAIN
Node_3772,London,52.36831821466904,0.8067644586462535,MAINTAIN
Node_3773,New York,37.56303497925944,4.0180697194820905,MAINTAIN
Node_3774,London,78.3411865410257,4.726726075342554,MAINTAIN
Node_3775,London,81.18945422260117,2.214425241918696,MAINTAIN
Node_3776,London,75.7749125995547,2.4273370793701403,MAINTAIN
Node_3777,Cape Town,36.7175765993659,3.5007080584490264,MAINTAIN
Node_3778,New York,98.7257763598199,2.928757883559381,MAINTAIN
Node_3779,New York,41.169159145851324,0.639605844670881,MAINTAIN
Node_3780,New York,40.27975004479735,1.6060584546185566,MAINTAIN
Node_3781,London,88.41410672567591,1.7213052867879204,MAINTAIN
Node_3782,Cape Town,48.65583138848338,4.9247893369035225,MAINTAIN
Node_3783,Cape Town,74.89106484769725,1.501569183857832,MAINTAIN
Node_3784,New York,55.724416081065776,1.1524055795949815,MAINTAIN
Node_3785,Cape Town,54.59181021646694,0.7420046296959802,MAINTAIN
Node_3786,London,69.78368919856715,3.3040364680988965,MAINTAIN
Node_3787,New York,73.51586654207847,3.2459165572186763,MAINTAIN
Node_3788,London,65.50274834081011,4.141394077486122,MAINTAIN
Node_3789,London,57.123939927205626,4.136271215261308,MAINTAIN
Node_3790,London,30.227713534849713,0.7824468450859928,MAINTAIN
Node_3791,London,33.29517155743869,1.4961148365778731,MAINTAIN
Node_3792,New York,93.45510905644005,3.6016507945011993,MAINTAIN
Node_3793,Cape Town,23.577518652890824,3.594932378278278,SHUTDOWN
Node_3794,Cape Town,78.07006165334128,1.9959994061396131,MAINTAIN
Node_3795,Cape Town,82.3151181927063,4.078337859776117,MAINTAIN
Node_3796,London,95.11008074616487,4.222433678675962,MAINTAIN
Node_3797,Cape Town,26.176550220818893,2.2776595894400002,SHUTDOWN
Node_3798,Cape Town,82.51945858992129,3.7015816135757555,MAINTAIN
Node_3799,London,40.50616439829987,1.2101043759829178,MAINTAIN
Node_3800,London,29.111162313658763,4.118167243616127,SHUTDOWN
Node_3801,Cape Town,42.83292996282563,0.8009168718350359,MAINTAIN
Node_3802,New York,87.661362056009,2.0862960518155687,MAINTAIN
Node_3803,London,69.37203576789919,1.4226960581912187,MAINTAIN
Node_3804,New York,90.41852391035609,3.0152880057982023,MAINTAIN
Node_3805,London,19.99259589554557,1.8746716776973404,SHUTDOWN
Node_3806,New York,55.87331833974239,0.8530786760852641,MAINTAIN
Node_3807,New York,56.57717649409284,3.5409217648723796,MAINTAIN
Node_3808,New York,10.280998343079581,4.263029048051989,SHUTDOWN
Node_3809,London,21.926408435010075,1.273080039282408,SHUTDOWN
Node_3810,New York,46.49326791572531,1.263722537671171,MAINTAIN
Node_3811,New York,93.66093099908746,3.6404700720061327,MAINTAIN
Node_3812,New York,56.5726945945846,1.937935829930757,MAINTAIN
Node_3813,New York,94.57637382463454,4.4158040213885705,MAINTAIN
Node_3814,New York,15.679295849618178,3.0105693416215167,SHUTDOWN
Node_3815,London,65.84650677225858,1.8571424434814248,MAINTAIN
Node_3816,London,87.69153546934632,4.834368689592464,MAINTAIN
Node_3817,New York,81.18246234310588,2.707319984669393,MAINTAIN
Node_3818,London,36.62274126716159,4.43775920970633,MAINTAIN
Node_3819,New York,22.744464302602353,3.1657199588088836,SHUTDOWN
Node_3820,New York,61.761868886366344,2.527437652335583,MAINTAIN
Node_3821,Cape Town,88.89053155681171,1.167583990286114,MAINTAIN
Node_3822,Cape Town,17.43298121507592,1.1001230098091694,SHUTDOWN
Node_3823,London,23.59984046058276,2.6901401080189147,SHUTDOWN
Node_3824,New York,93.81947006845314,1.2431524492054185,MAINTAIN
Node_3825,London,54.11319357358284,2.14763710389206,MAINTAIN
Node_3826,Cape Town,59.03041678391733,3.7484269222041804,MAINTAIN
Node_3827,London,95.3017030618959,4.479214371084407,MAINTAIN
Node_3828,Cape Town,37.496240165839154,2.9161447872676427,MAINTAIN
Node_3829,New York,47.97075648979649,0.6690880954157707,MAINTAIN
Node_3830,Cape Town,12.733946820356326,0.6218365338744972,SHUTDOWN
Node_3831,Cape Town,33.82964574869757,4.81271152846518,MAINTAIN
Node_3832,Cape Town,72.34410593754299,0.9235188143135218,MAINTAIN
Node_3833,New York,73.84853245092508,2.2281354734796044,MAINTAIN
Node_3834,London,45.72549679681378,4.688672392257569,MAINTAIN
Node_3835,Cape Town,46.80691562257282,1.9389247773527996,MAINTAIN
Node_3836,New York,64.0203890675092,2.7771468995040105,MAINTAIN
Node_3837,Cape Town,63.80606312065338,1.6489174958948585,MAINTAIN
Node_3838,New York,82.34858478773108,3.3028042052067392,MAINTAIN
Node_3839,New York,76.37545233260026,4.847376364338214,MAINTAIN
Node_3840,London,81.20634503228034,2.6714293442984864,MAINTAIN
Node_3841,London,47.192540186081395,2.014188461481719,MAINTAIN
Node_3842,Cape Town,44.937998598371514,0.6133009160710343,MAINTAIN
Node_3843,New York,60.795006812483365,0.8527444583665357,MAINTAIN
Node_3844,New York,65.24296036082026,1.1307093803634787,MAINTAIN
Node_3845,London,64.25546083934377,1.8756188929848068,MAINTAIN
Node_3846,Cape Town,81.8158355122399,3.8250624590931106,MAINTAIN
Node_3847,London,74.91071083403641,2.3872042619511378,MAINTAIN
Node_3848,London,65.33480349023114,4.618559853807442,MAINTAIN
Node_3849,Cape Town,24.166403567090644,3.229516132721171,SHUTDOWN
Node_3850,Cape Town,36.76371679010761,4.1083297495924835,MAINTAIN
Node_3851,Cape Town,19.03945757752937,4.44824080658736,SHUTDOWN
Node_3852,Cape Town,57.67457047520051,1.5688742878978268,MAINTAIN
Node_3853,Cape Town,70.57031236480134,1.9412569421061874,MAINTAIN
Node_3854,New York,77.2897146686211,3.1878929935720155,MAINTAIN
Node_3855,London,10.86884845626159,3.56659659703935,SHUTDOWN
Node_3856,New York,70.29545689371255,3.439216379074373,MAINTAIN
Node_3857,Cape Town,46.36190493149124,3.9951165052638533,MAINTAIN
Node_3858,New York,95.16366461737366,4.832738775060953,MAINTAIN
Node_3859,Cape Town,67.95107868501614,2.5390429453870884,MAINTAIN
Node_3860,London,75.81384809760476,1.3569496899673554,MAINTAIN
Node_3861,Cape Town,85.75549765513483,1.3983827973580154,MAINTAIN
Node_3862,New York,79.3805530479661,2.0418092207267944,MAINTAIN
Node_3863,London,90.63343323355183,2.564822649312672,MAINTAIN
Node_3864,New York,62.09590069929245,3.6837524154823464,MAINTAIN
Node_3865,New York,97.33688342694872,0.5582878904933124,MAINTAIN
Node_3866,London,87.3549646400864,4.66189846699344,MAINTAIN
Node_3867,Cape Town,32.17701033273468,4.2571502073661485,MAINTAIN
Node_3868,New York,22.787630213162913,1.562241199044095,SHUTDOWN
Node_3869,London,98.35835131611393,4.223558917319101,MAINTAIN
Node_3870,London,53.76086219467321,4.407325274631985,MAINTAIN
Node_3871,Cape Town,92.3732757143947,2.4291695153949826,MAINTAIN
Node_3872,London,70.06114595409495,4.371648660208374,MAINTAIN
Node_3873,Cape Town,75.11003654876417,4.2752588635534705,MAINTAIN
Node_3874,London,30.510029730033576,2.1763319088671986,MAINTAIN
Node_3875,New York,73.50236455663125,2.4154038517844616,MAINTAIN
Node_3876,Cape Town,68.86314750364528,4.75074914131222,MAINTAIN
Node_3877,London,22.5113347889669,0.6399537621709439,SHUTDOWN
Node_3878,New York,61.070796732084425,3.6083661245212455,MAINTAIN
Node_3879,New York,60.82329332769356,3.806492206433316,MAINTAIN
Node_3880,London,77.92379491591858,4.387981098710795,MAINTAIN
Node_3881,Cape Town,80.05632243205301,3.1411605972953565,MAINTAIN
Node_3882,New York,46.61818119074623,0.6675136495638034,MAINTAIN
Node_3883,Cape Town,98.01664685075843,2.2621625968698664,MAINTAIN
Node_3884,London,26.046974574565823,3.1357337083611645,SHUTDOWN
Node_3885,London,69.54758901080118,2.2450098276203065,MAINTAIN
Node_3886,New York,65.94187681342302,1.4785694899779118,MAINTAIN
Node_3887,New York,37.67169523404305,2.3425852817481765,MAINTAIN
Node_3888,London,69.93225345742104,2.753704158532655,MAINTAIN
Node_3889,Cape Town,51.19556221179635,1.4194155085230158,MAINTAIN
Node_3890,London,48.27903804418565,2.607699591098127,MAINTAIN
Node_3891,New York,51.57490106745637,4.032613567094862,MAINTAIN
Node_3892,London,92.51260976348556,2.6078891993319147,MAINTAIN
Node_3893,New York,79.4744404272508,3.4246030858346606,MAINTAIN
Node_3894,New York,62.635840045053676,3.71277625131367,MAINTAIN
Node_3895,New York,60.151221711322876,1.2162261214380954,MAINTAIN
Node_3896,London,20.910121265272693,4.721326298289676,SHUTDOWN
Node_3897,New York,68.85724418628666,4.297008397874257,MAINTAIN
Node_3898,Cape Town,71.98542075883809,0.564310721167995,MAINTAIN
Node_3899,London,75.89737556168957,3.024314474491263,MAINTAIN
Node_3900,Cape Town,83.84125767900076,2.9468959142377993,MAINTAIN
Node_3901,London,34.80708178247605,4.939227255825669,MAINTAIN
Node_3902,New York,83.34526930492042,3.657814452827405,MAINTAIN
Node_3903,New York,59.39078519282957,4.519758912096565,MAINTAIN
Node_3904,New York,23.375896968554553,3.897523800003176,SHUTDOWN
Node_3905,Cape Town,26.253436112899237,2.2893228684392035,SHUTDOWN
Node_3906,London,12.269211389758723,1.7113068133359008,SHUTDOWN
Node_3907,New York,84.20601716936966,4.543196969185768,MAINTAIN
Node_3908,London,23.465907955351046,3.100318129008208,SHUTDOWN
Node_3909,Cape Town,84.65432908830881,1.7961337362653027,MAINTAIN
Node_3910,New York,69.71930301242885,2.579360143835825,MAINTAIN
Node_3911,New York,66.95442868759949,4.951103833990709,MAINTAIN
Node_3912,Cape Town,25.090732423715963,1.851011392180087,SHUTDOWN
Node_3913,London,49.76258229100034,4.89448127200601,MAINTAIN
Node_3914,New York,61.01498835745582,4.755347840102026,MAINTAIN
Node_3915,New York,24.92589705855859,4.067109288063328,SHUTDOWN
Node_3916,New York,68.78972360568126,2.577127402124069,MAINTAIN
Node_3917,London,40.223176223915885,1.926029520002579,MAINTAIN
Node_3918,London,13.619807116646065,2.085586987588872,SHUTDOWN
Node_3919,London,89.76849524099246,1.058493095558239,MAINTAIN
Node_3920,New York,13.417114833413141,3.80249792146257,SHUTDOWN
Node_3921,New York,13.70160399548671,2.7093060516509015,SHUTDOWN
Node_3922,New York,84.3593234494706,3.7805843233668783,MAINTAIN
Node_3923,London,25.999420689440917,0.7863419083117045,SHUTDOWN
Node_3924,London,97.27907212975505,3.6721230700271073,MAINTAIN
Node_3925,London,95.51367997752503,1.5661588395634394,MAINTAIN
Node_3926,London,26.102415028089,1.7647596883103682,SHUTDOWN
Node_3927,London,78.27317652034776,3.1233521593209925,MAINTAIN
Node_3928,New York,74.48725893497193,4.361916196159326,MAINTAIN
Node_3929,New York,10.69656402769906,2.1414580328079307,SHUTDOWN
Node_3930,London,71.28279116697679,2.679543295641091,MAINTAIN
Node_3931,New York,82.622994277095,2.9039366377711158,MAINTAIN
Node_3932,Cape Town,48.390834422994764,2.968404765568442,MAINTAIN
Node_3933,London,46.711674541539246,2.682164530700969,MAINTAIN
Node_3934,New York,11.316892051689504,1.8365706825474637,SHUTDOWN
Node_3935,New York,27.614448369771065,4.979437756232123,SHUTDOWN
Node_3936,Cape Town,87.94594552247054,0.871172004085027,MAINTAIN
Node_3937,New York,22.985030246616986,3.8423931504730264,SHUTDOWN
Node_3938,New York,29.08016772211896,1.6168061635706377,SHUTDOWN
Node_3939,Cape Town,78.83894102809583,4.946474976562909,MAINTAIN
Node_3940,Cape Town,53.62904908357269,2.649968708777431,MAINTAIN
Node_3941,Cape Town,64.89947761683172,0.5242767500000785,MAINTAIN
Node_3942,London,51.816763031423676,1.371718072656015,MAINTAIN
Node_3943,Cape Town,88.34674348530439,1.8407836442352892,MAINTAIN
Node_3944,New York,14.647513018933044,0.5114129901623781,SHUTDOWN
Node_3945,London,88.06303814902398,0.7116343708716157,MAINTAIN
Node_3946,New York,51.70651260878797,3.388715433394066,MAINTAIN
Node_3947,London,42.97418487779911,1.6079695778575749,MAINTAIN
Node_3948,New York,33.38408112179126,3.4393839801674355,MAINTAIN
Node_3949,Cape Town,96.6415365732224,4.029967229294041,MAINTAIN
Node_3950,London,70.4003724584119,3.3476771131885545,MAINTAIN
Node_3951,Cape Town,73.67399890784321,4.811818581698013,MAINTAIN
Node_3952,New York,94.98277963749597,2.5224374516739605,MAINTAIN
Node_3953,Cape Town,81.76326799501324,4.660468455874315,MAINTAIN
Node_3954,Cape Town,58.48712386203093,3.1372289326308502,MAINTAIN
Node_3955,London,95.84880891792778,1.8256866472797628,MAINTAIN
Node_3956,Cape Town,20.995817149945328,1.3337309480868853,SHUTDOWN
Node_3957,New York,38.27801079849979,2.8485848518762253,MAINTAIN
Node_3958,Cape Town,95.44323707917843,4.987330467496089,MAINTAIN
Node_3959,New York,95.3351412001407,0.587718521788442,MAINTAIN
Node_3960,New York,25.730832619595354,1.3610762508760599,SHUTDOWN
Node_3961,London,52.849825956229125,3.0235683269903153,MAINTAIN
Node_3962,Cape Town,99.79915968581103,4.948951446860164,MAINTAIN
Node_3963,Cape Town,32.982698995197936,3.367191781449426,MAINTAIN
Node_3964,London,75.85840888067219,4.833612081035746,MAINTAIN
Node_3965,Cape Town,75.27116650797036,2.1904919569196926,MAINTAIN
Node_3966,Cape Town,19.119221753365398,4.3278170291323494,SHUTDOWN
Node_3967,Cape Town,47.91558981319756,1.864695482434111,MAINTAIN
Node_3968,New York,98.48732741224879,4.220828496851066,MAINTAIN
Node_3969,London,19.70167414599701,2.953441530266171,SHUTDOWN
Node_3970,Cape Town,61.94230494090144,4.656249465010429,MAINTAIN
Node_3971,Cape Town,37.69571184111287,1.5786609216745229,MAINTAIN
Node_3972,New York,40.149852744585324,2.5204529319973252,MAINTAIN
Node_3973,New York,10.29630642548142,1.0304079871703407,SHUTDOWN
Node_3974,Cape Town,63.58972508736279,3.20475422907751,MAINTAIN
Node_3975,New York,44.37353705731961,3.5605443589968053,MAINTAIN
Node_3976,Cape Town,40.301962645192944,4.0619489853532444,MAINTAIN
Node_3977,New York,88.00386690581962,2.2204043984939554,MAINTAIN
Node_3978,London,13.456600973584726,3.1476262584179673,SHUTDOWN
Node_3979,Cape Town,25.955148526026058,1.5034385404792072,SHUTDOWN
Node_3980,London,90.17499511075077,3.4178854945560557,MAINTAIN
Node_3981,London,42.28215070028619,4.6242112898134655,MAINTAIN
Node_3982,New York,82.99371451055113,3.728905328816242,MAINTAIN
Node_3983,Cape Town,11.388719819629253,1.274422488092979,SHUTDOWN
Node_3984,New York,87.4280722701218,4.666625390363648,MAINTAIN
Node_3985,London,68.61627753969228,4.0813431288864574,MAINTAIN
Node_3986,Cape Town,94.55604161300244,1.158721758084315,MAINTAIN
Node_3987,London,42.46096995642782,3.642942548174593,MAINTAIN
Node_3988,Cape Town,67.78397617834662,2.5331029305935653,MAINTAIN
Node_3989,London,79.94105294214562,1.7732046523907394,MAINTAIN
Node_3990,London,44.79415032619326,1.0711399872091079,MAINTAIN
Node_3991,London,93.05253570998573,1.4248546922006127,MAINTAIN
Node_3992,London,18.676623138585633,4.488985549285871,SHUTDOWN
Node_3993,New York,40.61844753488771,0.8702871423910443,MAINTAIN
Node_3994,London,84.46528285040344,1.982484934054842,MAINTAIN
Node_3995,London,29.445643596589743,4.13549147395319,SHUTDOWN
Node_3996,New York,69.85845249560387,0.9142454915648233,MAINTAIN
Node_3997,New York,27.985914918168014,2.926186981842039,SHUTDOWN
Node_3998,London,91.78704629496418,0.6560795622976789,MAINTAIN
Node_3999,New York,94.80136120649246,2.1766104381206373,MAINTAIN
Node_4000,London,16.979452121325906,0.9568118487581172,SHUTDOWN
Node_4001,London,90.36034966720386,1.2770853981065242,MAINTAIN
Node_4002,Cape Town,99.37835343510933,0.5331906056073339,MAINTAIN
Node_4003,Cape Town,48.25037465698749,2.3576119167305216,MAINTAIN
Node_4004,London,33.908702594319074,2.7038291100995755,MAINTAIN
Node_4005,London,71.16158742657485,4.330561029641835,MAINTAIN
Node_4006,New York,35.69354531436255,4.750717110569832,MAINTAIN
Node_4007,Cape Town,11.022262227972316,4.051278774534725,SHUTDOWN
Node_4008,Cape Town,26.81225541792065,2.4332541809879533,SHUTDOWN
Node_4009,Cape Town,20.070658431203434,4.0880559186500465,SHUTDOWN
Node_4010,New York,45.87357644722154,1.0003090102429564,MAINTAIN
Node_4011,Cape Town,89.72854246875825,2.7718448992425344,MAINTAIN
Node_4012,London,31.52914734681779,2.5069027974625544,MAINTAIN
Node_4013,Cape Town,25.276547905106334,3.207467809139789,SHUTDOWN
Node_4014,Cape Town,70.88236445791678,2.6574338922491316,MAINTAIN
Node_4015,Cape Town,25.51562181706732,2.2135511917065007,SHUTDOWN
Node_4016,Cape Town,67.63105337593173,2.1808003233616944,MAINTAIN
Node_4017,New York,77.10176988383697,2.374110450297862,MAINTAIN
Node_4018,New York,96.82800199866792,1.4438036538618286,MAINTAIN
Node_4019,New York,23.957996946294607,3.157953853526651,SHUTDOWN
Node_4020,London,54.15492252517129,3.4604414458928034,MAINTAIN
Node_4021,London,68.61513552410767,1.0839210913137634,MAINTAIN
Node_4022,London,89.40198657238226,4.8831061766766855,MAINTAIN
Node_4023,New York,53.83274606488686,4.689018175235501,MAINTAIN
Node_4024,London,25.307568937900882,4.371749918645177,SHUTDOWN
Node_4025,London,26.096120684652792,3.8817241611292177,SHUTDOWN
Node_4026,Cape Town,77.73536098307584,2.0668798489160287,MAINTAIN
Node_4027,London,76.96671471729978,1.0745251590283658,MAINTAIN
Node_4028,London,56.84447657302253,4.674150150623819,MAINTAIN
Node_4029,Cape Town,20.693385681390144,1.3198823337679964,SHUTDOWN
Node_4030,London,54.09520783193522,3.1214673933893753,MAINTAIN
Node_4031,Cape Town,58.226170657649696,2.9362619347244254,MAINTAIN
Node_4032,London,53.77707584748861,4.670418410982762,MAINTAIN
Node_4033,New York,74.82060322068374,0.6162608300870078,MAINTAIN
Node_4034,Cape Town,40.09350363092845,4.779880751196017,MAINTAIN
Node_4035,London,33.65979856856839,3.497182270473104,MAINTAIN
Node_4036,New York,12.376806393844149,4.30374464776723,SHUTDOWN
Node_4037,London,58.425828821569425,1.7287102593022612,MAINTAIN
Node_4038,New York,90.62188902689668,4.9621708382957515,MAINTAIN
Node_4039,Cape Town,91.53709504437147,3.666030344520694,MAINTAIN
Node_4040,Cape Town,22.276517714681283,0.7354949215202853,SHUTDOWN
Node_4041,New York,84.15979183829225,0.91419005181366,MAINTAIN
Node_4042,New York,55.66373949887476,2.3656923554155123,MAINTAIN
Node_4043,New York,35.853368978151245,3.0465080322835836,MAINTAIN
Node_4044,New York,75.97895113401513,2.432215467913499,MAINTAIN
Node_4045,New York,22.618259297458174,1.687197357232392,SHUTDOWN
Node_4046,Cape Town,91.05028700792657,3.403556961645133,MAINTAIN
Node_4047,London,66.62507502076343,1.579265716679268,MAINTAIN
Node_4048,London,61.57045022107389,3.7802533696299574,MAINTAIN
Node_4049,New York,78.10591794153841,2.751216606550071,MAINTAIN
Node_4050,Cape Town,17.52902638239771,4.984250912364525,SHUTDOWN
Node_4051,Cape Town,94.55908742304855,2.0005268800458254,MAINTAIN
Node_4052,Cape Town,81.04822660600064,4.861261168695772,MAINTAIN
Node_4053,New York,96.16783222202349,1.278537576999099,MAINTAIN
Node_4054,London,54.64077581637839,3.8266595653639293,MAINTAIN
Node_4055,London,99.42145730409842,3.0476924361488025,MAINTAIN
Node_4056,Cape Town,72.88659662301973,3.37838982480961,MAINTAIN
Node_4057,New York,19.84266532356696,4.3187298777658665,SHUTDOWN
Node_4058,Cape Town,76.65234532102043,2.0190027424861046,MAINTAIN
Node_4059,New York,95.33527616833412,1.590522866348411,MAINTAIN
Node_4060,Cape Town,89.47114027656112,2.3541359267384347,MAINTAIN
Node_4061,London,28.407342384151676,1.8865982847280587,SHUTDOWN
Node_4062,Cape Town,81.30512778133706,2.941827195697839,MAINTAIN
Node_4063,London,97.46290025227346,0.9200458457766917,MAINTAIN
Node_4064,Cape Town,61.83149254991925,1.2121050972951768,MAINTAIN
Node_4065,New York,43.938873646743325,1.2221775892639952,MAINTAIN
Node_4066,Cape Town,29.839928127844434,2.826893047602993,SHUTDOWN
Node_4067,New York,63.89460060142756,4.046492238152595,MAINTAIN
Node_4068,London,31.687815391605806,0.5764000056865392,MAINTAIN
Node_4069,Cape Town,42.77553102092411,4.663332463115059,MAINTAIN
Node_4070,London,89.04518474120177,3.662989512668176,MAINTAIN
Node_4071,London,46.509782999126024,2.110394932727651,MAINTAIN
Node_4072,London,27.767739402259917,1.5051261399721576,SHUTDOWN
Node_4073,London,95.33750645977642,1.7931496110857421,MAINTAIN
Node_4074,New York,81.46898647857114,3.3608895836912662,MAINTAIN
Node_4075,New York,14.231189038758007,4.319561305842916,SHUTDOWN
Node_4076,New York,54.35972114150519,4.636890178646979,MAINTAIN
Node_4077,Cape Town,26.4675481689961,0.9306367215440178,SHUTDOWN
Node_4078,New York,71.15701997649265,4.531503300175057,MAINTAIN
Node_4079,London,33.89374876262942,3.6923107744892856,MAINTAIN
Node_4080,London,35.39325958423057,4.543771019459943,MAINTAIN
Node_4081,New York,94.36195794874294,3.9377760565360376,MAINTAIN
Node_4082,New York,22.528843992451396,0.7179144022462333,SHUTDOWN
Node_4083,New York,50.906057889653916,2.4226282470163527,MAINTAIN
Node_4084,London,73.43169636328,3.2192910073544416,MAINTAIN
Node_4085,Cape Town,70.43213344087269,1.3964649704302374,MAINTAIN
Node_4086,New York,55.36122689650889,3.3413016530107305,MAINTAIN
Node_4087,London,60.47605511600992,2.940697267084515,MAINTAIN
Node_4088,New York,98.18503755214384,1.0071566970445809,MAINTAIN
Node_4089,London,32.34215950138154,2.1725632575973854,MAINTAIN
Node_4090,New York,16.611267343463393,4.681637260935475,SHUTDOWN
Node_4091,Cape Town,51.20721932916817,3.74871869962115,MAINTAIN
Node_4092,London,31.200537823821016,4.309343697466593,MAINTAIN
Node_4093,Cape Town,23.71880932487543,3.7023178763743476,SHUTDOWN
Node_4094,New York,92.90267740245278,4.7914177759966545,MAINTAIN
Node_4095,Cape Town,73.39055172848197,3.627183850475227,MAINTAIN
Node_4096,Cape Town,29.957541246901513,3.8258839382250773,SHUTDOWN
Node_4097,London,51.86611802832254,1.4503294720663669,MAINTAIN
Node_4098,New York,55.68977980108215,2.0693570289981444,MAINTAIN
Node_4099,New York,10.565075135537397,2.8617039001910385,SHUTDOWN
Node_4100,New York,51.969890704285525,4.037261979844731,MAINTAIN
Node_4101,Cape Town,78.17926743590276,3.553926392339882,MAINTAIN
Node_4102,Cape Town,36.68295370281976,2.8142501411979777,MAINTAIN
Node_4103,New York,68.72483827057079,2.2084717619016625,MAINTAIN
Node_4104,London,18.642867708862394,4.599295761977774,SHUTDOWN
Node_4105,New York,53.75092468864164,2.1000833831734993,MAINTAIN
Node_4106,New York,19.86967917999614,3.1495988934030557,SHUTDOWN
Node_4107,New York,24.38878065800784,2.6375884774359655,SHUTDOWN
Node_4108,Cape Town,26.605302880493547,1.3946498106005636,SHUTDOWN
Node_4109,London,79.47478392027102,3.00524820499567,MAINTAIN
Node_4110,Cape Town,71.00171900458699,0.9129799701710893,MAINTAIN
Node_4111,New York,76.1397863566089,4.975410567348215,MAINTAIN
Node_4112,Cape Town,32.35161579474616,4.0330649099950975,MAINTAIN
Node_4113,London,85.54681543427384,3.161620782998368,MAINTAIN
Node_4114,New York,78.55858993884178,1.1281885627048678,MAINTAIN
Node_4115,London,82.88603751610069,3.08742525144333,MAINTAIN
Node_4116,Cape Town,67.29631946652074,1.1320344134351403,MAINTAIN
Node_4117,Cape Town,38.27729272764354,2.6436783668578343,MAINTAIN
Node_4118,New York,42.0195625189003,2.096190438507435,MAINTAIN
Node_4119,Cape Town,31.30257230753556,3.459346619447309,MAINTAIN
Node_4120,New York,32.526429294013326,4.479596388089911,MAINTAIN
Node_4121,Cape Town,23.265932499581524,1.015573665585804,SHUTDOWN
Node_4122,Cape Town,80.88790064064543,4.848549142162704,MAINTAIN
Node_4123,London,62.6095474389537,2.328968617313826,MAINTAIN
Node_4124,Cape Town,36.4245648112707,4.62757080067818,MAINTAIN
Node_4125,Cape Town,84.76372786881767,0.9807926185498632,MAINTAIN
Node_4126,London,55.06721241670166,0.6592730080559022,MAINTAIN
Node_4127,Cape Town,17.553022825947203,0.5266986286544644,SHUTDOWN
Node_4128,Cape Town,89.25063361010609,2.943219187397592,MAINTAIN
Node_4129,Cape Town,63.07508509176094,3.5076188793606367,MAINTAIN
Node_4130,London,75.32496425527648,1.5791834291772409,MAINTAIN
Node_4131,Cape Town,82.36252377986575,4.850023675123035,MAINTAIN
Node_4132,Cape Town,93.21397583430708,2.22715203198645,MAINTAIN
Node_4133,New York,25.69556639388061,4.081835720047479,SHUTDOWN
Node_4134,Cape Town,85.96957920875863,1.4538868093308468,MAINTAIN
Node_4135,New York,35.016744937227074,1.2862396814212564,MAINTAIN
Node_4136,Cape Town,38.18844638335494,0.6750594515438217,MAINTAIN
Node_4137,Cape Town,95.38595257626784,2.1764757949108424,MAINTAIN
Node_4138,New York,79.09922865527236,4.732587308337421,MAINTAIN
Node_4139,London,12.677358213038643,1.6938192024702219,SHUTDOWN
Node_4140,New York,17.999321726347567,4.0993468994083555,SHUTDOWN
Node_4141,New York,55.03183586088738,2.314042659218216,MAINTAIN
Node_4142,New York,77.20827859840475,4.012265500387956,MAINTAIN
Node_4143,Cape Town,37.40922570958843,3.388922616625476,MAINTAIN
Node_4144,Cape Town,23.830350832784617,2.254043252925445,SHUTDOWN
Node_4145,Cape Town,65.39535413997075,3.247966169340716,MAINTAIN
Node_4146,London,17.400509621562488,4.391946507604064,SHUTDOWN
Node_4147,London,74.91897349943255,1.3831131026551653,MAINTAIN
Node_4148,London,37.48384780956019,2.168571377919155,MAINTAIN
Node_4149,New York,82.14194613887362,2.080868840597197,MAINTAIN
Node_4150,London,14.193999730565832,1.5947842212646892,SHUTDOWN
Node_4151,London,17.900881584780922,4.134183583465304,SHUTDOWN
Node_4152,New York,71.59826651599407,0.8919665488386662,MAINTAIN
Node_4153,Cape Town,89.03392893667002,3.8965286884326624,MAINTAIN
Node_4154,Cape Town,29.7221941138509,1.349706679866911,SHUTDOWN
Node_4155,Cape Town,71.35110516708139,2.931477096501492,MAINTAIN
Node_4156,New York,51.97214689067151,3.415824924422584,MAINTAIN
Node_4157,Cape Town,70.81682031033158,4.56325789386865,MAINTAIN
Node_4158,London,89.71754586863312,1.1950585396470121,MAINTAIN
Node_4159,Cape Town,64.92329525188333,1.1296123657344148,MAINTAIN
Node_4160,Cape Town,94.40621591462653,1.5071518198414833,MAINTAIN
Node_4161,Cape Town,71.35275836319767,0.8094359216954883,MAINTAIN
Node_4162,London,24.891032542215275,0.8560250401049346,SHUTDOWN
Node_4163,London,12.227983872346705,1.9079187841495202,SHUTDOWN
Node_4164,London,97.5810968629384,4.436597415847027,MAINTAIN
Node_4165,New York,83.94279590465683,2.207996563573788,MAINTAIN
Node_4166,Cape Town,62.55279489116213,3.7741546673580775,MAINTAIN
Node_4167,London,61.201180512664166,3.229811640975593,MAINTAIN
Node_4168,New York,81.43941417006542,4.647870140211244,MAINTAIN
Node_4169,Cape Town,40.788251968740724,1.5347662584973671,MAINTAIN
Node_4170,New York,60.11789352943653,4.7176849616616305,MAINTAIN
Node_4171,Cape Town,72.00273763550337,4.3935074576151685,MAINTAIN
Node_4172,New York,69.32873667894319,1.2546221484940712,MAINTAIN
Node_4173,London,44.15980874432393,3.4898038941646083,MAINTAIN
Node_4174,London,40.46304807119425,4.3733055551037605,MAINTAIN
Node_4175,New York,38.60685471981413,2.2948343925724344,MAINTAIN
Node_4176,Cape Town,59.07092646563939,1.7232640806487651,MAINTAIN
Node_4177,London,25.077194718082367,1.5366123568828194,SHUTDOWN
Node_4178,London,67.39130280364455,0.5025610521241981,MAINTAIN
Node_4179,New York,12.405802658357718,1.7254829904615427,SHUTDOWN
Node_4180,London,41.697531214683906,1.7583891646849459,MAINTAIN
Node_4181,London,15.422170163377178,3.79206941527785,SHUTDOWN
Node_4182,New York,26.762014149579738,2.399388339194875,SHUTDOWN
Node_4183,London,63.26788620243483,1.6866848460915809,MAINTAIN
Node_4184,London,54.516142170118435,1.551503498500413,MAINTAIN
Node_4185,Cape Town,91.24346957723094,4.909053437415054,MAINTAIN
Node_4186,New York,16.84291662827608,1.0036681951231523,SHUTDOWN
Node_4187,London,26.526146809769944,4.398866521449525,SHUTDOWN
Node_4188,Cape Town,20.043406022211926,2.466418098656798,SHUTDOWN
Node_4189,London,48.82664362428667,4.405404532675357,MAINTAIN
Node_4190,New York,55.87675218714197,3.260064274195561,MAINTAIN
Node_4191,Cape Town,56.49263025278698,1.3019345550242376,MAINTAIN
Node_4192,Cape Town,77.2412338905125,1.47260620663487,MAINTAIN
Node_4193,London,66.62546397537623,4.813980647027247,MAINTAIN
Node_4194,New York,91.23325652859062,3.157584065864808,MAINTAIN
Node_4195,New York,63.4702159152592,3.5725648850632683,MAINTAIN
Node_4196,New York,97.63504746460569,1.9999010262821157,MAINTAIN
Node_4197,New York,54.75813200586514,2.4438228588921262,MAINTAIN
Node_4198,New York,68.83871466813567,4.558146169598452,MAINTAIN
Node_4199,London,51.62625862389553,2.4106789080473465,MAINTAIN
Node_4200,Cape Town,87.66350553472732,2.0250010962237566,MAINTAIN
Node_4201,Cape Town,40.305309786560244,4.181184888058992,MAINTAIN
Node_4202,New York,25.56207222250199,3.048051155334865,SHUTDOWN
Node_4203,London,78.44627128888497,4.743906129180075,MAINTAIN
Node_4204,Cape Town,56.88442217424468,4.5566057406143425,MAINTAIN
Node_4205,Cape Town,72.26990724493295,4.295875288827073,MAINTAIN
Node_4206,Cape Town,90.27548680078982,1.630970776580497,MAINTAIN
Node_4207,New York,54.19326669830432,3.4234596802913755,MAINTAIN
Node_4208,Cape Town,96.37516597686788,1.5088618798575966,MAINTAIN
Node_4209,New York,63.0357510874314,1.408131727483935,MAINTAIN
Node_4210,New York,37.21633953337594,2.6653349465936333,MAINTAIN
Node_4211,New York,19.923614974214033,1.6797464815471344,SHUTDOWN
Node_4212,New York,75.82755612833606,3.8869026656158447,MAINTAIN
Node_4213,London,25.413631398793584,2.6943713553329087,SHUTDOWN
Node_4214,New York,47.86778719124059,4.534850760298853,MAINTAIN
Node_4215,London,17.454297613563075,1.5526618763011202,SHUTDOWN
Node_4216,London,21.24307329801907,0.5645693813205807,SHUTDOWN
Node_4217,Cape Town,82.2806956466857,2.2417141333708654,MAINTAIN
Node_4218,London,21.784585019702924,4.270220460039511,SHUTDOWN
Node_4219,London,40.57641813586653,3.9149826143678257,MAINTAIN
Node_4220,London,33.202376021447165,4.395941212206315,MAINTAIN
Node_4221,London,75.23577074522244,1.8184805236843773,MAINTAIN
Node_4222,Cape Town,36.24262540455289,3.314896284466496,MAINTAIN
Node_4223,New York,78.30688693785183,2.7227359392687007,MAINTAIN
Node_4224,New York,77.62658774255625,1.98968210805078,MAINTAIN
Node_4225,London,17.354680458382607,3.5214234073798387,SHUTDOWN
Node_4226,London,44.54052903115788,1.5519473044227445,MAINTAIN
Node_4227,New York,89.41457466874805,4.5806215004314,MAINTAIN
Node_4228,London,49.22393697610423,1.8577590594413662,MAINTAIN
Node_4229,Cape Town,13.60218234749484,4.318794349575584,SHUTDOWN
Node_4230,London,73.92746443160587,0.5296572509917059,MAINTAIN
Node_4231,London,94.51402908863372,2.7647983816615795,MAINTAIN
Node_4232,London,30.18387921020517,0.9457542484005969,MAINTAIN
Node_4233,Cape Town,75.75623070621909,3.6139166458208978,MAINTAIN
Node_4234,London,91.77316792521327,4.192549296583779,MAINTAIN
Node_4235,Cape Town,89.32362537717574,1.1369027111512533,MAINTAIN
Node_4236,New York,91.89989415481544,4.545055412191842,MAINTAIN
Node_4237,New York,79.67814814128985,0.8843780369591867,MAINTAIN
Node_4238,Cape Town,75.24002984508257,3.3640622602282835,MAINTAIN
Node_4239,Cape Town,97.25383438873327,1.824167712199137,MAINTAIN
Node_4240,London,85.66567998308392,4.717939489346221,MAINTAIN
Node_4241,Cape Town,59.206767404998104,3.3846158557716177,MAINTAIN
Node_4242,New York,43.660494186258205,4.915957080750072,MAINTAIN
Node_4243,New York,15.77339727667038,2.294408868663901,SHUTDOWN
Node_4244,London,35.60878461748942,1.2772782538029848,MAINTAIN
Node_4245,Cape Town,73.95555643136214,2.996116851405798,MAINTAIN
Node_4246,Cape Town,72.3217161155099,4.622510225748399,MAINTAIN
Node_4247,London,23.12788694151589,3.711923673858486,SHUTDOWN
Node_4248,New York,54.931953614200076,2.201216460240832,MAINTAIN
Node_4249,London,33.85478921730847,4.518452974719879,MAINTAIN
Node_4250,New York,23.037398849457198,1.870640323276706,SHUTDOWN
Node_4251,Cape Town,19.763026786795322,2.7431315182371834,SHUTDOWN
Node_4252,London,82.97562907621581,1.1612625883070242,MAINTAIN
Node_4253,London,83.53620947694715,3.215779890595964,MAINTAIN
Node_4254,London,64.57694790166403,4.222678905144274,MAINTAIN
Node_4255,London,52.00904658869439,0.870272815019147,MAINTAIN
Node_4256,Cape Town,27.549275102641058,1.9925793967346848,SHUTDOWN
Node_4257,London,57.10390340037723,1.3918271084415206,MAINTAIN
Node_4258,Cape Town,20.913527929577036,4.100135416851765,SHUTDOWN
Node_4259,Cape Town,26.152718246576775,3.336193457516685,SHUTDOWN
Node_4260,London,89.18336356084615,1.3960903226512444,MAINTAIN
Node_4261,Cape Town,22.324534578452038,2.6828869726228946,SHUTDOWN
Node_4262,London,63.73206230632351,4.659413213510852,MAINTAIN
Node_4263,Cape Town,60.84256170027863,0.8411274435307847,MAINTAIN
Node_4264,New York,87.02298940623497,1.0312765493566518,MAINTAIN
Node_4265,Cape Town,80.733651848448,3.60696687814452,MAINTAIN
Node_4266,Cape Town,44.020723742169864,4.094511553962525,MAINTAIN
Node_4267,New York,29.54340544017993,2.9564235593411308,SHUTDOWN
Node_4268,Cape Town,71.9481283362976,4.603027290734059,MAINTAIN
Node_4269,London,67.86408669686337,4.4388036355043905,MAINTAIN
Node_4270,Cape Town,37.03367574832511,0.53987019907986,MAINTAIN
Node_4271,London,88.54301356390798,4.029780420024334,MAINTAIN
Node_4272,London,52.60055497090496,2.9389434850399763,MAINTAIN
Node_4273,New York,72.54503699551208,4.307131707830713,MAINTAIN
Node_4274,New York,54.211418650159494,4.154793481555453,MAINTAIN
Node_4275,London,92.93984776965108,1.250460930270969,MAINTAIN
Node_4276,Cape Town,39.44409315069773,3.6032503247215506,MAINTAIN
Node_4277,London,67.5331736868718,3.567009714297515,MAINTAIN
Node_4278,Cape Town,75.39808288308518,3.3614373124403794,MAINTAIN
Node_4279,New York,28.94410521278478,3.945316074876716,SHUTDOWN
Node_4280,Cape Town,99.96735173392666,1.8815602495445531,MAINTAIN
Node_4281,Cape Town,83.37063237604887,2.7243692156030996,MAINTAIN
Node_4282,Cape Town,46.14124796748755,3.984248636513293,MAINTAIN
Node_4283,Cape Town,62.89503444420102,4.608322411595813,MAINTAIN
Node_4284,New York,64.2083978891064,2.6559549583923516,MAINTAIN
Node_4285,Cape Town,93.36640304910624,3.6790475338250195,MAINTAIN
Node_4286,Cape Town,86.8255881205493,4.670544004757319,MAINTAIN
Node_4287,Cape Town,91.48424510178249,1.9623512226505742,MAINTAIN
Node_4288,New York,33.166612810646434,4.9083642551374105,MAINTAIN
Node_4289,New York,77.88782475617936,1.3529381199117527,MAINTAIN
Node_4290,Cape Town,73.81220828538733,3.3222867052374054,MAINTAIN
Node_4291,New York,47.148144570638166,2.4352106440837646,MAINTAIN
Node_4292,London,40.690042547418145,3.5803701476334,MAINTAIN
Node_4293,New York,81.86854901717632,1.67179338075587,MAINTAIN
Node_4294,New York,80.10759317522077,4.613207868741681,MAINTAIN
Node_4295,Cape Town,27.018229239872603,3.856033596016138,SHUTDOWN
Node_4296,Cape Town,45.84928569381615,1.5499419374764127,MAINTAIN
Node_4297,Cape Town,27.759667929962735,4.211978371634726,SHUTDOWN
Node_4298,Cape Town,14.471770820105998,4.535736393758649,SHUTDOWN
Node_4299,Cape Town,49.25734088477932,4.0211747138507175,MAINTAIN
Node_4300,London,33.57085033281011,2.8118122839172,MAINTAIN
Node_4301,London,98.13175907278578,4.180704597281292,MAINTAIN
Node_4302,New York,95.76660972479621,2.3360934684050223,MAINTAIN
Node_4303,New York,91.88555729375618,2.66854814182233,MAINTAIN
Node_4304,New York,70.18479481299656,3.357666603280466,MAINTAIN
Node_4305,Cape Town,57.145970950566934,0.8885350147387521,MAINTAIN
Node_4306,London,85.79282273680877,0.9923211949748519,MAINTAIN
Node_4307,New York,45.732221666737004,2.1243568136310054,MAINTAIN
Node_4308,London,49.69945529199891,4.413951025311661,MAINTAIN
Node_4309,London,49.56869357523735,3.9973363034241034,MAINTAIN
Node_4310,New York,67.9964845022107,1.1970408558373096,MAINTAIN
Node_4311,London,97.61383161842379,3.728490624007267,MAINTAIN
Node_4312,Cape Town,96.12212302263815,3.7912356389531667,MAINTAIN
Node_4313,New York,16.63555973366513,1.5413258353391872,SHUTDOWN
Node_4314,Cape Town,40.94247699268838,4.61330882029673,MAINTAIN
Node_4315,New York,90.22776965852735,0.7597201223954602,MAINTAIN
Node_4316,London,93.71943420781034,2.5533771175120994,MAINTAIN
Node_4317,Cape Town,70.79074799622144,2.854802382296042,MAINTAIN
Node_4318,London,72.95256506259835,1.5824165702388493,MAINTAIN
Node_4319,London,45.509513176243445,3.0804022109749063,MAINTAIN
Node_4320,New York,19.717682005937682,3.3717223025368805,SHUTDOWN
Node_4321,London,17.068935568656247,4.875660391385353,SHUTDOWN
Node_4322,Cape Town,46.95517281453416,2.3924851229036213,MAINTAIN
Node_4323,New York,11.034464982819957,2.15714024720707,SHUTDOWN
Node_4324,London,21.683112299302714,4.0196250218013425,SHUTDOWN
Node_4325,London,31.013874766037578,2.8955822889883365,MAINTAIN
Node_4326,London,92.62186720090047,1.2982357894639769,MAINTAIN
Node_4327,Cape Town,25.768830126483934,2.1409033296876996,SHUTDOWN
Node_4328,Cape Town,14.047933321335691,1.3516571711659664,SHUTDOWN
Node_4329,New York,49.4751081318635,1.6896012337270345,MAINTAIN
Node_4330,London,91.62986596151504,2.593690047269057,MAINTAIN
Node_4331,London,14.566198342339929,1.4583140009118425,SHUTDOWN
Node_4332,New York,60.005104060368794,1.8975705913689085,MAINTAIN
Node_4333,New York,97.21143959790403,4.564612348342692,MAINTAIN
Node_4334,London,10.65064330610338,0.927759448006757,SHUTDOWN
Node_4335,New York,80.60351916695943,0.9684591899465176,MAINTAIN
Node_4336,New York,48.30661733549653,1.3227167527799977,MAINTAIN
Node_4337,Cape Town,78.42154668712496,2.0188874548674187,MAINTAIN
Node_4338,New York,31.710238893280987,2.4449494966817564,MAINTAIN
Node_4339,New York,13.705470864665031,4.116018887279711,SHUTDOWN
Node_4340,New York,82.46761592491166,2.4824876023189,MAINTAIN
Node_4341,Cape Town,32.80510516986668,2.2246651619091136,MAINTAIN
Node_4342,New York,86.77465263389843,2.391699156430267,MAINTAIN
Node_4343,New York,15.566054266626814,4.168022119987619,SHUTDOWN
Node_4344,London,81.69954157159725,2.603344204627751,MAINTAIN
Node_4345,Cape Town,65.33996866384214,0.6300913932622875,MAINTAIN
Node_4346,London,28.940019190826526,4.768681798180757,SHUTDOWN
Node_4347,London,46.53656361794071,1.649532886578358,MAINTAIN
Node_4348,New York,60.707639356532546,2.399236592291727,MAINTAIN
Node_4349,London,31.21019342514764,1.6702988560558536,MAINTAIN
Node_4350,London,72.38634543291025,0.5920766649691572,MAINTAIN
Node_4351,London,61.438222358676,2.128655527294045,MAINTAIN
Node_4352,New York,14.109415609277674,2.283973284504471,SHUTDOWN
Node_4353,New York,85.27750771786071,3.6785549144135765,MAINTAIN
Node_4354,Cape Town,39.43744416400038,3.838512988190814,MAINTAIN
Node_4355,Cape Town,72.88145034894916,1.9089390818721899,MAINTAIN
Node_4356,New York,47.7483038476038,2.3080571931794456,MAINTAIN
Node_4357,London,78.39281798485293,0.7934864978895881,MAINTAIN
Node_4358,London,37.23798443989473,1.5718423236070946,MAINTAIN
Node_4359,Cape Town,10.339657237090623,1.3622530337785512,SHUTDOWN
Node_4360,Cape Town,94.04101192756129,1.973913280514024,MAINTAIN
Node_4361,New York,43.10224523661122,3.572329075006731,MAINTAIN
Node_4362,New York,11.31666774350202,4.639139479374128,SHUTDOWN
Node_4363,London,80.89651297560386,3.7567755561635408,MAINTAIN
Node_4364,Cape Town,12.261230784453032,4.996961695050088,SHUTDOWN
Node_4365,Cape Town,64.40865868028152,2.2677269928249677,MAINTAIN
Node_4366,London,14.496904990116064,2.586682210269889,SHUTDOWN
Node_4367,London,19.125271460178816,1.362905279192713,SHUTDOWN
Node_4368,New York,79.555283405097,3.2449149275716045,MAINTAIN
Node_4369,Cape Town,29.022220181191237,3.027447766450651,SHUTDOWN
Node_4370,London,71.10023740589867,3.1876262561167494,MAINTAIN
Node_4371,Cape Town,59.963811847776036,1.0992702958568616,MAINTAIN
Node_4372,London,69.29363365473472,0.6973609647896406,MAINTAIN
Node_4373,Cape Town,28.43916973784752,2.644272342130625,SHUTDOWN
Node_4374,Cape Town,72.32175313170976,3.6382607554754505,MAINTAIN
Node_4375,New York,68.89644760672456,0.7678224706894234,MAINTAIN
Node_4376,New York,76.71199854684947,2.0202800688832756,MAINTAIN
Node_4377,Cape Town,43.89180075686634,4.900894759089479,MAINTAIN
Node_4378,London,38.3479977049903,2.5750947118925174,MAINTAIN
Node_4379,New York,92.55208380377518,1.548660284024976,MAINTAIN
Node_4380,London,80.09165876789532,3.521012366410684,MAINTAIN
Node_4381,London,51.21393125090086,1.7321093621866146,MAINTAIN
Node_4382,Cape Town,75.15073032915299,0.6264308159908363,MAINTAIN
Node_4383,Cape Town,64.75435393268711,4.98939127237396,MAINTAIN
Node_4384,London,90.27671377125823,3.2036932048561715,MAINTAIN
Node_4385,Cape Town,58.26431544486834,3.6065040450196695,MAINTAIN
Node_4386,New York,31.003055259304716,1.7317903474431768,MAINTAIN
Node_4387,London,84.54235263771277,1.9636203165997022,MAINTAIN
Node_4388,London,34.600532019807574,0.5827422101453497,MAINTAIN
Node_4389,Cape Town,12.782603343382835,4.820682350309413,SHUTDOWN
Node_4390,New York,89.82398422907535,2.3094068916971113,MAINTAIN
Node_4391,New York,62.376300515779604,2.4769933838460925,MAINTAIN
Node_4392,Cape Town,14.534442652110652,1.6945215756199352,SHUTDOWN
Node_4393,New York,28.148027037584097,3.2369087125247082,SHUTDOWN
Node_4394,Cape Town,64.7498740047686,3.64609870993248,MAINTAIN
Node_4395,New York,12.139639941951115,3.4401213775144113,SHUTDOWN
Node_4396,Cape Town,21.28210230995177,0.6883345988436722,SHUTDOWN
Node_4397,Cape Town,86.3942112521239,4.121659964317401,MAINTAIN
Node_4398,London,84.77662522577207,2.301491873896248,MAINTAIN
Node_4399,New York,22.36144338028697,0.8715317490164061,SHUTDOWN
Node_4400,Cape Town,92.69174248296403,0.7527501502248353,MAINTAIN
Node_4401,New York,34.420210336476664,4.726286117074082,MAINTAIN
Node_4402,New York,20.5074774869489,4.982630829013229,SHUTDOWN
Node_4403,New York,51.045559494784,3.926009384614852,MAINTAIN
Node_4404,Cape Town,27.690727422055634,2.8255505956048697,SHUTDOWN
Node_4405,Cape Town,23.372601544972255,2.5408964116598844,SHUTDOWN
Node_4406,New York,83.49577752035674,2.8799149946051807,MAINTAIN
Node_4407,New York,71.80723388427268,4.318605181099326,MAINTAIN
Node_4408,New York,86.85871887514422,4.308299064673592,MAINTAIN
Node_4409,New York,46.17385618852223,2.541188638765761,MAINTAIN
Node_4410,New York,97.00978833856023,3.394549357169642,MAINTAIN
Node_4411,London,76.51218369857708,4.163545170494441,MAINTAIN
Node_4412,London,19.45678485951384,3.0714466606506026,SHUTDOWN
Node_4413,London,53.88394695412331,1.7190126949444184,MAINTAIN
Node_4414,Cape Town,17.986635616474395,3.8263990674218986,SHUTDOWN
Node_4415,New York,34.9965701898279,0.8905672251641352,MAINTAIN
Node_4416,New York,38.73616422959725,0.8803840023314802,MAINTAIN
Node_4417,Cape Town,69.91721846729939,3.896577893741307,MAINTAIN
Node_4418,London,64.77427468421091,3.902098539027959,MAINTAIN
Node_4419,Cape Town,64.21007618300044,3.6659915082576977,MAINTAIN
Node_4420,New York,69.88908510989859,1.4067175218178534,MAINTAIN
Node_4421,Cape Town,40.70329258408617,2.03333025549375,MAINTAIN
Node_4422,London,29.299939914023117,1.3658724625440921,SHUTDOWN
Node_4423,Cape Town,38.48321286434537,1.202688004177324,MAINTAIN
Node_4424,London,84.16020285799716,2.12307318527966,MAINTAIN
Node_4425,London,96.69460887545333,0.985642563570425,MAINTAIN
Node_4426,Cape Town,86.1681358016863,3.010069255549446,MAINTAIN
Node_4427,London,89.46434157178494,1.2614631095161521,MAINTAIN
Node_4428,New York,90.77119691801754,3.5474968920866736,MAINTAIN
Node_4429,London,32.258092164573206,2.5410379475646274,MAINTAIN
Node_4430,New York,37.16079564799559,2.7261755986138203,MAINTAIN
Node_4431,Cape Town,59.063570452721116,1.5016545724682193,MAINTAIN
Node_4432,Cape Town,73.03150525224088,4.181180935587758,MAINTAIN
Node_4433,London,40.470637273977516,0.5728206126719246,MAINTAIN
Node_4434,New York,15.372716579141606,4.324061678769634,SHUTDOWN
Node_4435,New York,92.01489815258454,3.4065111150194793,MAINTAIN
Node_4436,New York,21.358695208488406,3.3569510005625998,SHUTDOWN
Node_4437,Cape Town,12.816601685919391,4.88228619827297,SHUTDOWN
Node_4438,New York,84.27617970278993,4.628752100901739,MAINTAIN
Node_4439,Cape Town,19.3061256261831,2.7216111750017897,SHUTDOWN
Node_4440,Cape Town,70.68247870224172,3.0102190555116466,MAINTAIN
Node_4441,New York,60.08439873547202,0.6634971948248662,MAINTAIN
Node_4442,New York,42.115812897335545,1.4006132928349686,MAINTAIN
Node_4443,New York,97.2736095630881,4.502663554161174,MAINTAIN
Node_4444,Cape Town,13.966480883259635,4.315990229705853,SHUTDOWN
Node_4445,New York,43.46769363526026,3.123822216990383,MAINTAIN
Node_4446,London,26.07990707694522,1.0752175748373842,SHUTDOWN
Node_4447,New York,29.616401489957013,2.9081786083083387,SHUTDOWN
Node_4448,Cape Town,16.77929859922838,1.639699875127345,SHUTDOWN
Node_4449,Cape Town,44.310560987274506,3.661391290928361,MAINTAIN
Node_4450,Cape Town,17.675416049928458,0.8110586200199736,SHUTDOWN
Node_4451,London,66.55093863790671,1.6289777283433418,MAINTAIN
Node_4452,New York,19.291472533810406,0.7921814598892821,SHUTDOWN
Node_4453,London,54.83422170440911,2.1495690943162016,MAINTAIN
Node_4454,London,31.25211379486326,3.527714514462571,MAINTAIN
Node_4455,London,64.40598194495911,0.695038674606892,MAINTAIN
Node_4456,New York,73.70649035983665,1.9366318045710518,MAINTAIN
Node_4457,Cape Town,84.98443123103044,2.5933673374385044,MAINTAIN
Node_4458,London,97.1690586623792,3.8579525974442497,MAINTAIN
Node_4459,New York,13.973844536464311,2.160224273936972,SHUTDOWN
Node_4460,London,84.12885912548826,4.401737702949413,MAINTAIN
Node_4461,New York,78.91726985730209,4.487887084991806,MAINTAIN
Node_4462,London,50.553360970623125,0.727711980439272,MAINTAIN
Node_4463,New York,99.85767415473545,1.0482445646755505,MAINTAIN
Node_4464,Cape Town,38.142536492778376,4.790242685211609,MAINTAIN
Node_4465,London,82.38381768488175,4.061743740305197,MAINTAIN
Node_4466,Cape Town,30.51644869167199,0.6864668827970538,MAINTAIN
Node_4467,Cape Town,92.90238267334722,1.1102428816163417,MAINTAIN
Node_4468,London,35.56942403418001,4.404917157401195,MAINTAIN
Node_4469,New York,11.734796533903374,1.6079933964477915,SHUTDOWN
Node_4470,London,19.074248227339375,1.9377252046358227,SHUTDOWN
Node_4471,Cape Town,18.1323113409116,3.2718087277857557,SHUTDOWN
Node_4472,London,28.272037614335936,2.4790490040619853,SHUTDOWN
Node_4473,New York,46.10050803225948,2.207265190461835,MAINTAIN
Node_4474,London,33.197601239973935,0.8611913317814768,MAINTAIN
Node_4475,New York,79.54883869825873,3.543872104517241,MAINTAIN
Node_4476,London,35.48679524880256,1.2475802445765676,MAINTAIN
Node_4477,Cape Town,16.55387716983678,2.70364407104409,SHUTDOWN
Node_4478,London,87.40538000779105,1.0710536205345527,MAINTAIN
Node_4479,New York,70.31232340006339,1.082708111020204,MAINTAIN
Node_4480,London,84.42449849114524,4.526055672263726,MAINTAIN
Node_4481,London,83.76525159617617,3.4883609854724984,MAINTAIN
Node_4482,New York,75.69526189241914,2.7596466146907543,MAINTAIN
Node_4483,New York,33.44786285253217,0.5320900071734682,MAINTAIN
Node_4484,New York,63.85467062629751,1.1797850209274419,MAINTAIN
Node_4485,New York,49.07422213401171,4.478707023442676,MAINTAIN
Node_4486,Cape Town,87.17914424316797,1.824194360892612,MAINTAIN
Node_4487,London,52.132480688690364,4.030635894287366,MAINTAIN
Node_4488,New York,49.207212537016964,1.5486563218022527,MAINTAIN
Node_4489,London,35.95211451127669,2.784367360680446,MAINTAIN
Node_4490,New York,61.03095958691736,2.3931414079691278,MAINTAIN
Node_4491,New York,80.98645812952017,4.591788015259382,MAINTAIN
Node_4492,Cape Town,48.2055411743765,4.7120524443260505,MAINTAIN
Node_4493,New York,92.0159652498077,3.3289205151246524,MAINTAIN
Node_4494,London,27.554114431268914,4.661669434983763,SHUTDOWN
Node_4495,New York,33.830957247283735,3.072296230071194,MAINTAIN
Node_4496,Cape Town,14.999167622288414,3.2334992391540665,SHUTDOWN
Node_4497,New York,67.39477220010201,3.834923460678176,MAINTAIN
Node_4498,London,44.15124245282661,1.2065257062976287,MAINTAIN
Node_4499,London,17.561522286205967,2.808327044075708,SHUTDOWN
Node_4500,New York,89.3452943861985,0.8063790654870453,MAINTAIN
Node_4501,Cape Town,50.37440626839085,3.2960861912174946,MAINTAIN
Node_4502,London,71.53425416805268,3.6589146586222046,MAINTAIN
Node_4503,New York,34.27154419874268,0.9281083856469341,MAINTAIN
Node_4504,Cape Town,69.23518457773402,4.719004611616224,MAINTAIN
Node_4505,London,69.27410737481337,3.7971357860366965,MAINTAIN
Node_4506,London,30.231418262193884,3.5726367748207677,MAINTAIN
Node_4507,New York,66.9544662362361,4.909411618662415,MAINTAIN
Node_4508,New York,68.97580755512108,2.5128518144168686,MAINTAIN
Node_4509,London,27.680690651965534,4.019695264825338,SHUTDOWN
Node_4510,Cape Town,46.02415245027483,2.185754037859675,MAINTAIN
Node_4511,London,37.92681848980874,2.0267878009367677,MAINTAIN
Node_4512,New York,64.65899295216033,0.9677531923752,MAINTAIN
Node_4513,New York,55.00069001804524,1.0044590097521682,MAINTAIN
Node_4514,Cape Town,27.164082134338685,4.383543389596302,SHUTDOWN
Node_4515,Cape Town,41.83014394504013,4.189372895564558,MAINTAIN
Node_4516,New York,18.96928856191252,1.8779376254517568,SHUTDOWN
Node_4517,New York,16.07029398490161,3.4777291132529298,SHUTDOWN
Node_4518,New York,85.26361455867269,1.898417693642042,MAINTAIN
Node_4519,Cape Town,18.7852657137769,3.4862467592065225,SHUTDOWN
Node_4520,Cape Town,63.77487662627784,4.639130968296759,MAINTAIN
Node_4521,Cape Town,63.632918727478646,2.875537109396222,MAINTAIN
Node_4522,Cape Town,28.01564474491875,3.2514726140545798,SHUTDOWN
Node_4523,New York,25.70121523325905,3.0870318312350107,SHUTDOWN
Node_4524,London,94.14392731251765,3.0526724476175557,MAINTAIN
Node_4525,New York,35.01578093959019,3.5429670097287933,MAINTAIN
Node_4526,Cape Town,15.467508635627011,2.4749164918965136,SHUTDOWN
Node_4527,London,38.68438924746889,4.222746595071909,MAINTAIN
Node_4528,Cape Town,36.671338246912846,3.796230817887994,MAINTAIN
Node_4529,New York,57.7122724795541,4.16508149424261,MAINTAIN
Node_4530,London,69.47813457109217,0.8909148305277093,MAINTAIN
Node_4531,Cape Town,61.39719185846623,3.6717658766864822,MAINTAIN
Node_4532,New York,43.99542107055078,4.529444404502486,MAINTAIN
Node_4533,Cape Town,81.65405178818557,2.9732056827940734,MAINTAIN
Node_4534,London,32.477018875246564,0.6058033026753424,MAINTAIN
Node_4535,London,11.667855943926597,1.2581988929898955,SHUTDOWN
Node_4536,London,33.32680276867691,1.5497169695949435,MAINTAIN
Node_4537,London,90.09615633080148,4.834222038958279,MAINTAIN
Node_4538,London,18.421286375659268,3.03361061300879,SHUTDOWN
Node_4539,London,71.73409052091915,1.7299343541790873,MAINTAIN
Node_4540,London,33.75445514264595,4.517498036651195,MAINTAIN
Node_4541,London,52.252329439569834,2.4453483469498702,MAINTAIN
Node_4542,London,14.870436069109331,2.346476561389804,SHUTDOWN
Node_4543,Cape Town,23.259877340843087,3.981172856341264,SHUTDOWN
Node_4544,New York,19.24820877362861,1.1269892904766716,SHUTDOWN
Node_4545,New York,34.777819227150935,1.839193394923708,MAINTAIN
Node_4546,New York,81.10496945148002,1.5546140622529476,MAINTAIN
Node_4547,London,56.36834120820382,3.7306597632320226,MAINTAIN
Node_4548,London,40.3874756259986,1.4671126434944397,MAINTAIN
Node_4549,New York,26.05089694196496,1.0709629527946953,SHUTDOWN
Node_4550,London,60.01250020030832,1.8823090985011124,MAINTAIN
Node_4551,New York,55.74742934149381,2.0007495363426595,MAINTAIN
Node_4552,New York,24.68338176061517,3.7320396259443807,SHUTDOWN
Node_4553,New York,41.26732122408309,3.666293551107617,MAINTAIN
Node_4554,New York,41.76731560750129,3.813387184215224,MAINTAIN
Node_4555,London,78.61256826250171,0.618017638911049,MAINTAIN
Node_4556,New York,58.437874187709276,3.8091825569578823,MAINTAIN
Node_4557,Cape Town,10.799329349303099,4.879760036911186,SHUTDOWN
Node_4558,New York,32.07575736043847,0.5834174914275432,MAINTAIN
Node_4559,New York,75.95982713206294,4.161847216590617,MAINTAIN
Node_4560,New York,25.753711580326037,3.9395386894863442,SHUTDOWN
Node_4561,New York,12.24592124469249,1.6599915471151023,SHUTDOWN
Node_4562,London,93.83052793843305,2.497996835912852,MAINTAIN
Node_4563,London,60.97253369732748,0.876412955805306,MAINTAIN
Node_4564,Cape Town,21.761690069137174,1.2421960921286246,SHUTDOWN
Node_4565,London,21.52349531862962,2.2476936904634828,SHUTDOWN
Node_4566,London,30.216080795484707,0.8101982765240623,MAINTAIN
Node_4567,London,27.474318575711358,1.7765799952326808,SHUTDOWN
Node_4568,London,60.408561036354584,3.69914913032681,MAINTAIN
Node_4569,New York,82.71945685242626,3.665196808627467,MAINTAIN
Node_4570,London,24.090453376131997,0.6852552811078776,SHUTDOWN
Node_4571,Cape Town,41.80276010952344,1.293390145798576,MAINTAIN
Node_4572,London,19.13642825841497,4.5769291853103065,SHUTDOWN
Node_4573,London,46.64650867533145,4.739014855037451,MAINTAIN
Node_4574,New York,51.29481461767029,2.983181745315421,MAINTAIN
Node_4575,New York,72.02264598892069,4.576164077581709,MAINTAIN
Node_4576,New York,35.44338284305542,2.4893989852988145,MAINTAIN
Node_4577,Cape Town,88.62106911896682,1.1273525015655248,MAINTAIN
Node_4578,New York,55.40604550114695,1.5292074757063587,MAINTAIN
Node_4579,New York,44.28490088581901,0.5285771962847604,MAINTAIN
Node_4580,London,66.16883750291368,1.269787087893922,MAINTAIN
Node_4581,Cape Town,62.49193098573406,3.228988309420607,MAINTAIN
Node_4582,Cape Town,78.1274169771748,4.525926868417171,MAINTAIN
Node_4583,Cape Town,36.15161641582904,2.6992032426579944,MAINTAIN
Node_4584,New York,69.3844452030151,2.447044824036509,MAINTAIN
Node_4585,New York,66.80559905460694,1.9162733004757828,MAINTAIN
Node_4586,New York,12.31412229872288,2.668718786106869,SHUTDOWN
Node_4587,Cape Town,98.85569118748447,0.5263901063360066,MAINTAIN
Node_4588,Cape Town,83.71089905709012,2.5022266994619833,MAINTAIN
Node_4589,New York,88.54495243339292,0.874242276686441,MAINTAIN
Node_4590,Cape Town,88.85886794187039,2.804819671203355,MAINTAIN
Node_4591,New York,29.828470495732766,2.9247239426548157,SHUTDOWN
Node_4592,Cape Town,56.35652802972144,3.4089340077370327,MAINTAIN
Node_4593,London,87.69870150660046,1.7933931710003623,MAINTAIN
Node_4594,Cape Town,86.09878388733124,2.9406861190890385,MAINTAIN
Node_4595,Cape Town,44.43449000524178,0.8802248062813154,MAINTAIN
Node_4596,London,21.763921410761203,3.9730706007676866,SHUTDOWN
Node_4597,Cape Town,33.13860775290381,1.7427346965570332,MAINTAIN
Node_4598,New York,81.72910148714563,0.8255060970448431,MAINTAIN
Node_4599,Cape Town,16.402559338611944,2.395720683026866,SHUTDOWN
Node_4600,Cape Town,48.02518533026006,3.8451723933468123,MAINTAIN
Node_4601,London,87.42653630221007,3.457132897481406,MAINTAIN
Node_4602,New York,33.0680658318686,1.4841902802983329,MAINTAIN
Node_4603,New York,86.9274474125601,0.947511756942683,MAINTAIN
Node_4604,London,36.275919143284824,1.1674928160384872,MAINTAIN
Node_4605,New York,31.744535932138803,0.6634796960747129,MAINTAIN
Node_4606,Cape Town,68.97819719908435,1.0423944880946912,MAINTAIN
Node_4607,Cape Town,58.524847714695994,1.0435292930110514,MAINTAIN
Node_4608,Cape Town,61.77258749273447,2.0626784450196425,MAINTAIN
Node_4609,Cape Town,37.22145273908444,3.3748111593975656,MAINTAIN
Node_4610,London,87.50842245851585,4.041715108447335,MAINTAIN
Node_4611,New York,62.167507844224055,4.105327815382228,MAINTAIN
Node_4612,Cape Town,43.05593760391116,1.491367456363321,MAINTAIN
Node_4613,New York,39.13567400167883,3.5166391011160876,MAINTAIN
Node_4614,New York,82.55930523048491,3.4239073001319262,MAINTAIN
Node_4615,New York,36.680010501129175,2.644437665022977,MAINTAIN
Node_4616,New York,64.92092432821853,1.1550190800423286,MAINTAIN
Node_4617,Cape Town,33.04005442142067,1.231338468129706,MAINTAIN
Node_4618,London,71.20445274918285,4.507247018823968,MAINTAIN
Node_4619,New York,37.004784041716945,1.8675066011073767,MAINTAIN
Node_4620,Cape Town,66.88228266777114,1.8639594557730756,MAINTAIN
Node_4621,London,68.07581526352385,4.523084556097782,MAINTAIN
Node_4622,London,73.24537859369778,1.786971197502197,MAINTAIN
Node_4623,London,95.72956113045159,0.9977623816804454,MAINTAIN
Node_4624,London,19.781669556482846,2.89668138777577,SHUTDOWN
Node_4625,New York,52.653415822458065,4.3966336606560645,MAINTAIN
Node_4626,Cape Town,18.676798226538153,2.948554310170453,SHUTDOWN
Node_4627,London,70.40411447079242,1.613758068182353,MAINTAIN
Node_4628,Cape Town,82.9428657960279,3.9857830197433253,MAINTAIN
Node_4629,Cape Town,70.13877253952381,4.8471489539222565,MAINTAIN
Node_4630,London,28.59903252855976,3.1065724193072044,SHUTDOWN
Node_4631,New York,76.25113879180415,1.7859771220613396,MAINTAIN
Node_4632,New York,25.88887046739816,3.280374636365366,SHUTDOWN
Node_4633,New York,56.9569043580814,2.4890397767521186,MAINTAIN
Node_4634,New York,49.774543059295226,2.0552416074061117,MAINTAIN
Node_4635,Cape Town,21.717245474214916,1.150900068733459,SHUTDOWN
Node_4636,Cape Town,56.25877237837589,1.4938654931092832,MAINTAIN
Node_4637,New York,91.05442530544731,2.8686047297120107,MAINTAIN
Node_4638,New York,77.83877994585438,1.697478014087155,MAINTAIN
Node_4639,Cape Town,52.524384100307785,4.8419490080117065,MAINTAIN
Node_4640,New York,29.79363696842058,2.5659488666285037,SHUTDOWN
Node_4641,London,66.49014987410789,3.267174792603493,MAINTAIN
Node_4642,New York,45.21818684070864,2.5292332630646364,MAINTAIN
Node_4643,London,86.58895455996363,0.9664786293701793,MAINTAIN
Node_4644,New York,98.76048342900327,1.5832037857488424,MAINTAIN
Node_4645,London,89.46908515871178,1.521979483693471,MAINTAIN
Node_4646,London,64.8142364196136,2.3298090676614365,MAINTAIN
Node_4647,London,27.169114685624194,2.756521982231009,SHUTDOWN
Node_4648,Cape Town,10.063256443770513,0.6963714577251091,SHUTDOWN
Node_4649,London,28.11512253022339,4.849253023883091,SHUTDOWN
Node_4650,New York,29.73413742331659,0.7653465123210306,SHUTDOWN
Node_4651,New York,62.686742343973826,3.2994368152092313,MAINTAIN
Node_4652,Cape Town,46.883513229144256,4.623925614547466,MAINTAIN
Node_4653,London,72.7666023534859,3.246765043948925,MAINTAIN
Node_4654,London,31.21474721956635,2.554820357248984,MAINTAIN
Node_4655,London,43.48344407734404,2.8702983285040324,MAINTAIN
Node_4656,Cape Town,83.88561768573025,2.307390730263103,MAINTAIN
Node_4657,Cape Town,11.317960132005386,3.1971749029060703,SHUTDOWN
Node_4658,Cape Town,62.59217617756173,2.4900944586388705,MAINTAIN
Node_4659,London,50.011764531004864,4.0962399229162045,MAINTAIN
Node_4660,New York,43.613902587774255,0.5882581039439809,MAINTAIN
Node_4661,Cape Town,31.257923976706646,2.087732668504729,MAINTAIN
Node_4662,London,43.89951777581594,0.9538475324677536,MAINTAIN
Node_4663,New York,51.202447591381386,3.847670726390547,MAINTAIN
Node_4664,London,59.107446467289726,2.902246082310109,MAINTAIN
Node_4665,London,15.619079004217458,2.426363932637178,SHUTDOWN
Node_4666,London,34.973900034584794,1.063692479881938,MAINTAIN
Node_4667,New York,54.252979640260506,3.8308056242453037,MAINTAIN
Node_4668,London,37.34244768025077,3.8092558336834363,MAINTAIN
Node_4669,Cape Town,68.75307959518383,4.302746473781399,MAINTAIN
Node_4670,London,65.41735660457478,1.5382092651295456,MAINTAIN
Node_4671,London,98.77639514361701,1.6991075205089743,MAINTAIN
Node_4672,New York,58.09999746054355,1.5234268724058495,MAINTAIN
Node_4673,Cape Town,94.06669277474383,4.349315531256556,MAINTAIN
Node_4674,New York,68.11886898774614,2.2735080182506344,MAINTAIN
Node_4675,New York,94.18761503506684,3.9858185848431043,MAINTAIN
Node_4676,Cape Town,88.84429825067575,3.86136102999292,MAINTAIN
Node_4677,New York,60.214247793873675,2.1169104447632696,MAINTAIN
Node_4678,New York,21.82949435235201,3.907759727425081,SHUTDOWN
Node_4679,London,22.622907475217325,3.1844008518840514,SHUTDOWN
Node_4680,New York,13.31622788600264,3.963761761328652,SHUTDOWN
Node_4681,Cape Town,86.52258181046432,2.7700055877617302,MAINTAIN
Node_4682,London,76.52045255526578,1.822775716044508,MAINTAIN
Node_4683,London,31.961344657787066,0.6508449492958301,MAINTAIN
Node_4684,New York,91.46229109876951,2.2105836333995237,MAINTAIN
Node_4685,Cape Town,39.341415239726466,4.417919821347393,MAINTAIN
Node_4686,Cape Town,63.604535414164026,4.345139749382952,MAINTAIN
Node_4687,London,36.59195599458228,2.9726982462503324,MAINTAIN
Node_4688,New York,81.34133890542402,0.5291468186525177,MAINTAIN
Node_4689,Cape Town,71.12280601526899,2.0754005468239054,MAINTAIN
Node_4690,New York,63.72915996036317,0.6932753814788277,MAINTAIN
Node_4691,Cape Town,37.696761726509024,2.636338596316132,MAINTAIN
Node_4692,Cape Town,16.184245942405568,2.931000287598472,SHUTDOWN
Node_4693,London,59.26715931956667,1.404948345936071,MAINTAIN
Node_4694,London,36.882368265779675,2.8528556200837816,MAINTAIN
Node_4695,London,49.88107953107675,2.4070210965475622,MAINTAIN
Node_4696,New York,58.317390178725205,2.6687806759977377,MAINTAIN
Node_4697,Cape Town,12.752635038270963,2.536014886890896,SHUTDOWN
Node_4698,London,74.5324977177339,1.4267856439058655,MAINTAIN
Node_4699,London,15.446113820418907,2.223055319148113,SHUTDOWN
Node_4700,London,66.22146430638625,4.385008156275632,MAINTAIN
Node_4701,New York,50.1429875784974,3.685780036528181,MAINTAIN
Node_4702,Cape Town,25.26303629170401,0.8503027096501206,SHUTDOWN
Node_4703,Cape Town,30.608709472656308,2.464224833654947,MAINTAIN
Node_4704,Cape Town,51.52119338581816,4.113765569255579,MAINTAIN
Node_4705,Cape Town,96.32252258008037,2.0443968679956988,MAINTAIN
Node_4706,Cape Town,22.750374308867997,3.404660622189837,SHUTDOWN
Node_4707,London,78.79288852017316,0.8019614398041427,MAINTAIN
Node_4708,New York,73.41342086633117,2.3202960040919014,MAINTAIN
Node_4709,Cape Town,67.04664407512266,1.7364122500031327,MAINTAIN
Node_4710,London,24.678869358508678,3.187351008506523,SHUTDOWN
Node_4711,London,26.597853387114004,4.423454153234094,SHUTDOWN
Node_4712,London,16.916825279311073,2.3663653809618492,SHUTDOWN
Node_4713,New York,13.26058937147048,2.4766474683186144,SHUTDOWN
Node_4714,New York,52.47654260556801,4.398629744706643,MAINTAIN
Node_4715,London,19.49211049738919,2.8880127960552837,SHUTDOWN
Node_4716,New York,29.74372026502336,0.7630860015503251,SHUTDOWN
Node_4717,Cape Town,31.01616307817683,4.580834836618759,MAINTAIN
Node_4718,London,57.39010516377071,4.105479378941174,MAINTAIN
Node_4719,Cape Town,23.279871784511453,3.982511642885764,SHUTDOWN
Node_4720,Cape Town,23.028291632940586,4.3985499755731965,SHUTDOWN
Node_4721,London,28.872207731090022,3.7633647516459523,SHUTDOWN
Node_4722,New York,93.01168275615495,2.9546843625241768,MAINTAIN
Node_4723,London,23.08395560911199,1.125296852788302,SHUTDOWN
Node_4724,New York,35.46743335014222,4.557716592542548,MAINTAIN
Node_4725,London,29.81051310615456,1.746413321999892,SHUTDOWN
Node_4726,New York,15.143522774089048,0.955986358832715,SHUTDOWN
Node_4727,New York,37.791158848198535,1.282413361788871,MAINTAIN
Node_4728,London,24.024955993817347,3.301102805811757,SHUTDOWN
Node_4729,London,16.50312996922254,3.4173304893560603,SHUTDOWN
Node_4730,London,39.00029768929625,4.083929787926952,MAINTAIN
Node_4731,Cape Town,68.12901047575554,3.1448000996887706,MAINTAIN
Node_4732,London,59.948949209245754,4.23339529746525,MAINTAIN
Node_4733,London,64.16356594505628,2.380955057018011,MAINTAIN
Node_4734,London,38.60490980067429,3.445990188307128,MAINTAIN
Node_4735,London,76.10638237253846,1.1291482487922662,MAINTAIN
Node_4736,New York,57.34620785904715,2.4891978935685364,MAINTAIN
Node_4737,Cape Town,90.44731045898442,1.8772501377470072,MAINTAIN
Node_4738,London,88.46420560387612,2.5490325046310867,MAINTAIN
Node_4739,New York,36.43057201107268,2.7631108962685547,MAINTAIN
Node_4740,Cape Town,65.31255911814205,1.2170987284879795,MAINTAIN
Node_4741,London,63.2033593425018,2.47076634093193,MAINTAIN
Node_4742,Cape Town,97.49292796053972,1.5004722631877392,MAINTAIN
Node_4743,New York,68.38273192920032,1.5300703196320644,MAINTAIN
Node_4744,Cape Town,66.085716593139,4.006783275276003,MAINTAIN
Node_4745,New York,54.57101399997996,1.1292215762589304,MAINTAIN
Node_4746,London,53.98674535731346,1.1886157000362443,MAINTAIN
Node_4747,London,93.87320995335251,4.288047534540334,MAINTAIN
Node_4748,London,31.594498029729408,4.231153532868641,MAINTAIN
Node_4749,New York,36.33690624249082,4.3215671108715945,MAINTAIN
Node_4750,London,43.90504365283867,3.015013960188921,MAINTAIN
Node_4751,Cape Town,89.70825892736738,0.5019178043294477,MAINTAIN
Node_4752,New York,85.45419213964745,4.43927410969631,MAINTAIN
Node_4753,London,52.74690573672706,3.189012925950114,MAINTAIN
Node_4754,New York,52.59774715197118,1.9161661211957173,MAINTAIN
Node_4755,New York,40.351173661298034,1.2929721982570495,MAINTAIN
Node_4756,New York,82.6756475956949,2.323776739724117,MAINTAIN
Node_4757,London,99.66236672830713,1.1308869662061982,MAINTAIN
Node_4758,London,32.4317901407897,3.901981565032437,MAINTAIN
Node_4759,Cape Town,99.44359804724346,1.8344893660454191,MAINTAIN
Node_4760,London,70.99700284278538,4.4327417604883,MAINTAIN
Node_4761,New York,41.34020761543414,0.6069731557924911,MAINTAIN
Node_4762,Cape Town,45.93834883626237,2.1399537394307844,MAINTAIN
Node_4763,New York,15.699452674140968,2.8847357532067504,SHUTDOWN
Node_4764,New York,82.26109411135448,3.114937465971989,MAINTAIN
Node_4765,London,30.917078624682965,4.58459368315029,MAINTAIN
Node_4766,New York,90.12789369689857,1.5191585076615648,MAINTAIN
Node_4767,Cape Town,93.481167326497,3.4455936163379453,MAINTAIN
Node_4768,London,83.86989606352412,0.8248494153935231,MAINTAIN
Node_4769,New York,75.512266690917,0.6588546195488829,MAINTAIN
Node_4770,London,40.870733647295665,2.7194747658343568,MAINTAIN
Node_4771,Cape Town,57.27821657586573,2.8074053970813235,MAINTAIN
Node_4772,Cape Town,47.98855512499632,4.506937858259875,MAINTAIN
Node_4773,Cape Town,51.69248468095814,2.739721670744983,MAINTAIN
Node_4774,London,31.83438823159869,3.7891870068455478,MAINTAIN
Node_4775,Cape Town,91.66004977196026,2.042641795313736,MAINTAIN
Node_4776,New York,41.096896961102374,3.1124003648414282,MAINTAIN
Node_4777,London,96.98826129292483,1.7526072258803287,MAINTAIN
Node_4778,Cape Town,22.284211215919186,1.1310861232449567,SHUTDOWN
Node_4779,Cape Town,37.461381152657424,2.3627768224414627,MAINTAIN
Node_4780,London,48.3696692077765,1.1676471138458937,MAINTAIN
Node_4781,New York,11.651329072648416,4.195688642800045,SHUTDOWN
Node_4782,New York,67.325742232979,1.953406287620264,MAINTAIN
Node_4783,London,59.34481385009831,1.2619637490974627,MAINTAIN
Node_4784,London,10.50873404768195,3.736701302260783,SHUTDOWN
Node_4785,London,69.83837380499348,2.5565877521215,MAINTAIN
Node_4786,New York,40.24928723287598,2.830872940170919,MAINTAIN
Node_4787,London,20.058992698057892,3.5736874658479163,SHUTDOWN
Node_4788,London,44.37807025482835,3.2242572911207197,MAINTAIN
Node_4789,New York,27.060110021537085,1.2723027572124874,SHUTDOWN
Node_4790,Cape Town,74.14538904457213,3.6334647646326435,MAINTAIN
Node_4791,Cape Town,50.16215740953545,3.782723367031224,MAINTAIN
Node_4792,London,88.20829713493582,2.5674086063938617,MAINTAIN
Node_4793,London,28.929213851375515,2.2330113974396575,SHUTDOWN
Node_4794,New York,40.42694056213833,0.538216316305054,MAINTAIN
Node_4795,London,91.5853094224651,2.4961225513890226,MAINTAIN
Node_4796,Cape Town,73.31077109012571,1.6713627064384884,MAINTAIN
Node_4797,London,76.17937399816978,4.899566522993169,MAINTAIN
Node_4798,London,60.93346868071054,0.7187385893777521,MAINTAIN
Node_4799,London,12.16189517674276,2.1167702682775356,SHUTDOWN
Node_4800,New York,39.92649410549015,1.8802203681852085,MAINTAIN
Node_4801,New York,84.06954524027317,2.399331268294771,MAINTAIN
Node_4802,London,63.727487639047084,2.3385855312835457,MAINTAIN
Node_4803,New York,25.980439407329474,4.047638433991186,SHUTDOWN
Node_4804,New York,48.763799067874906,1.471927336491036,MAINTAIN
Node_4805,London,62.322431723885614,2.4260273904255465,MAINTAIN
Node_4806,New York,27.159069657805066,2.9519797527555958,SHUTDOWN
Node_4807,London,34.27936814812182,2.920288186264564,MAINTAIN
Node_4808,London,65.19600988164112,3.802978882603375,MAINTAIN
Node_4809,Cape Town,24.657304224529938,4.05033704392633,SHUTDOWN
Node_4810,Cape Town,98.97290159707457,3.775186727549586,MAINTAIN
Node_4811,Cape Town,88.96822252528177,3.0848507778257024,MAINTAIN
Node_4812,Cape Town,81.10003858011548,3.3290916202770364,MAINTAIN
Node_4813,New York,34.60739138893494,1.7560139409739557,MAINTAIN
Node_4814,Cape Town,45.52497619888975,2.848648510781432,MAINTAIN
Node_4815,New York,58.16658076306161,0.7271240959244003,MAINTAIN
Node_4816,New York,84.33034713658297,3.3494253926383304,MAINTAIN
Node_4817,London,50.8549477622831,1.4707660596607939,MAINTAIN
Node_4818,Cape Town,31.020002225997303,4.326097234271426,MAINTAIN
Node_4819,Cape Town,52.14607055672473,4.531300041030991,MAINTAIN
Node_4820,New York,60.47787909167809,3.3993425499179555,MAINTAIN
Node_4821,Cape Town,47.987308247326624,1.8365337450485741,MAINTAIN
Node_4822,London,64.07642471274356,2.7024762858000844,MAINTAIN
Node_4823,New York,33.4665848978599,3.029678503108138,MAINTAIN
Node_4824,New York,71.95088342291385,2.1136608548638525,MAINTAIN
Node_4825,London,23.900181241012223,2.3492480270921376,SHUTDOWN
Node_4826,London,31.02148487639257,1.395504637426499,MAINTAIN
Node_4827,Cape Town,39.996278755105685,3.536138659117761,MAINTAIN
Node_4828,London,34.77429901417092,4.205556328763129,MAINTAIN
Node_4829,New York,41.244514642278105,0.7065915113555636,MAINTAIN
Node_4830,London,69.60524689446565,4.841083739169881,MAINTAIN
Node_4831,Cape Town,71.0472237422934,0.7999045218595626,MAINTAIN
Node_4832,Cape Town,28.030878454088953,4.835411912513564,SHUTDOWN
Node_4833,New York,80.09807218442194,1.5240835837537017,MAINTAIN
Node_4834,New York,23.823656994312685,4.500696768354181,SHUTDOWN
Node_4835,London,85.21601734998876,1.4892666132017167,MAINTAIN
Node_4836,Cape Town,71.68556893536822,3.1473113669781587,MAINTAIN
Node_4837,New York,61.44613410812521,1.731852666692939,MAINTAIN
Node_4838,Cape Town,53.54788070979123,1.993905090210146,MAINTAIN
Node_4839,Cape Town,98.68899157329398,2.658111278591849,MAINTAIN
Node_4840,London,52.53934916630566,2.8328310379594885,MAINTAIN
Node_4841,Cape Town,50.970389996393656,1.758237605313841,MAINTAIN
Node_4842,London,25.48117100512439,2.48010694255452,SHUTDOWN
Node_4843,London,74.39895728033109,4.4583533558071675,MAINTAIN
Node_4844,New York,15.508046107283615,4.342839737102521,SHUTDOWN
Node_4845,London,97.39299414217203,1.1813249646460318,MAINTAIN
Node_4846,New York,88.84796483752328,4.71637245923818,MAINTAIN
Node_4847,Cape Town,57.2920191352077,4.746207549131915,MAINTAIN
Node_4848,Cape Town,34.29012136291273,1.1836231875470624,MAINTAIN
Node_4849,New York,98.56358697362113,2.0376881476220827,MAINTAIN
Node_4850,London,87.06000528889294,0.9820367193841151,MAINTAIN
Node_4851,London,40.98444475524876,2.557343200065194,MAINTAIN
Node_4852,London,75.59714932942092,2.1203094995263188,MAINTAIN
Node_4853,New York,99.58708648606692,4.071490972574037,MAINTAIN
Node_4854,Cape Town,16.710038463532133,2.9579565719889107,SHUTDOWN
Node_4855,Cape Town,49.67947278360305,0.5222075907003834,MAINTAIN
Node_4856,Cape Town,94.64141484345015,4.557957177794965,MAINTAIN
Node_4857,New York,46.66296320618446,3.4380954663317396,MAINTAIN
Node_4858,London,33.58944946867369,0.8409745746118179,MAINTAIN
Node_4859,London,14.14706087056266,1.5367001064953612,SHUTDOWN
Node_4860,Cape Town,62.556718083685865,1.6414022271625444,MAINTAIN
Node_4861,London,12.578001480947757,2.4338645297422805,SHUTDOWN
Node_4862,New York,99.999329212487,3.6952511599236404,MAINTAIN
Node_4863,Cape Town,23.930553768237345,4.434331190067905,SHUTDOWN
Node_4864,New York,85.29139225009621,3.5470427973597696,MAINTAIN
Node_4865,Cape Town,11.531790936424793,3.23054806470787,SHUTDOWN
Node_4866,Cape Town,99.76789153048578,1.252506646023052,MAINTAIN
Node_4867,New York,40.14473771472919,3.0744813318786393,MAINTAIN
Node_4868,New York,97.18763030576721,3.4366604557304905,MAINTAIN
Node_4869,London,52.54573692095212,2.491052281643101,MAINTAIN
Node_4870,London,10.612348447278922,2.526467632246091,SHUTDOWN
Node_4871,Cape Town,95.23834410774455,1.6009474702121183,MAINTAIN
Node_4872,Cape Town,79.31022153333058,4.369176112927263,MAINTAIN
Node_4873,New York,77.77940089465768,1.2114207686398157,MAINTAIN
Node_4874,London,34.82803929358106,3.2171966282188,MAINTAIN
Node_4875,Cape Town,27.66953413596112,2.8094054118052716,SHUTDOWN
Node_4876,Cape Town,29.303042558769558,1.117650861950684,SHUTDOWN
Node_4877,New York,10.556343844389506,4.869355257764067,SHUTDOWN
Node_4878,London,22.13607456162768,4.006734899147517,SHUTDOWN
Node_4879,London,82.88447105488538,4.571896433409323,MAINTAIN
Node_4880,New York,74.94936172979409,4.085093603067273,MAINTAIN
Node_4881,Cape Town,40.97172210557376,4.563429727046524,MAINTAIN
Node_4882,Cape Town,13.428402794642956,2.692430689476211,SHUTDOWN
Node_4883,New York,26.58184266148841,2.3691574799856756,SHUTDOWN
Node_4884,New York,88.1251946883283,3.3513475286287497,MAINTAIN
Node_4885,Cape Town,24.473178621923864,0.5441106926024322,SHUTDOWN
Node_4886,New York,78.25539768029832,0.6106158983450426,MAINTAIN
Node_4887,London,32.80918304075038,3.0021528139010156,MAINTAIN
Node_4888,New York,75.32616713987346,3.022509190941526,MAINTAIN
Node_4889,Cape Town,51.78018803018593,2.220975419936032,MAINTAIN
Node_4890,New York,32.44628954886604,1.4476245551561369,MAINTAIN
Node_4891,Cape Town,67.80624772311631,3.4941892896658056,MAINTAIN
Node_4892,London,23.969050858893922,2.257425746591217,SHUTDOWN
Node_4893,New York,42.40987588241266,1.0188446777166493,MAINTAIN
Node_4894,London,92.23734057505868,3.1823372231095655,MAINTAIN
Node_4895,New York,46.98789655646811,3.118981988228928,MAINTAIN
Node_4896,London,88.39534979055452,3.300914536130093,MAINTAIN
Node_4897,Cape Town,55.837023036804425,3.9084413910954434,MAINTAIN
Node_4898,London,67.2646609924976,1.7089504851209802,MAINTAIN
Node_4899,Cape Town,36.5673458301127,2.7413433259701034,MAINTAIN
Node_4900,Cape Town,28.27452447473847,4.989066805369873,SHUTDOWN
Node_4901,London,63.55843388940361,4.6889058303112305,MAINTAIN
Node_4902,New York,71.4938070859324,3.649394579308316,MAINTAIN
Node_4903,Cape Town,65.50413667247565,3.89731846688767,MAINTAIN
Node_4904,New York,97.01388791457809,3.4060133760157285,MAINTAIN
Node_4905,London,84.74078154897418,2.4647843229062287,MAINTAIN
Node_4906,Cape Town,49.22781677716785,3.22776820416257,MAINTAIN
Node_4907,New York,12.132200813551286,3.617829334076001,SHUTDOWN
Node_4908,New York,20.74819073620357,1.5154454256826129,SHUTDOWN
Node_4909,London,23.272486322231515,2.982571327839622,SHUTDOWN
Node_4910,New York,53.64362862707585,4.919915517734773,MAINTAIN
Node_4911,New York,39.30116880873908,4.418896511504258,MAINTAIN
Node_4912,London,99.22028879820827,4.170476663330504,MAINTAIN
Node_4913,New York,31.288632147577896,2.069512173844209,MAINTAIN
Node_4914,New York,56.41895674910294,3.246317256627776,MAINTAIN
Node_4915,London,80.63838008498983,1.9941010856391361,MAINTAIN
Node_4916,London,83.4906677458932,1.4207199786814466,MAINTAIN
Node_4917,New York,88.69233669806086,3.309020829235611,MAINTAIN
Node_4918,Cape Town,73.15562698352659,3.2437245464150077,MAINTAIN
Node_4919,London,76.74049484031032,2.17172774879562,MAINTAIN
Node_4920,London,79.7082965739478,4.463682742334994,MAINTAIN
Node_4921,London,59.73250850417886,4.202718959358282,MAINTAIN
Node_4922,New York,71.73180283154268,0.7366962329888553,MAINTAIN
Node_4923,London,69.12671087907829,1.9028769249556587,MAINTAIN
Node_4924,New York,67.49899877379421,1.1471471891810718,MAINTAIN
Node_4925,Cape Town,83.25563457402973,4.580279629512546,MAINTAIN
Node_4926,New York,92.06172125632216,4.40938583786054,MAINTAIN
Node_4927,London,14.431004441862939,2.007573092248562,SHUTDOWN
Node_4928,New York,55.631710924652644,3.7208713637140587,MAINTAIN
Node_4929,New York,76.01888060336034,3.5028021159087013,MAINTAIN
Node_4930,New York,51.38939370437012,1.3435614904048678,MAINTAIN
Node_4931,New York,77.36808001081162,1.199687539725318,MAINTAIN
Node_4932,Cape Town,84.38244802682766,3.448448945210251,MAINTAIN
Node_4933,New York,50.68703333588953,1.2753492732711935,MAINTAIN
Node_4934,London,56.001742341024325,3.9714452853638464,MAINTAIN
Node_4935,London,59.80410465802865,2.1089742547140298,MAINTAIN
Node_4936,London,89.59583047043475,1.5716898902165946,MAINTAIN
Node_4937,New York,57.813609492126176,2.630960264550609,MAINTAIN
Node_4938,Cape Town,54.53807898623017,1.3120109405597764,MAINTAIN
Node_4939,London,90.9354326490536,4.063350214701389,MAINTAIN
Node_4940,London,86.53234779130301,3.8268829028276063,MAINTAIN
Node_4941,Cape Town,68.86880316078354,3.6272667145821185,MAINTAIN
Node_4942,London,78.7628212673358,3.613238167071953,MAINTAIN
Node_4943,New York,74.06419689641233,3.4849557402863764,MAINTAIN
Node_4944,Cape Town,52.58342675706261,4.140466181072707,MAINTAIN
Node_4945,Cape Town,96.51190278283595,1.9454684306374757,MAINTAIN
Node_4946,London,80.61997865100369,4.860250404181678,MAINTAIN
Node_4947,London,25.517835560574806,1.5706588002847055,SHUTDOWN
Node_4948,New York,11.843283515955976,0.8355829590615,SHUTDOWN
Node_4949,London,64.27801396463914,3.4904015742454,MAINTAIN
Node_4950,London,65.0434293061684,1.6083347347044863,MAINTAIN
Node_4951,Cape Town,48.43931839320892,3.3432973347952695,MAINTAIN
Node_4952,Cape Town,11.782840473055355,3.069232721275827,SHUTDOWN
Node_4953,Cape Town,28.565740803372794,1.2608881942823182,SHUTDOWN
Node_4954,Cape Town,93.20257250041108,1.8972321253109956,MAINTAIN
Node_4955,Cape Town,19.665964070420692,1.122658339856854,SHUTDOWN
Node_4956,New York,20.310576913157174,2.017163539226103,SHUTDOWN
Node_4957,Cape Town,69.85402421347129,2.211554166942525,MAINTAIN
Node_4958,London,66.80849934904438,1.4811535131788331,MAINTAIN
Node_4959,London,62.45578711294339,1.9779263077312317,MAINTAIN
Node_4960,Cape Town,35.11441581758642,3.4282220138461716,MAINTAIN
Node_4961,New York,31.872533743495744,1.6385915676927278,MAINTAIN
Node_4962,London,10.198817899627393,1.329668294945885,SHUTDOWN
Node_4963,New York,54.725006545580676,0.530200922095437,MAINTAIN
Node_4964,New York,95.54638335945606,1.0680544183575746,MAINTAIN
Node_4965,London,38.29729732118075,1.7534371508408915,MAINTAIN
Node_4966,New York,16.411492729307938,0.9535996212742717,SHUTDOWN
Node_4967,London,51.54012411730286,3.9722761612502735,MAINTAIN
Node_4968,New York,17.066809102819352,4.834539659240279,SHUTDOWN
Node_4969,London,31.804057104039405,1.6823496352370912,MAINTAIN
Node_4970,London,15.643507105223032,3.6598767558652936,SHUTDOWN
Node_4971,Cape Town,95.73187405870472,4.089271639224808,MAINTAIN
Node_4972,New York,27.58795086150421,3.746760782654101,SHUTDOWN
Node_4973,Cape Town,22.648184476308664,4.757044547375306,SHUTDOWN
Node_4974,Cape Town,38.52594581726363,2.2291678704632143,MAINTAIN
Node_4975,New York,28.01374372150911,0.6331259077075775,SHUTDOWN
Node_4976,London,95.64189632893671,1.6672943162524592,MAINTAIN
Node_4977,Cape Town,95.91308133882785,1.9959482547971508,MAINTAIN
Node_4978,London,60.9455404542024,3.0966387925051966,MAINTAIN
Node_4979,Cape Town,82.07444000734333,3.5488864899690684,MAINTAIN
Node_4980,London,53.49839512678066,3.243616243386077,MAINTAIN
Node_4981,London,71.44426931579997,3.9828688648267128,MAINTAIN
Node_4982,London,57.0183507058084,1.0902899232161198,MAINTAIN
Node_4983,London,33.49462288021097,2.9928173214135447,MAINTAIN
Node_4984,London,97.12210454220927,3.2490399035524313,MAINTAIN
Node_4985,Cape Town,42.48656823158038,1.395414675865338,MAINTAIN
Node_4986,New York,77.2007335095565,1.5719339717099385,MAINTAIN
Node_4987,New York,28.712378335999393,0.6744399401635204,SHUTDOWN
Node_4988,New York,98.52588107630574,2.1919085323437515,MAINTAIN
Node_4989,New York,11.712796832703285,2.953753121174337,SHUTDOWN
Node_4990,London,44.25999121935416,3.8211183225854857,MAINTAIN
Node_4991,London,25.34981740764939,1.6537592805986525,SHUTDOWN
Node_4992,New York,71.90315700600112,1.6251140842484146,MAINTAIN
Node_4993,Cape Town,24.42409374843168,3.135173173639182,SHUTDOWN
Node_4994,London,67.32437564950975,2.034539785751984,MAINTAIN
Node_4995,New York,85.47560096742002,1.9150377594467742,MAINTAIN
Node_4996,Cape Town,78.63247886701528,4.360393438536682,MAINTAIN
Node_4997,New York,30.92550043448987,0.8586162804181763,MAINTAIN
Node_4998,New York,55.53344319349696,2.9885124059400656,MAINTAIN
Node_4999,New York,72.76867513179447,3.3776249390249227,MAINTAIN
Node_5000,Cape Town,75.8121691292702,4.5086545516884255,MAINTAIN
Node_5001,Cape Town,35.05132770135633,4.099155291892439,MAINTAIN
Node_5002,New York,24.719028041572507,1.2964110415199839,SHUTDOWN
Node_5003,London,34.215244445885915,3.7359128863629407,MAINTAIN
Node_5004,New York,77.02273249158709,0.704024396748456,MAINTAIN
Node_5005,Cape Town,35.19480444170107,2.3133831941886185,MAINTAIN
Node_5006,Cape Town,50.52680760338938,4.413639718835741,MAINTAIN
Node_5007,New York,77.76602836435606,1.9677469731248103,MAINTAIN
Node_5008,London,52.55205784962712,1.8903760559432408,MAINTAIN
Node_5009,Cape Town,38.853941821135365,1.408302191893577,MAINTAIN
Node_5010,London,60.5646700799427,1.9073021615907604,MAINTAIN
Node_5011,London,96.68238796694675,1.3646471051666695,MAINTAIN
Node_5012,New York,41.410297498486145,2.4682095589391944,MAINTAIN
Node_5013,Cape Town,36.95978628138111,3.8543177346065396,MAINTAIN
Node_5014,New York,46.63554005794006,3.803521836331259,MAINTAIN
Node_5015,New York,15.120635672201026,2.9233853904787286,SHUTDOWN
Node_5016,London,80.08389354671274,2.1173753887550815,MAINTAIN
Node_5017,New York,78.94032304490283,2.536714807361414,MAINTAIN
Node_5018,London,26.7647176068271,3.9613271445226883,SHUTDOWN
Node_5019,Cape Town,37.77568723879375,4.480455674282063,MAINTAIN
Node_5020,Cape Town,48.81114147714364,2.0937098448257836,MAINTAIN
Node_5021,London,90.4799200740427,3.2295311231230066,MAINTAIN
Node_5022,London,48.018428857463945,3.987844074066943,MAINTAIN
Node_5023,London,66.57203584811248,3.540666151268939,MAINTAIN
Node_5024,New York,68.85244826233264,3.70685575142567,MAINTAIN
Node_5025,Cape Town,65.39994619753242,2.185516412839974,MAINTAIN
Node_5026,New York,88.99244108098034,3.8123903097325176,MAINTAIN
Node_5027,London,65.49133063367688,1.507032362397722,MAINTAIN
Node_5028,London,94.54652707368835,2.244812861608149,MAINTAIN
Node_5029,Cape Town,90.29201313148221,0.9391788069323332,MAINTAIN
Node_5030,London,33.24689915604482,2.750026357165242,MAINTAIN
Node_5031,New York,26.9866837454088,3.6184358961462433,SHUTDOWN
Node_5032,London,45.64418609577273,2.1721866905059004,MAINTAIN
Node_5033,New York,47.40488356534942,3.138857106631885,MAINTAIN
Node_5034,New York,15.236763947908972,3.6826247805350265,SHUTDOWN
Node_5035,London,81.2361796956426,2.777969271127613,MAINTAIN
Node_5036,Cape Town,62.23502845856673,4.2375559873697615,MAINTAIN
Node_5037,London,26.939360307057708,4.249637012964115,SHUTDOWN
Node_5038,Cape Town,86.81788114875113,4.829353976673757,MAINTAIN
Node_5039,London,97.27490736194356,2.943845208668854,MAINTAIN
Node_5040,Cape Town,20.97029408006848,2.479259013880212,SHUTDOWN
Node_5041,Cape Town,45.169269496369125,1.731702493217546,MAINTAIN
Node_5042,London,76.36218073611073,4.80889624238208,MAINTAIN
Node_5043,Cape Town,57.442447777495765,1.405937231460052,MAINTAIN
Node_5044,London,10.291655398828436,1.2648492514054714,SHUTDOWN
Node_5045,London,64.21965850279184,0.6794031398436609,MAINTAIN
Node_5046,London,27.546497113586124,4.0920067970395255,SHUTDOWN
Node_5047,London,66.69143844640914,3.528163953481788,MAINTAIN
Node_5048,New York,77.95858644851688,0.8797056365064111,MAINTAIN
Node_5049,London,74.13711649472401,1.8344632727703032,MAINTAIN
Node_5050,New York,42.253937542368014,4.037573137741083,MAINTAIN
Node_5051,Cape Town,75.41395976266799,2.9824495007780754,MAINTAIN
Node_5052,New York,42.43850226903222,2.6318878513340778,MAINTAIN
Node_5053,New York,72.38447645608211,1.044319720396516,MAINTAIN
Node_5054,London,81.36848387146323,4.349763914683439,MAINTAIN
Node_5055,London,49.009104775606474,3.2815539612191653,MAINTAIN
Node_5056,New York,79.57465567396058,2.6094107646545144,MAINTAIN
Node_5057,New York,97.12351477246725,4.631922444296958,MAINTAIN
Node_5058,Cape Town,60.39222059423003,0.7869136895677529,MAINTAIN
Node_5059,New York,69.29710419706953,3.100849557805053,MAINTAIN
Node_5060,London,86.57708360548396,1.4503169684744166,MAINTAIN
Node_5061,Cape Town,46.01985055807272,3.0220523422049728,MAINTAIN
Node_5062,Cape Town,44.56364905582615,4.074143610634241,MAINTAIN
Node_5063,London,72.29451940668083,2.915337437005538,MAINTAIN
Node_5064,London,27.4817159670098,1.369595567703164,SHUTDOWN
Node_5065,London,98.00893234017164,4.723326875136616,MAINTAIN
Node_5066,London,27.631849415777733,3.7060807919683807,SHUTDOWN
Node_5067,London,19.029961712190342,2.8587690889054445,SHUTDOWN
Node_5068,Cape Town,53.74878171554147,4.9255933336963205,MAINTAIN
Node_5069,Cape Town,46.441769170485856,1.7348221935622334,MAINTAIN
Node_5070,Cape Town,88.46087566123116,2.205535875606684,MAINTAIN
Node_5071,New York,39.43805493603429,4.922475455309115,MAINTAIN
Node_5072,Cape Town,91.91939572082245,1.7772863024176198,MAINTAIN
Node_5073,London,23.284127644362446,4.71587168479633,SHUTDOWN
Node_5074,London,89.00493866608855,2.3538006941581466,MAINTAIN
Node_5075,London,58.47935175149191,3.3244514926096778,MAINTAIN
Node_5076,London,56.731526677185606,4.053610335194742,MAINTAIN
Node_5077,New York,30.789342804503725,2.220663441165515,MAINTAIN
Node_5078,London,38.766529964764445,0.8739127803133341,MAINTAIN
Node_5079,London,86.56145076447864,2.6295238631456668,MAINTAIN
Node_5080,Cape Town,40.692815022660824,3.6627159070987463,MAINTAIN
Node_5081,London,86.37503402734355,0.9706616999201341,MAINTAIN
Node_5082,London,98.81919283510294,4.891319819891421,MAINTAIN
Node_5083,New York,36.051642607571395,2.748414405370463,MAINTAIN
Node_5084,New York,24.677921157367905,1.929785446187054,SHUTDOWN
Node_5085,London,98.8978982092833,1.6895665842639502,MAINTAIN
Node_5086,Cape Town,16.916967705804232,3.294920040833886,SHUTDOWN
Node_5087,Cape Town,67.89795266288598,3.5037747914111623,MAINTAIN
Node_5088,New York,77.07429180668649,4.572972118390199,MAINTAIN
Node_5089,New York,51.90359738510386,1.4275346148990757,MAINTAIN
Node_5090,Cape Town,42.60336018954245,4.598045291924987,MAINTAIN
Node_5091,London,37.2847911758429,3.4466053225206266,MAINTAIN
Node_5092,Cape Town,94.44608555754519,2.200637626042397,MAINTAIN
Node_5093,London,81.53000969247415,3.821116010062225,MAINTAIN
Node_5094,London,47.411288236582564,1.4703991017064064,MAINTAIN
Node_5095,Cape Town,47.46739862651608,4.588701183454122,MAINTAIN
Node_5096,London,99.27540107055619,2.7930772603853793,MAINTAIN
Node_5097,London,32.46233642755146,1.6960518804215994,MAINTAIN
Node_5098,Cape Town,50.64452973981858,2.340834243388617,MAINTAIN
Node_5099,Cape Town,10.285625153088855,3.3203721754256725,SHUTDOWN
Node_5100,Cape Town,36.92997805083618,1.8915714133058856,MAINTAIN
Node_5101,London,44.48854920036482,3.656557100737786,MAINTAIN
Node_5102,Cape Town,86.52613608261068,2.7327161771949755,MAINTAIN
Node_5103,Cape Town,75.38504033189844,1.2607401479022466,MAINTAIN
Node_5104,London,91.83708797447616,4.7088472533587495,MAINTAIN
Node_5105,Cape Town,51.37535694018492,1.5071807851371637,MAINTAIN
Node_5106,London,87.2865604935042,2.6220591372012407,MAINTAIN
Node_5107,New York,48.97350051193643,2.494090086122894,MAINTAIN
Node_5108,New York,86.47273356382551,2.5621364489491043,MAINTAIN
Node_5109,New York,91.61029829658247,1.6848383987712692,MAINTAIN
Node_5110,Cape Town,33.31082577418531,3.8750581241799362,MAINTAIN
Node_5111,New York,65.38983313428176,1.252923276052457,MAINTAIN
Node_5112,London,68.9691928763905,2.8432794584540613,MAINTAIN
Node_5113,London,35.65247674788765,3.2146795427358787,MAINTAIN
Node_5114,New York,85.28949243770164,2.35278836808589,MAINTAIN
Node_5115,New York,36.9003537588943,4.958248286470532,MAINTAIN
Node_5116,London,44.249851809732064,4.191383288530835,MAINTAIN
Node_5117,New York,32.25431657361242,3.6413545134166294,MAINTAIN
Node_5118,New York,67.97034005403381,3.080407479412313,MAINTAIN
Node_5119,London,66.7592287033537,2.1933216674558107,MAINTAIN
Node_5120,New York,84.79307976251589,4.82451524641187,MAINTAIN
Node_5121,New York,33.91621843295414,2.992772183499132,MAINTAIN
Node_5122,Cape Town,94.81951027259821,1.7274837667649128,MAINTAIN
Node_5123,London,69.0595438156,4.335477413318739,MAINTAIN
Node_5124,Cape Town,85.22475772427129,4.908841846978306,MAINTAIN
Node_5125,New York,41.9205667748688,3.8290453877956017,MAINTAIN
Node_5126,Cape Town,52.79020992931628,1.0954439559199811,MAINTAIN
Node_5127,Cape Town,49.36977343219029,4.88541218035663,MAINTAIN
Node_5128,New York,77.65564596622077,2.9558618218481514,MAINTAIN
Node_5129,Cape Town,59.726698505016216,2.35465653893819,MAINTAIN
Node_5130,New York,46.68465222154199,1.1877007659208256,MAINTAIN
Node_5131,Cape Town,90.40202860917329,1.902961408208308,MAINTAIN
Node_5132,Cape Town,70.38010812683774,4.638505373645254,MAINTAIN
Node_5133,New York,55.85914702336146,2.551532210832728,MAINTAIN
Node_5134,London,15.334855925595901,1.9456007938037183,SHUTDOWN
Node_5135,New York,82.0663754548238,1.7127819243192839,MAINTAIN
Node_5136,New York,89.6933464397361,4.924670673419693,MAINTAIN
Node_5137,New York,91.64160156457251,2.439095314599641,MAINTAIN
Node_5138,New York,37.73585121587688,2.688354558107871,MAINTAIN
Node_5139,New York,34.99987419689903,4.4375250639085735,MAINTAIN
Node_5140,London,80.26315327436764,4.113953706011344,MAINTAIN
Node_5141,Cape Town,57.64959199356516,4.878398883545808,MAINTAIN
Node_5142,New York,72.2523452634963,4.127330985337176,MAINTAIN
Node_5143,London,44.02955359651325,1.0366394199540687,MAINTAIN
Node_5144,New York,56.978649250378545,1.5858043335189902,MAINTAIN
Node_5145,Cape Town,91.4136728162853,4.752495105878864,MAINTAIN
Node_5146,Cape Town,55.562888732905336,0.8018738567200605,MAINTAIN
Node_5147,New York,25.780640562382438,2.853162589303242,SHUTDOWN
Node_5148,Cape Town,74.4858201080661,4.461416907890314,MAINTAIN
Node_5149,Cape Town,71.69115734826141,4.699829997853092,MAINTAIN
Node_5150,New York,24.119813884983778,4.4411613483894685,SHUTDOWN
Node_5151,London,68.32461471014716,1.2266707049813232,MAINTAIN
Node_5152,Cape Town,57.05505296424361,1.1112147005665358,MAINTAIN
Node_5153,London,84.80452835574825,4.345370954067941,MAINTAIN
Node_5154,London,25.417071444665254,2.6251870286118852,SHUTDOWN
Node_5155,Cape Town,86.42509721386378,1.0695828425735638,MAINTAIN
Node_5156,London,68.3104406749568,0.6997739215387611,MAINTAIN
Node_5157,New York,32.99716538940463,2.9864658161121227,MAINTAIN
Node_5158,New York,36.18676228730537,1.7295906934681542,MAINTAIN
Node_5159,New York,24.86563646121838,4.136320771434589,SHUTDOWN
Node_5160,Cape Town,45.38371776551561,3.1721713250854546,MAINTAIN
Node_5161,New York,90.88809533230803,1.2676483293561782,MAINTAIN
Node_5162,London,21.30441294394632,2.6385493630200987,SHUTDOWN
Node_5163,New York,41.06674165258892,3.8875110351212454,MAINTAIN
Node_5164,London,35.18330934400006,4.799904631389639,MAINTAIN
Node_5165,Cape Town,69.39000673671384,3.4625607949843418,MAINTAIN
Node_5166,New York,12.46428183049091,0.911139472023069,SHUTDOWN
Node_5167,London,26.678403230651647,2.4826611951577817,SHUTDOWN
Node_5168,Cape Town,94.46026762415242,0.5757801251417478,MAINTAIN
Node_5169,London,33.93767649697218,3.253051972395325,MAINTAIN
Node_5170,New York,24.46383367761417,3.4467539638298197,SHUTDOWN
Node_5171,New York,30.183984071813857,2.2042291535221157,MAINTAIN
Node_5172,New York,46.73462691423184,3.5053981028360397,MAINTAIN
Node_5173,Cape Town,18.047341766339656,2.266019981143798,SHUTDOWN
Node_5174,Cape Town,40.61953449437216,1.8407668570030564,MAINTAIN
Node_5175,London,41.798839748416256,1.731512619338813,MAINTAIN
Node_5176,Cape Town,56.00848111381283,4.080149712563054,MAINTAIN
Node_5177,London,43.838987336771176,1.2246856629418283,MAINTAIN
Node_5178,London,62.83272257293212,1.6697920504544967,MAINTAIN
Node_5179,Cape Town,42.27542343675697,4.832076781338872,MAINTAIN
Node_5180,New York,14.523949999499981,1.9678764449823847,SHUTDOWN
Node_5181,London,59.4749326925847,1.2439141091271324,MAINTAIN
Node_5182,Cape Town,67.24041709398462,3.589288176064273,MAINTAIN
Node_5183,London,78.73009078582395,1.8663337586642406,MAINTAIN
Node_5184,Cape Town,10.215917699504727,2.31690972726091,SHUTDOWN
Node_5185,London,25.72780046193139,3.5990610183751883,SHUTDOWN
Node_5186,New York,33.6210981428152,2.3369962208431927,MAINTAIN
Node_5187,Cape Town,24.655276172304802,1.085169828455024,SHUTDOWN
Node_5188,Cape Town,30.96744846867887,2.521132364630539,MAINTAIN
Node_5189,New York,33.25555614347121,2.1254973890705133,MAINTAIN
Node_5190,New York,38.49893503413122,0.5943589047420748,MAINTAIN
Node_5191,Cape Town,85.36576844121247,4.293333621950106,MAINTAIN
Node_5192,London,90.36495283126344,0.5699149757847346,MAINTAIN
Node_5193,New York,51.66136424227308,4.695457124791901,MAINTAIN
Node_5194,Cape Town,31.342826628282072,2.6296096631475616,MAINTAIN
Node_5195,London,64.19413668400233,4.891761998200012,MAINTAIN
Node_5196,Cape Town,78.65710400517352,1.2978300667564817,MAINTAIN
Node_5197,London,52.17975134227939,4.0680279523658225,MAINTAIN
Node_5198,Cape Town,18.22876833382324,1.5510603186995275,SHUTDOWN
Node_5199,New York,38.400197725342835,2.0588013294338148,MAINTAIN
Node_5200,New York,90.4147926054445,2.2525839380157113,MAINTAIN
Node_5201,New York,10.546589863151963,1.5060988279180574,SHUTDOWN
Node_5202,Cape Town,86.3153487159683,2.4898180877380383,MAINTAIN
Node_5203,New York,75.49148036062131,0.8880416149586765,MAINTAIN
Node_5204,Cape Town,64.10930428580149,3.6021463978026556,MAINTAIN
Node_5205,London,79.87619488487567,3.225774436077793,MAINTAIN
Node_5206,Cape Town,13.220196224483733,2.8596197594628534,SHUTDOWN
Node_5207,London,43.82088277646086,0.536569706144264,MAINTAIN
Node_5208,New York,38.258984006450916,4.595161387512549,MAINTAIN
Node_5209,Cape Town,35.32355466000529,4.9398901648011435,MAINTAIN
Node_5210,New York,31.836562760787157,3.7000095932324144,MAINTAIN
Node_5211,New York,65.95202976250229,4.5866703118556975,MAINTAIN
Node_5212,Cape Town,49.6240507419084,4.613833979880315,MAINTAIN
Node_5213,New York,96.18613590431467,2.1624000001569055,MAINTAIN
Node_5214,New York,27.537689453296743,3.8768132518404554,SHUTDOWN
Node_5215,London,39.31088634211503,1.77459481383626,MAINTAIN
Node_5216,London,68.35532858310725,2.212216509412467,MAINTAIN
Node_5217,New York,40.74329437930868,1.1961533969563476,MAINTAIN
Node_5218,New York,40.29776658098251,2.894755217996272,MAINTAIN
Node_5219,London,15.050594107027853,1.885507992190968,SHUTDOWN
Node_5220,Cape Town,18.129361229354174,0.6469409586596195,SHUTDOWN
Node_5221,New York,13.10300866845184,3.6406996573710697,SHUTDOWN
Node_5222,Cape Town,11.715274618437036,4.723560571488763,SHUTDOWN
Node_5223,Cape Town,28.258670601306093,4.862134913103187,SHUTDOWN
Node_5224,Cape Town,20.987272651063982,1.352191025117738,SHUTDOWN
Node_5225,New York,34.83416023953919,3.7180528848835994,MAINTAIN
Node_5226,Cape Town,19.225134258080317,1.1190702543576754,SHUTDOWN
Node_5227,London,76.74588937340158,1.6527558423844877,MAINTAIN
Node_5228,New York,12.794819130783981,4.786643187276466,SHUTDOWN
Node_5229,London,89.4869125634124,3.181089829524972,MAINTAIN
Node_5230,New York,47.47667967097316,3.6203590025186663,MAINTAIN
Node_5231,Cape Town,37.385810599418775,4.8737174871628985,MAINTAIN
Node_5232,Cape Town,10.277562440007854,4.90345070550849,SHUTDOWN
Node_5233,Cape Town,75.7311824081475,4.450610982995309,MAINTAIN
Node_5234,New York,22.105593305366455,1.4614949913883886,SHUTDOWN
Node_5235,Cape Town,29.153108628555845,3.7837998821161625,SHUTDOWN
Node_5236,Cape Town,92.50362823894505,0.8135861201673519,MAINTAIN
Node_5237,Cape Town,55.10610767790533,0.9462511295279425,MAINTAIN
Node_5238,London,90.45564797049535,0.747911511213708,MAINTAIN
Node_5239,New York,37.40439043752409,1.6374215447129246,MAINTAIN
Node_5240,London,87.44668832955176,3.192489353597577,MAINTAIN
Node_5241,New York,88.5350152589694,0.9371579661765441,MAINTAIN
Node_5242,New York,79.18336329848431,4.95117241195857,MAINTAIN
Node_5243,New York,63.41147841261335,3.7660034856300943,MAINTAIN
Node_5244,London,42.594785630571806,1.0809740865532689,MAINTAIN
Node_5245,London,61.95012186487771,2.216213886535643,MAINTAIN
Node_5246,New York,56.58933966176755,1.7905773633598174,MAINTAIN
Node_5247,London,30.533181684595903,3.6860109929093308,MAINTAIN
Node_5248,London,55.520803322691556,4.592205962873268,MAINTAIN
Node_5249,London,66.93424598386446,4.140173561439063,MAINTAIN
Node_5250,London,45.896381586563685,2.7806204534207355,MAINTAIN
Node_5251,Cape Town,34.49217141921991,3.3764227679259684,MAINTAIN
Node_5252,Cape Town,59.720927343061945,4.466806519891726,MAINTAIN
Node_5253,Cape Town,62.97093840305919,1.244643721172135,MAINTAIN
Node_5254,New York,95.20471630692086,2.9485117070724924,MAINTAIN
Node_5255,London,42.58814797183329,4.428027874579058,MAINTAIN
Node_5256,London,10.937321192282724,0.9417948256164494,SHUTDOWN
Node_5257,London,16.2151789416833,4.457776319913158,SHUTDOWN
Node_5258,New York,11.816674316541262,1.5157702719607258,SHUTDOWN
Node_5259,London,82.90051668835484,2.4463950090258186,MAINTAIN
Node_5260,New York,20.615485883523302,2.6402648172947196,SHUTDOWN
Node_5261,New York,88.22584511655434,3.7951223735416733,MAINTAIN
Node_5262,New York,84.10145307543013,2.463884127357062,MAINTAIN
Node_5263,Cape Town,78.87052785540781,4.899954425590387,MAINTAIN
Node_5264,London,47.10175685787865,1.3671159684473064,MAINTAIN
Node_5265,New York,94.38576554730557,4.424435562608555,MAINTAIN
Node_5266,Cape Town,80.66124357874273,4.524427035141589,MAINTAIN
Node_5267,London,92.40966070762627,0.5578018200538162,MAINTAIN
Node_5268,Cape Town,62.45759396862367,1.3817419678223006,MAINTAIN
Node_5269,Cape Town,77.53508615381392,2.560202235802825,MAINTAIN
Node_5270,New York,42.5953178783613,4.702830478232276,MAINTAIN
Node_5271,Cape Town,41.47711193961128,4.221406719221395,MAINTAIN
Node_5272,New York,80.59410447237522,3.8688462158566677,MAINTAIN
Node_5273,Cape Town,40.754672083561786,3.66187636886984,MAINTAIN
Node_5274,New York,41.24424564802429,2.124577007844591,MAINTAIN
Node_5275,London,87.39426926582466,1.1482871218917463,MAINTAIN
Node_5276,Cape Town,71.70145123265038,4.525362445539315,MAINTAIN
Node_5277,Cape Town,58.39819959152934,3.28882682811937,MAINTAIN
Node_5278,London,52.57015539558746,4.829343677125067,MAINTAIN
Node_5279,New York,68.04965586848294,0.642601540165611,MAINTAIN
Node_5280,New York,75.32439845798335,0.5023853626661812,MAINTAIN
Node_5281,Cape Town,40.40783470212168,2.027152543628018,MAINTAIN
Node_5282,New York,41.24647049658209,3.5729125301221356,MAINTAIN
Node_5283,New York,38.275332042772206,3.087890990503042,MAINTAIN
Node_5284,New York,25.772130052881852,2.1731536431344964,SHUTDOWN
Node_5285,New York,25.088624243633056,4.872827286370249,SHUTDOWN
Node_5286,London,98.1421965874741,2.5002172949488024,MAINTAIN
Node_5287,London,61.10917565378887,1.2382223719522851,MAINTAIN
Node_5288,London,59.449479252954994,2.5775319661850338,MAINTAIN
Node_5289,New York,82.9936027135698,1.7606145706418037,MAINTAIN
Node_5290,New York,25.627469351120368,2.9188891607726206,SHUTDOWN
Node_5291,London,48.019011676839554,1.32959029666031,MAINTAIN
Node_5292,London,21.89536879596146,3.7466042226898595,SHUTDOWN
Node_5293,Cape Town,43.25316510722354,1.0930124228338276,MAINTAIN
Node_5294,London,51.26610445447187,0.7137627667284663,MAINTAIN
Node_5295,Cape Town,17.65869197013583,2.591987957128844,SHUTDOWN
Node_5296,London,84.25342588655701,2.403330722929708,MAINTAIN
Node_5297,London,18.473181255259334,4.2432753343958405,SHUTDOWN
Node_5298,Cape Town,89.64123518558195,1.2292613636637078,MAINTAIN
Node_5299,New York,17.743210661022005,1.10064445664951,SHUTDOWN
Node_5300,Cape Town,70.32756546730866,2.3798848960568093,MAINTAIN
Node_5301,New York,60.308911936277255,2.362382981007044,MAINTAIN
Node_5302,New York,96.79432319429036,3.711204148213688,MAINTAIN
Node_5303,New York,86.31262329582395,1.7601807362786828,MAINTAIN
Node_5304,London,70.68984942045981,2.725243596492472,MAINTAIN
Node_5305,Cape Town,40.58673726972668,2.980336717300011,MAINTAIN
Node_5306,Cape Town,10.666554543536837,3.045926005677151,SHUTDOWN
Node_5307,New York,86.1184265183965,2.773601921806766,MAINTAIN
Node_5308,London,34.22935158235771,3.392927486700093,MAINTAIN
Node_5309,Cape Town,76.26988395681144,2.6551321563306325,MAINTAIN
Node_5310,New York,95.30221953979473,2.9683394757274133,MAINTAIN
Node_5311,New York,19.768826552687397,4.082414036369187,SHUTDOWN
Node_5312,London,25.038916658306515,4.81834533102567,SHUTDOWN
Node_5313,Cape Town,90.60244559852245,1.281962959320501,MAINTAIN
Node_5314,Cape Town,66.2877671944513,2.360338129307897,MAINTAIN
Node_5315,New York,32.883756563777695,0.5437936672068369,MAINTAIN
Node_5316,London,99.97000756854273,4.396358320379452,MAINTAIN
Node_5317,Cape Town,86.36240118861184,3.03332598517308,MAINTAIN
Node_5318,London,25.12106605830239,0.5806097656043561,SHUTDOWN
Node_5319,London,73.80376925695361,3.413762820779373,MAINTAIN
Node_5320,New York,29.306589697047443,3.314829004512608,SHUTDOWN
Node_5321,New York,45.20812643851118,3.6489951245948093,MAINTAIN
Node_5322,New York,66.39302681666491,1.9368935755709091,MAINTAIN
Node_5323,New York,13.103912022830931,2.474282609372769,SHUTDOWN
Node_5324,London,10.015936060873882,3.652920031616904,SHUTDOWN
Node_5325,London,42.67359716764273,4.488694126896524,MAINTAIN
Node_5326,New York,19.94921226171249,1.5891061838219742,SHUTDOWN
Node_5327,Cape Town,38.20115318649732,2.5755688039318865,MAINTAIN
Node_5328,New York,92.12517533637252,1.0037500408694995,MAINTAIN
Node_5329,Cape Town,91.1828011282843,4.3845061490423385,MAINTAIN
Node_5330,London,91.71966425591931,3.944891767381734,MAINTAIN
Node_5331,New York,80.09333484290308,3.3196394758818384,MAINTAIN
Node_5332,Cape Town,37.018624637707916,1.1324008814465265,MAINTAIN
Node_5333,London,79.2549871868296,4.140019399333284,MAINTAIN
Node_5334,New York,54.75718655521861,4.660051872145465,MAINTAIN
Node_5335,New York,39.515085652406825,1.8468674455025846,MAINTAIN
Node_5336,New York,44.056477691169505,3.644252914036173,MAINTAIN
Node_5337,London,58.344396513589615,4.521833282347122,MAINTAIN
Node_5338,London,87.21618680640641,2.005974205648687,MAINTAIN
Node_5339,London,68.37996915816076,3.2460994324861367,MAINTAIN
Node_5340,London,16.183130229699604,1.2621642610609192,SHUTDOWN
Node_5341,New York,47.59627057949613,3.656577311690108,MAINTAIN
Node_5342,New York,16.29678898109054,3.255034959228324,SHUTDOWN
Node_5343,New York,71.90374655162483,1.7607471929614045,MAINTAIN
Node_5344,Cape Town,34.442902753303585,4.732140868489553,MAINTAIN
Node_5345,Cape Town,52.363782835238034,3.051564390612162,MAINTAIN
Node_5346,New York,30.899372349739664,4.990890528042707,MAINTAIN
Node_5347,London,11.741964009872124,2.2153828570745535,SHUTDOWN
Node_5348,London,87.22777349804792,3.8578280410638732,MAINTAIN
Node_5349,London,65.97559609638947,1.842543718734794,MAINTAIN
Node_5350,Cape Town,97.04948139595152,4.919113397739671,MAINTAIN
Node_5351,London,20.280107785649765,4.716139859487541,SHUTDOWN
Node_5352,London,13.217690999306006,3.110857284631845,SHUTDOWN
Node_5353,New York,19.21603464622944,4.516437666358615,SHUTDOWN
Node_5354,Cape Town,83.38505619261105,1.9063475300846315,MAINTAIN
Node_5355,New York,77.6128302170467,2.2120359259348965,MAINTAIN
Node_5356,Cape Town,98.72113588756514,0.7324612706674709,MAINTAIN
Node_5357,Cape Town,96.2338977602571,4.7459925483524925,MAINTAIN
Node_5358,London,37.0531641718263,3.559233734918919,MAINTAIN
Node_5359,London,39.92752692607915,4.021609750636232,MAINTAIN
Node_5360,New York,34.921503091814515,1.2917696130350942,MAINTAIN
Node_5361,New York,38.36821215125778,2.280253014714726,MAINTAIN
Node_5362,London,36.615861963816585,3.5679246627816514,MAINTAIN
Node_5363,New York,56.63689147750313,2.850785463476738,MAINTAIN
Node_5364,New York,77.13023502761729,2.0984288466663115,MAINTAIN
Node_5365,New York,40.290937547053666,3.4215946454832253,MAINTAIN
Node_5366,New York,17.385941124135783,4.748558559579223,SHUTDOWN
Node_5367,Cape Town,18.970864691671377,2.914030983526922,SHUTDOWN
Node_5368,New York,57.23904231313819,3.0373762760925103,MAINTAIN
Node_5369,New York,43.75754816209599,3.401710200845102,MAINTAIN
Node_5370,Cape Town,79.8955321915422,3.5104278617068876,MAINTAIN
Node_5371,Cape Town,86.2206054259571,1.949619979461607,MAINTAIN
Node_5372,New York,79.23868940347333,2.358471055000655,MAINTAIN
Node_5373,Cape Town,63.72939688015876,2.7526644793648645,MAINTAIN
Node_5374,New York,43.20546990155236,4.033361388599662,MAINTAIN
Node_5375,Cape Town,41.22809633872983,3.5868064010402136,MAINTAIN
Node_5376,Cape Town,60.020597565446835,1.442515476748921,MAINTAIN
Node_5377,Cape Town,43.73979921691554,2.283525796184373,MAINTAIN
Node_5378,Cape Town,25.274900361895114,2.695352129864131,SHUTDOWN
Node_5379,New York,89.30286672631476,2.0759058202973026,MAINTAIN
Node_5380,Cape Town,79.5886531869852,1.6735307022442085,MAINTAIN
Node_5381,New York,37.34987460847701,3.7767611977596642,MAINTAIN
Node_5382,Cape Town,69.1359587450307,0.5816155703408596,MAINTAIN
Node_5383,London,51.09726487502945,3.3834083250975886,MAINTAIN
Node_5384,Cape Town,93.25637007325494,1.8969463597100966,MAINTAIN
Node_5385,Cape Town,54.34732166345895,3.525909204112553,MAINTAIN
Node_5386,Cape Town,66.76038616376702,4.039007614584117,MAINTAIN
Node_5387,New York,89.82553291728027,4.6294947121685475,MAINTAIN
Node_5388,Cape Town,38.02486024526194,4.288623766927402,MAINTAIN
Node_5389,Cape Town,95.24312505472523,4.869907681342401,MAINTAIN
Node_5390,Cape Town,55.1135923814419,2.3916292408317927,MAINTAIN
Node_5391,New York,15.714889059149055,2.24663658087309,SHUTDOWN
Node_5392,London,24.190842679703564,1.5880948412730116,SHUTDOWN
Node_5393,New York,83.437821462671,1.5459590304386641,MAINTAIN
Node_5394,New York,63.04508566514841,1.1249897260690673,MAINTAIN
Node_5395,Cape Town,67.48050697781156,2.1130982417229682,MAINTAIN
Node_5396,Cape Town,40.976027512376774,1.8962251588379306,MAINTAIN
Node_5397,London,93.79283586151564,1.6996629173611253,MAINTAIN
Node_5398,Cape Town,45.9201855268537,1.147172990552847,MAINTAIN
Node_5399,New York,80.57020559963824,4.870267483878432,MAINTAIN
Node_5400,New York,67.78355663005757,3.344800250636405,MAINTAIN
Node_5401,New York,55.19401262492181,0.6098906477237132,MAINTAIN
Node_5402,New York,86.27936162544376,4.881958411799749,MAINTAIN
Node_5403,London,73.28699402995184,1.5239137608698363,MAINTAIN
Node_5404,Cape Town,42.99063241085392,4.750578134959774,MAINTAIN
Node_5405,London,64.31894100271934,3.689130290917964,MAINTAIN
Node_5406,Cape Town,70.47207798294288,0.6171052295172206,MAINTAIN
Node_5407,New York,95.83285298244878,3.3692864763713604,MAINTAIN
Node_5408,Cape Town,17.990264437598054,2.449834879503751,SHUTDOWN
Node_5409,London,46.4195959443209,0.6109107604566228,MAINTAIN
Node_5410,London,61.763465702802854,1.1628046722935121,MAINTAIN
Node_5411,London,47.127875263122604,1.4027157180279648,MAINTAIN
Node_5412,London,47.93521579112066,4.540659607292464,MAINTAIN
Node_5413,New York,85.24355554864711,2.4914597827868246,MAINTAIN
Node_5414,London,59.54907796770074,1.0191169398174078,MAINTAIN
Node_5415,London,98.3418933299984,3.874077967422489,MAINTAIN
Node_5416,New York,54.579228133529945,3.2056963044389084,MAINTAIN
Node_5417,New York,31.02275223827619,0.8009447717155322,MAINTAIN
Node_5418,New York,29.71490014910022,0.753644578413918,SHUTDOWN
Node_5419,London,36.399624139100425,4.570957394603877,MAINTAIN
Node_5420,New York,45.23104370521097,1.580878842856927,MAINTAIN
Node_5421,Cape Town,41.008140240189924,3.9957779713195927,MAINTAIN
Node_5422,New York,97.73160232915095,1.4609712941858475,MAINTAIN
Node_5423,London,12.424678662127528,4.943401509238177,SHUTDOWN
Node_5424,Cape Town,95.16137413446972,2.222175973587686,MAINTAIN
Node_5425,New York,48.27437102238003,2.958196161099192,MAINTAIN
Node_5426,London,80.48984851745915,1.2026021920605956,MAINTAIN
Node_5427,New York,33.571589797708754,2.5282784469443804,MAINTAIN
Node_5428,Cape Town,50.04291003230114,2.7106571517786713,MAINTAIN
Node_5429,New York,98.77125923976621,2.4490026364398614,MAINTAIN
Node_5430,London,60.110135172767286,1.6908399229164337,MAINTAIN
Node_5431,New York,43.62839068124851,0.9007212896364913,MAINTAIN
Node_5432,New York,41.39810479714767,1.7064174880227911,MAINTAIN
Node_5433,New York,61.46580380204728,2.763903795287606,MAINTAIN
Node_5434,London,64.91139102606033,2.6534676145435117,MAINTAIN
Node_5435,Cape Town,25.323955292249238,4.229868229800605,SHUTDOWN
Node_5436,London,53.948329876531176,1.8794463101204495,MAINTAIN
Node_5437,New York,71.1792235630075,3.963953787841715,MAINTAIN
Node_5438,London,52.76258252595514,4.034645342265911,MAINTAIN
Node_5439,Cape Town,91.3218841562777,3.9656649336683416,MAINTAIN
Node_5440,London,71.4962188001734,2.6253802685597742,MAINTAIN
Node_5441,Cape Town,84.7027832659187,4.674898265203653,MAINTAIN
Node_5442,New York,47.078700223224075,2.9802001768435358,MAINTAIN
Node_5443,London,83.77416484331363,3.0790526787333516,MAINTAIN
Node_5444,Cape Town,62.21116527339706,1.005770098740338,MAINTAIN
Node_5445,London,70.09941290192549,2.423703040051697,MAINTAIN
Node_5446,Cape Town,15.821806968260239,4.559415840837772,SHUTDOWN
Node_5447,London,98.4923952611467,1.750355700058019,MAINTAIN
Node_5448,New York,88.86674858428098,2.741373740421247,MAINTAIN
Node_5449,New York,35.66509866885056,4.735295619310225,MAINTAIN
Node_5450,New York,27.144451897031587,4.736759276656428,SHUTDOWN
Node_5451,New York,22.164529507998573,0.9794426622492235,SHUTDOWN
Node_5452,London,97.40372121798744,1.0041909180787052,MAINTAIN
Node_5453,Cape Town,62.45451754871017,4.303403246525305,MAINTAIN
Node_5454,New York,22.12635620356494,4.529760163412042,SHUTDOWN
Node_5455,Cape Town,81.05322083801539,0.8430783023357172,MAINTAIN
Node_5456,London,60.740973131799194,2.5879413060109484,MAINTAIN
Node_5457,Cape Town,71.95480386694203,2.7347006063198647,MAINTAIN
Node_5458,London,44.303465469321026,1.2384427011827166,MAINTAIN
Node_5459,Cape Town,40.929330290941564,0.8623103513793176,MAINTAIN
Node_5460,New York,62.88720015918633,3.4804626433477424,MAINTAIN
Node_5461,London,60.460674311658536,2.657984476916375,MAINTAIN
Node_5462,London,81.36503723258956,3.78001493995458,MAINTAIN
Node_5463,Cape Town,23.316019546576804,1.853838018679364,SHUTDOWN
Node_5464,Cape Town,13.26990066170553,3.794571477233596,SHUTDOWN
Node_5465,London,61.07794024085838,1.6187622597617484,MAINTAIN
Node_5466,Cape Town,28.351549223381262,4.4534960562162444,SHUTDOWN
Node_5467,Cape Town,42.92627072162792,2.7937526677634117,MAINTAIN
Node_5468,New York,14.065934519643182,4.306632690151104,SHUTDOWN
Node_5469,London,80.9412294674163,1.1076659292574176,MAINTAIN
Node_5470,New York,55.41362169650421,4.052788225976808,MAINTAIN
Node_5471,Cape Town,42.50922533815439,2.1838932708232517,MAINTAIN
Node_5472,Cape Town,96.91622054039394,4.074422743608293,MAINTAIN
Node_5473,New York,87.46086880422718,2.8329345977594427,MAINTAIN
Node_5474,Cape Town,86.13453346745791,2.9006660813196437,MAINTAIN
Node_5475,New York,65.32497036243078,3.6414453652291314,MAINTAIN
Node_5476,Cape Town,48.27113227037125,2.3798342721941523,MAINTAIN
Node_5477,London,47.582010358436705,0.5209012500236652,MAINTAIN
Node_5478,London,60.55667561549108,1.9578572553117017,MAINTAIN
Node_5479,New York,58.51393905889967,1.9669828502766469,MAINTAIN
Node_5480,New York,57.2360900575975,3.1877963139338212,MAINTAIN
Node_5481,New York,16.61383384156114,4.613856411677057,SHUTDOWN
Node_5482,New York,41.89779567277364,1.5109056879062923,MAINTAIN
Node_5483,New York,16.683429228909752,3.2558909249588517,SHUTDOWN
Node_5484,Cape Town,87.76661615247352,3.4915415125146145,MAINTAIN
Node_5485,New York,22.945990323170584,2.756923302240112,SHUTDOWN
Node_5486,Cape Town,61.7990861511728,0.7320415775604606,MAINTAIN
Node_5487,Cape Town,49.43588341337342,0.8760347730656921,MAINTAIN
Node_5488,London,69.33144601035794,2.5641838957209115,MAINTAIN
Node_5489,New York,70.5709786939735,1.8849076223737251,MAINTAIN
Node_5490,Cape Town,10.284947605367346,2.529801789785209,SHUTDOWN
Node_5491,New York,96.9252228699522,2.7167748966081,MAINTAIN
Node_5492,London,88.13569800189764,4.277859389916323,MAINTAIN
Node_5493,New York,36.672659399579324,1.057383795187239,MAINTAIN
Node_5494,Cape Town,14.029499082999683,2.0285057603380166,SHUTDOWN
Node_5495,Cape Town,72.79711707408138,4.5479499091879605,MAINTAIN
Node_5496,Cape Town,83.90376706512589,4.594968289053247,MAINTAIN
Node_5497,London,87.05950238108831,3.202412746689899,MAINTAIN
Node_5498,London,42.90898732197295,4.939553060184045,MAINTAIN
Node_5499,New York,30.028678947193967,1.877069941113949,MAINTAIN
Node_5500,Cape Town,32.45857991070521,4.051188182679068,MAINTAIN
Node_5501,New York,80.36560997757388,4.425349502629784,MAINTAIN
Node_5502,Cape Town,13.21126253351496,4.245410157866593,SHUTDOWN
Node_5503,London,48.91762125998923,1.8449229225233497,MAINTAIN
Node_5504,Cape Town,98.64047734945906,3.0222745901030486,MAINTAIN
Node_5505,New York,47.300497326935,1.1407184852910885,MAINTAIN
Node_5506,New York,67.98527620379542,3.787334897158309,MAINTAIN
Node_5507,Cape Town,24.50464367462986,3.083313429048475,SHUTDOWN
Node_5508,New York,74.7207442480006,4.865512038664563,MAINTAIN
Node_5509,New York,20.775788430160944,0.7232679938768672,SHUTDOWN
Node_5510,Cape Town,66.40260033014228,2.2883876948353428,MAINTAIN
Node_5511,New York,44.49176669633254,0.6355044681390347,MAINTAIN
Node_5512,Cape Town,59.42319180475028,4.481669964731974,MAINTAIN
Node_5513,London,66.00290551739502,0.9682151832028132,MAINTAIN
Node_5514,Cape Town,52.41884835214166,1.2322165799252718,MAINTAIN
Node_5515,Cape Town,23.547247575194618,4.005047421532904,SHUTDOWN
Node_5516,London,67.552036981129,2.002248974683777,MAINTAIN
Node_5517,New York,19.580485786562118,3.234784153067359,SHUTDOWN
Node_5518,London,19.085225059992815,2.2561602897365938,SHUTDOWN
Node_5519,Cape Town,19.585988130371042,4.67255941400209,SHUTDOWN
Node_5520,Cape Town,85.02621311327471,4.927761104846508,MAINTAIN
Node_5521,London,60.66728021457614,2.0937569041843895,MAINTAIN
Node_5522,Cape Town,18.30752657808039,0.6654605594387601,SHUTDOWN
Node_5523,Cape Town,95.09281665573651,0.6513998992315855,MAINTAIN
Node_5524,New York,93.57273692996839,3.53812649277913,MAINTAIN
Node_5525,Cape Town,61.50214731006357,1.2933976581055306,MAINTAIN
Node_5526,London,87.06411484576617,1.9942502903870833,MAINTAIN
Node_5527,Cape Town,59.931206809147305,0.6354351236289295,MAINTAIN
Node_5528,London,39.675851858623034,0.5942052921191849,MAINTAIN
Node_5529,Cape Town,19.947670876458275,1.4187306734509766,SHUTDOWN
Node_5530,New York,65.04774017128645,0.6864785017262871,MAINTAIN
Node_5531,London,18.030502891872942,4.349681972014822,SHUTDOWN
Node_5532,Cape Town,94.54304377821204,1.8027673692039055,MAINTAIN
Node_5533,London,40.13150265708502,2.9163929395471886,MAINTAIN
Node_5534,Cape Town,51.91738399855612,4.912571295360893,MAINTAIN
Node_5535,New York,54.044686279169596,2.66075010110776,MAINTAIN
Node_5536,London,16.2417722988388,1.3053906666799993,SHUTDOWN
Node_5537,New York,73.43291610230258,2.000233014855599,MAINTAIN
Node_5538,London,48.732628106737614,2.863534656247315,MAINTAIN
Node_5539,New York,60.844715950244776,3.1750367136302056,MAINTAIN
Node_5540,London,67.53160096899308,4.492457077492281,MAINTAIN
Node_5541,London,88.55517727512681,3.6663639587194385,MAINTAIN
Node_5542,Cape Town,96.93741555435206,3.268704865812486,MAINTAIN
Node_5543,New York,75.62502220371601,2.9378663869901445,MAINTAIN
Node_5544,New York,89.64596090236162,3.333651258745762,MAINTAIN
Node_5545,Cape Town,10.630954491836949,0.5980807026600132,SHUTDOWN
Node_5546,New York,93.43088405499947,3.358701262046437,MAINTAIN
Node_5547,Cape Town,76.44957100138959,0.7602002935347055,MAINTAIN
Node_5548,Cape Town,65.6301524581685,2.195801072090161,MAINTAIN
Node_5549,London,86.65855677360692,4.158094822487359,MAINTAIN
Node_5550,New York,51.976842693027685,3.9552602063729907,MAINTAIN
Node_5551,New York,40.97922791321206,2.535269125348028,MAINTAIN
Node_5552,London,82.16683293522206,2.614127757085876,MAINTAIN
Node_5553,Cape Town,13.198611745812943,3.8579710727467313,SHUTDOWN
Node_5554,London,32.23402823405624,4.789249478027785,MAINTAIN
Node_5555,New York,10.970906370859765,3.5731656930290487,SHUTDOWN
Node_5556,New York,52.04909739405681,1.3004881135955102,MAINTAIN
Node_5557,New York,43.300293193633465,4.369653451026984,MAINTAIN
Node_5558,Cape Town,45.351771929341524,2.805392709003857,MAINTAIN
Node_5559,New York,19.454984485289074,0.8676118832622474,SHUTDOWN
Node_5560,London,52.991889616742,3.034807475080577,MAINTAIN
Node_5561,Cape Town,19.78306799398605,3.0865158083306907,SHUTDOWN
Node_5562,New York,73.94501542497258,2.72057577291786,MAINTAIN
Node_5563,New York,11.126959550431105,0.9721183069429229,SHUTDOWN
Node_5564,Cape Town,11.023124492363026,1.6574501485303987,SHUTDOWN
Node_5565,New York,81.86082227521757,2.1575755422809295,MAINTAIN
Node_5566,London,58.48868328067527,3.243046384883707,MAINTAIN
Node_5567,Cape Town,81.3480580526421,3.3904153868932423,MAINTAIN
Node_5568,New York,25.310593747649484,2.854661565244949,SHUTDOWN
Node_5569,New York,74.56960316230057,1.4313909442745547,MAINTAIN
Node_5570,Cape Town,77.0107831133678,2.1964677887267454,MAINTAIN
Node_5571,London,56.72818078739282,2.2542215197252835,MAINTAIN
Node_5572,Cape Town,70.0512406307683,3.01840802145555,MAINTAIN
Node_5573,New York,74.075046532592,4.886293615101115,MAINTAIN
Node_5574,London,17.53493638239489,1.2772080812487194,SHUTDOWN
Node_5575,New York,49.11871987446238,1.371241243357662,MAINTAIN
Node_5576,New York,74.20159882283684,3.578301455599559,MAINTAIN
Node_5577,Cape Town,26.42011510355807,2.786336925160299,SHUTDOWN
Node_5578,Cape Town,39.412943261996205,0.6765028813710325,MAINTAIN
Node_5579,London,14.460402240091955,4.096805326619527,SHUTDOWN
Node_5580,Cape Town,46.33404844855521,1.456718874829361,MAINTAIN
Node_5581,New York,44.60599801087242,4.177210193572546,MAINTAIN
Node_5582,Cape Town,19.933443453861457,2.7657616837961343,SHUTDOWN
Node_5583,New York,28.150835555154295,3.3605036920620712,SHUTDOWN
Node_5584,Cape Town,34.81535239229513,2.6328918293388313,MAINTAIN
Node_5585,Cape Town,26.19957379506296,3.459235301137661,SHUTDOWN
Node_5586,London,80.17900117968887,3.875176498741575,MAINTAIN
Node_5587,New York,48.8122840924344,2.1560191940977838,MAINTAIN
Node_5588,New York,20.429621919303003,1.931413988949881,SHUTDOWN
Node_5589,Cape Town,76.16245568210994,4.221666959919391,MAINTAIN
Node_5590,London,49.901610486652,1.5043631252380685,MAINTAIN
Node_5591,New York,92.38560114451623,2.0817936634226513,MAINTAIN
Node_5592,New York,35.80651760735442,2.168471348618301,MAINTAIN
Node_5593,Cape Town,93.61406512476083,4.652322039700167,MAINTAIN
Node_5594,Cape Town,58.67947951310162,1.4304644111819478,MAINTAIN
Node_5595,Cape Town,90.73366617082708,1.920419220547187,MAINTAIN
Node_5596,London,53.294291347982075,1.0601113961074669,MAINTAIN
Node_5597,New York,54.49227813619085,1.4322770114334302,MAINTAIN
Node_5598,New York,73.63370239079495,4.314851959901349,MAINTAIN
Node_5599,New York,22.809072779894933,4.346584085643336,SHUTDOWN
Node_5600,Cape Town,41.79279512715201,1.7800018732449858,MAINTAIN
Node_5601,New York,39.27881198988092,4.3966696135184336,MAINTAIN
Node_5602,New York,51.14423045348052,3.8363616112260996,MAINTAIN
Node_5603,New York,40.63806806147835,2.885174973110238,MAINTAIN
Node_5604,London,39.517535172254654,1.1239945405541178,MAINTAIN
Node_5605,New York,42.32860755663309,1.7870864545770535,MAINTAIN
Node_5606,Cape Town,74.37690310480875,4.880144753174596,MAINTAIN
Node_5607,Cape Town,38.07573166305118,2.475956355828952,MAINTAIN
Node_5608,London,98.91690385303562,3.984897959879112,MAINTAIN
Node_5609,Cape Town,58.43828858164322,2.2265945957297717,MAINTAIN
Node_5610,Cape Town,23.30339069019242,4.1384622355285146,SHUTDOWN
Node_5611,New York,61.93549531340371,4.899886045386766,MAINTAIN
Node_5612,London,60.10503150233692,3.3804383379767513,MAINTAIN
Node_5613,London,52.48249703453171,3.351590278408729,MAINTAIN
Node_5614,London,88.72380711696326,4.42526906898114,MAINTAIN
Node_5615,New York,31.1881293487622,2.324577860265979,MAINTAIN
Node_5616,Cape Town,68.01498952023768,2.9146017560065145,MAINTAIN
Node_5617,Cape Town,20.58993155676916,0.5396045818028448,SHUTDOWN
Node_5618,New York,99.89068650266532,4.56215717450491,MAINTAIN
Node_5619,Cape Town,96.8941590126486,1.9689599631251864,MAINTAIN
Node_5620,New York,65.42475234894383,2.0216441714215656,MAINTAIN
Node_5621,London,39.068997868927994,4.96906920955222,MAINTAIN
Node_5622,New York,80.81673060533124,1.7644875704306888,MAINTAIN
Node_5623,New York,73.8327568330727,4.652721140949051,MAINTAIN
Node_5624,New York,86.242577887814,2.3768425470170493,MAINTAIN
Node_5625,New York,17.631778061772284,1.0757744003292615,SHUTDOWN
Node_5626,Cape Town,35.05271781936332,3.482146162064971,MAINTAIN
Node_5627,London,40.19603095235622,4.312528519304378,MAINTAIN
Node_5628,London,54.45168005212924,2.939416232786197,MAINTAIN
Node_5629,Cape Town,73.66271450473464,4.777031684117061,MAINTAIN
Node_5630,London,97.40622258433716,1.3879524882474894,MAINTAIN
Node_5631,New York,96.03486731889897,4.0808883582221265,MAINTAIN
Node_5632,London,22.11352684459228,3.2906678497820496,SHUTDOWN
Node_5633,Cape Town,16.313102673094548,1.5392492572669683,SHUTDOWN
Node_5634,London,52.59591471529638,1.398846242263813,MAINTAIN
Node_5635,New York,40.566757200014244,1.1024007803161793,MAINTAIN
Node_5636,New York,56.93006757918157,2.5293458461711036,MAINTAIN
Node_5637,New York,50.14193170296933,1.0601371551164562,MAINTAIN
Node_5638,Cape Town,25.633967789214203,4.2037457852338616,SHUTDOWN
Node_5639,New York,39.55964230829777,0.5326678363540668,MAINTAIN
Node_5640,Cape Town,46.522246208585145,2.0867070849127805,MAINTAIN
Node_5641,New York,53.962257647240804,0.6723255542397164,MAINTAIN
Node_5642,London,92.7239398029563,3.4953673981573568,MAINTAIN
Node_5643,London,75.65103834805444,1.0317848349026129,MAINTAIN
Node_5644,London,34.52697418503524,4.362965462023178,MAINTAIN
Node_5645,London,44.36453273434319,3.9472191038099793,MAINTAIN
Node_5646,London,74.82753282472851,0.621627944789688,MAINTAIN
Node_5647,London,32.49676670685741,3.1402406414768533,MAINTAIN
Node_5648,New York,65.5404415748632,1.555362173176712,MAINTAIN
Node_5649,New York,90.08591101655404,3.349170888839171,MAINTAIN
Node_5650,Cape Town,64.08238927665258,0.9229869189850711,MAINTAIN
Node_5651,London,63.52394664867754,2.378557385884254,MAINTAIN
Node_5652,New York,68.6918310017571,3.830974022806461,MAINTAIN
Node_5653,Cape Town,65.52092267817412,1.183240665757026,MAINTAIN
Node_5654,Cape Town,37.60116004972102,4.343820235970987,MAINTAIN
Node_5655,London,29.41808550490344,4.985187630639209,SHUTDOWN
Node_5656,London,76.04267845972826,0.7769232994204349,MAINTAIN
Node_5657,Cape Town,72.52668509929202,1.3617275228455972,MAINTAIN
Node_5658,Cape Town,52.89409837705606,1.890553967858325,MAINTAIN
Node_5659,Cape Town,28.837963012318152,1.4860026857664974,SHUTDOWN
Node_5660,Cape Town,25.733535236363142,3.6958680308408005,SHUTDOWN
Node_5661,London,90.7898188818968,4.350875511605416,MAINTAIN
Node_5662,London,32.03672965457909,1.8892611243458886,MAINTAIN
Node_5663,New York,28.391393324980175,2.153419059952795,SHUTDOWN
Node_5664,London,70.93161358098104,3.993779879073636,MAINTAIN
Node_5665,London,81.3606319950754,4.659743622634706,MAINTAIN
Node_5666,New York,21.29125730089428,0.8881748067444994,SHUTDOWN
Node_5667,Cape Town,64.07089819991441,3.168224712734832,MAINTAIN
Node_5668,New York,76.98885879492025,1.0690819252997512,MAINTAIN
Node_5669,New York,97.13933510405928,2.8103433386647687,MAINTAIN
Node_5670,London,94.43633075958138,3.802083886475702,MAINTAIN
Node_5671,New York,72.46275996104414,3.957672153239172,MAINTAIN
Node_5672,New York,97.63902863271456,4.948104931154714,MAINTAIN
Node_5673,Cape Town,58.76010602820587,3.033546921372874,MAINTAIN
Node_5674,London,61.76485955901703,1.7136144341115913,MAINTAIN
Node_5675,New York,16.19363210573425,1.0417547539075191,SHUTDOWN
Node_5676,London,26.38777342499456,1.7057018459408513,SHUTDOWN
Node_5677,London,55.71162664312059,1.8066496955462588,MAINTAIN
Node_5678,Cape Town,47.385592413916804,2.3928053932514617,MAINTAIN
Node_5679,New York,80.46817560076337,1.1181859266368792,MAINTAIN
Node_5680,Cape Town,92.68846401791458,2.6714589246729243,MAINTAIN
Node_5681,Cape Town,32.24416906262671,1.2036979527366245,MAINTAIN
Node_5682,London,39.78273854495261,4.100594111999744,MAINTAIN
Node_5683,Cape Town,18.895708125089595,0.8971210927222804,SHUTDOWN
Node_5684,London,76.3896572595214,3.432255821967355,MAINTAIN
Node_5685,Cape Town,62.48605189978911,3.512672555329872,MAINTAIN
Node_5686,New York,44.8204881694095,1.5707146645872585,MAINTAIN
Node_5687,Cape Town,10.91264357531304,3.9699434201599257,SHUTDOWN
Node_5688,Cape Town,91.71943614025147,1.0117990039396165,MAINTAIN
Node_5689,Cape Town,65.03624408412847,3.6944830981799965,MAINTAIN
Node_5690,New York,20.634052899096275,1.7279238994276627,SHUTDOWN
Node_5691,London,64.1259070437797,0.7186520958315089,MAINTAIN
Node_5692,New York,57.060402616754594,3.45266274917661,MAINTAIN
Node_5693,Cape Town,39.659909592234285,2.8549887281159894,MAINTAIN
Node_5694,London,29.996053100480644,2.000895828953902,SHUTDOWN
Node_5695,London,86.65293081905408,1.8120657389436197,MAINTAIN
Node_5696,London,98.41457309597163,4.842017992986848,MAINTAIN
Node_5697,London,67.95159601878049,2.0174952773273755,MAINTAIN
Node_5698,Cape Town,85.91133268414353,2.147289499719804,MAINTAIN
Node_5699,New York,28.261512659933153,0.8261688397594849,SHUTDOWN
Node_5700,London,64.7706934524043,2.9339107783061826,MAINTAIN
Node_5701,London,73.62969321533157,4.7655914291674355,MAINTAIN
Node_5702,London,67.70660254724785,1.787538303427161,MAINTAIN
Node_5703,New York,35.742387895312774,1.4287639496558902,MAINTAIN
Node_5704,London,71.52808312417454,4.56651968405807,MAINTAIN
Node_5705,London,40.68311052712124,4.443865619730663,MAINTAIN
Node_5706,Cape Town,93.6991365040421,3.9946419254408347,MAINTAIN
Node_5707,Cape Town,34.666598320211435,4.4674472294103325,MAINTAIN
Node_5708,London,85.24386152290101,2.106202939310547,MAINTAIN
Node_5709,New York,18.096442480872664,2.865488545786411,SHUTDOWN
Node_5710,London,92.67625199405114,3.0954622334132202,MAINTAIN
Node_5711,Cape Town,47.00437356763822,2.648542510298543,MAINTAIN
Node_5712,New York,27.10317271454776,4.014595313006044,SHUTDOWN
Node_5713,Cape Town,24.810046075318162,0.9145145535957966,SHUTDOWN
Node_5714,London,35.10184200943216,3.198932952150046,MAINTAIN
Node_5715,Cape Town,70.55100508320041,2.5908901652980534,MAINTAIN
Node_5716,New York,69.11469426703223,1.8219459252307408,MAINTAIN
Node_5717,London,89.83610120698663,3.9615031954090485,MAINTAIN
Node_5718,Cape Town,38.94633742322347,4.45862330609353,MAINTAIN
Node_5719,London,76.38760612322618,3.705845415737011,MAINTAIN
Node_5720,Cape Town,32.250091549793055,3.939503098145833,MAINTAIN
Node_5721,London,68.52017060447196,4.643325588672337,MAINTAIN
Node_5722,Cape Town,55.12128885670933,0.674326608592003,MAINTAIN
Node_5723,London,51.06829296086496,4.305545391868764,MAINTAIN
Node_5724,New York,99.56255511203437,4.3196217951170865,MAINTAIN
Node_5725,New York,29.48931914045682,1.3552527635166614,SHUTDOWN
Node_5726,Cape Town,94.63104607985805,1.97361199183563,MAINTAIN
Node_5727,London,55.240376749840365,4.599418508648932,MAINTAIN
Node_5728,New York,30.731083751972328,1.5057556713376985,MAINTAIN
Node_5729,London,97.59120943470005,4.628459426973401,MAINTAIN
Node_5730,London,16.448076706291722,0.7459649078404177,SHUTDOWN
Node_5731,New York,65.28450894705736,0.8571895258998857,MAINTAIN
Node_5732,Cape Town,79.10977079748619,2.3419051630163543,MAINTAIN
Node_5733,New York,63.92036897684497,1.4028403922843828,MAINTAIN
Node_5734,Cape Town,70.40175240016954,1.6386531636867077,MAINTAIN
Node_5735,London,41.78635850910594,4.811427094869901,MAINTAIN
Node_5736,Cape Town,76.45144004421725,2.063756768769933,MAINTAIN
Node_5737,New York,57.06686549133236,1.826139728809615,MAINTAIN
Node_5738,Cape Town,10.423575378127047,4.707653985030483,SHUTDOWN
Node_5739,Cape Town,91.20296238628865,1.6875609338302298,MAINTAIN
Node_5740,London,36.128826341853696,0.9207026517151518,MAINTAIN
Node_5741,New York,45.61706472695835,0.7289830503220223,MAINTAIN
Node_5742,Cape Town,77.20030709443122,1.2932293246098334,MAINTAIN
Node_5743,New York,24.335447984708743,1.7175136541199012,SHUTDOWN
Node_5744,Cape Town,64.23846878706499,1.028863846943825,MAINTAIN
Node_5745,New York,27.571290932337824,0.9274567477070307,SHUTDOWN
Node_5746,Cape Town,39.069780921416324,1.900974023609583,MAINTAIN
Node_5747,New York,49.36494261451587,1.9904331053664555,MAINTAIN
Node_5748,New York,58.64765579219818,1.8110087308559362,MAINTAIN
Node_5749,Cape Town,53.33028850496348,0.835067156204237,MAINTAIN
Node_5750,London,91.9688853209391,2.2702522302691746,MAINTAIN
Node_5751,New York,20.92991213830701,1.6843810825910381,SHUTDOWN
Node_5752,New York,53.50745991208121,2.9337370724732246,MAINTAIN
Node_5753,New York,85.79194088267154,4.0062660531116805,MAINTAIN
Node_5754,New York,98.50196587186097,3.734603265177492,MAINTAIN
Node_5755,Cape Town,68.66624763456792,2.7453952768902816,MAINTAIN
Node_5756,London,12.54748974423009,2.189046953530409,SHUTDOWN
Node_5757,Cape Town,99.24903088725239,2.468734095923101,MAINTAIN
Node_5758,London,73.61646476631377,3.4709131128543436,MAINTAIN
Node_5759,New York,16.690712297529842,0.9354256471119204,SHUTDOWN
Node_5760,Cape Town,56.62740190388913,4.737752948031503,MAINTAIN
Node_5761,Cape Town,54.78773296680544,2.4778319934870994,MAINTAIN
Node_5762,London,71.13091252702682,0.7323260889256185,MAINTAIN
Node_5763,New York,17.740290183676933,2.2782936429449125,SHUTDOWN
Node_5764,Cape Town,32.14206382683831,3.4566814156361523,MAINTAIN
Node_5765,New York,84.85556215621263,4.2038689998411165,MAINTAIN
Node_5766,London,97.02555674131638,3.331625592298467,MAINTAIN
Node_5767,New York,32.13800377124473,0.5460318201187155,MAINTAIN
Node_5768,London,83.25515572551267,4.8798388388568155,MAINTAIN
Node_5769,London,37.669692882457355,2.5161514777829335,MAINTAIN
Node_5770,London,69.80300622945765,0.5736048520745257,MAINTAIN
Node_5771,New York,56.4893306696535,3.7976531325160856,MAINTAIN
Node_5772,Cape Town,59.71970131195613,1.8951772107093325,MAINTAIN
Node_5773,London,13.034327750587343,4.961004352037079,SHUTDOWN
Node_5774,London,58.409755247320966,1.3994444649758417,MAINTAIN
Node_5775,London,47.03018047976435,3.3434359431952134,MAINTAIN
Node_5776,New York,75.57211046204357,4.27835286979999,MAINTAIN
Node_5777,New York,84.96716029555347,4.427824157670251,MAINTAIN
Node_5778,London,49.06460742703686,2.102716951527207,MAINTAIN
Node_5779,Cape Town,13.51350056604259,3.537005432790611,SHUTDOWN
Node_5780,Cape Town,59.21120715779676,0.6562215637481162,MAINTAIN
Node_5781,Cape Town,66.73787565057383,2.463606336194144,MAINTAIN
Node_5782,Cape Town,73.05248795564694,2.0099806284912685,MAINTAIN
Node_5783,Cape Town,82.90109160704249,0.6361610645189992,MAINTAIN
Node_5784,London,71.94849880608686,3.9083940776008603,MAINTAIN
Node_5785,New York,70.55771900366616,2.168696968088053,MAINTAIN
Node_5786,New York,34.987587714413706,4.9032940501261715,MAINTAIN
Node_5787,New York,76.7731767766167,2.83851956739916,MAINTAIN
Node_5788,London,17.40928460834363,2.6339694817017794,SHUTDOWN
Node_5789,London,64.97128825378545,4.1898391756480375,MAINTAIN
Node_5790,London,24.573764935578065,3.9270433288382383,SHUTDOWN
Node_5791,Cape Town,25.709915465947375,2.2643160200807264,SHUTDOWN
Node_5792,New York,23.17122978694122,3.376053756444165,SHUTDOWN
Node_5793,Cape Town,54.06631786043686,4.584363701563979,MAINTAIN
Node_5794,New York,74.44598155658284,0.5347552980382515,MAINTAIN
Node_5795,New York,85.25344652276134,4.298980692317109,MAINTAIN
Node_5796,New York,40.3315351152188,3.7736178593570804,MAINTAIN
Node_5797,London,97.87214633117955,4.359884697307813,MAINTAIN
Node_5798,New York,32.09560221623212,1.952750404763609,MAINTAIN
Node_5799,Cape Town,81.12472476534286,2.5233500941444165,MAINTAIN
Node_5800,London,69.11258930454895,0.6326817145588284,MAINTAIN
Node_5801,London,56.725659617769644,1.2267614107472424,MAINTAIN
Node_5802,New York,75.27702739330344,3.4596756074803836,MAINTAIN
Node_5803,New York,13.577502767533279,0.7323615747919108,SHUTDOWN
Node_5804,New York,44.735295514531884,2.0705001218749928,MAINTAIN
Node_5805,Cape Town,30.323373038486388,4.903161286955232,MAINTAIN
Node_5806,London,84.17541697135614,3.2507358681653487,MAINTAIN
Node_5807,Cape Town,25.73604695958832,2.0310552019747075,SHUTDOWN
Node_5808,New York,14.63273509777584,1.5165033819251894,SHUTDOWN
Node_5809,Cape Town,42.214752181353084,2.442546878848575,MAINTAIN
Node_5810,Cape Town,26.14885795917547,1.8551114789179184,SHUTDOWN
Node_5811,New York,36.960989918631384,3.278285511891026,MAINTAIN
Node_5812,London,72.28091769640181,2.1358891970365184,MAINTAIN
Node_5813,London,22.197460443183758,1.3099260538685302,SHUTDOWN
Node_5814,London,66.27459442364265,2.615835457169783,MAINTAIN
Node_5815,London,46.36262103195459,3.863160758738615,MAINTAIN
Node_5816,London,93.28696419316228,1.4741260309764481,MAINTAIN
Node_5817,London,37.409769613081025,1.284319059182924,MAINTAIN
Node_5818,London,79.57933697852239,0.6377187016445813,MAINTAIN
Node_5819,New York,37.8367724433448,3.07394461213313,MAINTAIN
Node_5820,New York,16.088520162456504,3.0844146744434617,SHUTDOWN
Node_5821,New York,76.29950627426469,2.712754710465705,MAINTAIN
Node_5822,New York,67.75200188952951,1.418508343386097,MAINTAIN
Node_5823,London,68.85353917074599,2.1686926054329607,MAINTAIN
Node_5824,Cape Town,93.06587226997556,3.3776256756162386,MAINTAIN
Node_5825,Cape Town,34.36564088816125,1.440947538510073,MAINTAIN
Node_5826,New York,35.29617346922512,0.9546133627352185,MAINTAIN
Node_5827,London,92.53196898019836,2.3686500446788425,MAINTAIN
Node_5828,Cape Town,25.27985880000146,2.6428899615492276,SHUTDOWN
Node_5829,London,19.04929719098272,1.5711438973030531,SHUTDOWN
Node_5830,New York,32.28556679772693,1.1540955422067725,MAINTAIN
Node_5831,New York,77.38567692645893,3.3594942540363317,MAINTAIN
Node_5832,London,42.113306427312374,4.513723801477234,MAINTAIN
Node_5833,New York,46.77856064741168,2.809487368709715,MAINTAIN
Node_5834,Cape Town,69.96747705125365,2.3971610377717463,MAINTAIN
Node_5835,Cape Town,85.59942125078526,3.984142376518545,MAINTAIN
Node_5836,Cape Town,60.04628910777589,2.719709870367267,MAINTAIN
Node_5837,Cape Town,77.49335693999979,1.7524437451411439,MAINTAIN
Node_5838,New York,42.31563001023764,0.8708682605716732,MAINTAIN
Node_5839,London,36.22188004193144,3.895239683683395,MAINTAIN
Node_5840,New York,32.318937476250426,2.709967121440072,MAINTAIN
Node_5841,Cape Town,56.22870566689611,4.035715500316163,MAINTAIN
Node_5842,New York,83.37283201138645,2.794685871235525,MAINTAIN
Node_5843,London,75.03334390610671,1.482706306238371,MAINTAIN
Node_5844,Cape Town,65.76570822994711,3.1577359309442876,MAINTAIN
Node_5845,London,58.06651460195634,1.694048485236748,MAINTAIN
Node_5846,New York,14.711665836101401,2.947472586272262,SHUTDOWN
Node_5847,London,33.18771223992064,0.5110529217144438,MAINTAIN
Node_5848,Cape Town,47.92427264464799,2.6629774526645758,MAINTAIN
Node_5849,New York,61.79583005048481,4.339063781002051,MAINTAIN
Node_5850,New York,21.953881822492985,0.9874898795686383,SHUTDOWN
Node_5851,Cape Town,43.64158561435342,1.3385637471927665,MAINTAIN
Node_5852,New York,51.54373224087177,2.054807206658171,MAINTAIN
Node_5853,New York,76.19129663644883,4.318025887340693,MAINTAIN
Node_5854,Cape Town,73.87289153207516,3.298891677648308,MAINTAIN
Node_5855,New York,72.90331981736477,1.4885854627336574,MAINTAIN
Node_5856,New York,25.01296214596877,3.182819037051113,SHUTDOWN
Node_5857,New York,72.21396878489223,4.143460460991469,MAINTAIN
Node_5858,New York,88.81327864581304,1.8214927825297234,MAINTAIN
Node_5859,Cape Town,15.61275164785986,2.970032624140491,SHUTDOWN
Node_5860,Cape Town,53.03050182662381,4.488486258047401,MAINTAIN
Node_5861,Cape Town,38.91963311339452,3.850212546497973,MAINTAIN
Node_5862,Cape Town,34.870314950680914,2.6839926852981066,MAINTAIN
Node_5863,Cape Town,15.917467402235001,0.8923124819038941,SHUTDOWN
Node_5864,Cape Town,40.554190422347375,1.0050096909183677,MAINTAIN
Node_5865,London,11.371823438524157,3.633404123611411,SHUTDOWN
Node_5866,Cape Town,64.462460889023,4.526421274118963,MAINTAIN
Node_5867,New York,18.819059961997,2.3387578095438633,SHUTDOWN
Node_5868,London,83.65139335151069,2.94250487590684,MAINTAIN
Node_5869,New York,72.53311200865438,0.5742450081308758,MAINTAIN
Node_5870,New York,86.99544105385829,2.5282480031048675,MAINTAIN
Node_5871,Cape Town,10.924115311962737,0.522652792519126,SHUTDOWN
Node_5872,London,10.27316252562312,0.7026700150748182,SHUTDOWN
Node_5873,Cape Town,19.974538449516757,3.6012743797981606,SHUTDOWN
Node_5874,Cape Town,55.88667185273575,4.892241863204593,MAINTAIN
Node_5875,New York,20.925951982871982,4.1032978015386234,SHUTDOWN
Node_5876,Cape Town,53.795176074873,2.942924904401637,MAINTAIN
Node_5877,New York,87.8928570176205,3.6228033288194497,MAINTAIN
Node_5878,London,58.18719051562531,2.214665579966425,MAINTAIN
Node_5879,London,55.43865660037214,2.6610382671814854,MAINTAIN
Node_5880,London,27.831922107938663,3.265262188504665,SHUTDOWN
Node_5881,London,55.86625909253362,4.041921988572678,MAINTAIN
Node_5882,New York,70.48088251366258,4.946170898867537,MAINTAIN
Node_5883,Cape Town,14.022182647402273,4.450987243573556,SHUTDOWN
Node_5884,Cape Town,17.46343449231387,1.058460048652127,SHUTDOWN
Node_5885,Cape Town,55.65729598145837,2.033546447434228,MAINTAIN
Node_5886,London,18.41907761834494,2.1507500268161928,SHUTDOWN
Node_5887,London,21.312422856234726,2.7346900214935626,SHUTDOWN
Node_5888,London,77.15183488051824,3.1661796123144876,MAINTAIN
Node_5889,Cape Town,73.53556022389623,0.5615500101584696,MAINTAIN
Node_5890,London,53.35215239826393,3.2053998541470454,MAINTAIN
Node_5891,London,89.01508654135858,1.7317869343813133,MAINTAIN
Node_5892,New York,87.2532687653987,4.364615941116941,MAINTAIN
Node_5893,New York,74.1387777916788,0.6887372133393602,MAINTAIN
Node_5894,New York,21.9908256138092,0.7713994269746173,SHUTDOWN
Node_5895,London,33.850858606032716,3.7259777316555875,MAINTAIN
Node_5896,London,44.17842402547394,2.325134293641465,MAINTAIN
Node_5897,Cape Town,98.19265116471134,2.8512959760503818,MAINTAIN
Node_5898,London,58.42134857758461,3.7556125677875714,MAINTAIN
Node_5899,New York,38.354467564326555,3.551437703058127,MAINTAIN
Node_5900,Cape Town,41.50282082401921,4.3620715369838585,MAINTAIN
Node_5901,New York,43.200827268079706,0.8219459606350243,MAINTAIN
Node_5902,Cape Town,70.06940064233315,2.6596251671973685,MAINTAIN
Node_5903,Cape Town,81.77735111941197,1.6291974077538134,MAINTAIN
Node_5904,New York,81.40547496221784,3.8682643505558554,MAINTAIN
Node_5905,Cape Town,92.7776432200872,3.152816120542887,MAINTAIN
Node_5906,New York,72.80788842796127,3.582309743957288,MAINTAIN
Node_5907,New York,54.34217136172747,1.1036757462434639,MAINTAIN
Node_5908,Cape Town,59.0254790927506,4.483994042124936,MAINTAIN
Node_5909,London,50.87181519557468,1.1611035980127786,MAINTAIN
Node_5910,Cape Town,63.425023347385924,2.0594693791375285,MAINTAIN
Node_5911,New York,38.11305785036412,4.65429439169736,MAINTAIN
Node_5912,Cape Town,69.67454178943018,1.280277175658601,MAINTAIN
Node_5913,London,96.65776465439876,1.5728373947936538,MAINTAIN
Node_5914,London,85.4641174057939,0.9212324956427618,MAINTAIN
Node_5915,New York,86.7408204478263,2.865931653634758,MAINTAIN
Node_5916,London,85.18893826870335,1.7503798223330294,MAINTAIN
Node_5917,Cape Town,60.75620447930414,0.5652425942650201,MAINTAIN
Node_5918,London,41.056636344896454,1.7496886190517138,MAINTAIN
Node_5919,Cape Town,14.706740870644728,1.8810835043532794,SHUTDOWN
Node_5920,Cape Town,26.399168831222283,2.886081597335853,SHUTDOWN
Node_5921,Cape Town,74.20917607652979,1.444209342817011,MAINTAIN
Node_5922,Cape Town,74.58406284829958,4.092066171663238,MAINTAIN
Node_5923,New York,79.42502635565008,4.387154754431151,MAINTAIN
Node_5924,London,32.795041576390396,2.0338712020873295,MAINTAIN
Node_5925,London,70.55816130866137,2.8552609384295415,MAINTAIN
Node_5926,Cape Town,76.68156730011697,3.1828371478744706,MAINTAIN
Node_5927,New York,42.82656497184436,0.7001654684716339,MAINTAIN
Node_5928,London,97.81381205027947,2.942404516484457,MAINTAIN
Node_5929,Cape Town,15.979370744240539,4.931328588979792,SHUTDOWN
Node_5930,Cape Town,94.65663058386035,4.175050031483726,MAINTAIN
Node_5931,New York,33.110916504558205,3.184175209505538,MAINTAIN
Node_5932,London,21.89938755828237,4.124985287611233,SHUTDOWN
Node_5933,London,72.38142337732828,2.211971287248621,MAINTAIN
Node_5934,London,64.79890326618752,3.508251555966508,MAINTAIN
Node_5935,Cape Town,97.86094554160614,3.932380397151829,MAINTAIN
Node_5936,Cape Town,92.9000416828023,4.960052088922399,MAINTAIN
Node_5937,London,17.488340386297114,4.544116914522715,SHUTDOWN
Node_5938,London,13.57137425501675,3.392317756068698,SHUTDOWN
Node_5939,London,89.09826527988685,4.854131693570557,MAINTAIN
Node_5940,Cape Town,26.629644611799154,4.677892227906085,SHUTDOWN
Node_5941,London,19.500677985705384,1.1809542244424196,SHUTDOWN
Node_5942,London,74.59059310492246,3.1413249163217745,MAINTAIN
Node_5943,London,20.668155848121003,1.1779451671784356,SHUTDOWN
Node_5944,Cape Town,43.927314036805484,4.3852961262641825,MAINTAIN
Node_5945,New York,63.00684320304221,2.110963180626122,MAINTAIN
Node_5946,Cape Town,83.30377277647293,3.2797916329024686,MAINTAIN
Node_5947,New York,76.22776143261953,3.980400360423221,MAINTAIN
Node_5948,New York,79.68711469090002,1.9868020183807675,MAINTAIN
Node_5949,Cape Town,70.74305723656272,2.341223430154627,MAINTAIN
Node_5950,New York,41.869702864032654,0.5210849338184305,MAINTAIN
Node_5951,New York,80.14647130287038,4.362800834868854,MAINTAIN
Node_5952,New York,16.317144597357913,4.530500520997959,SHUTDOWN
Node_5953,Cape Town,31.527758413032135,0.779412726888402,MAINTAIN
Node_5954,Cape Town,13.27700136759838,4.4361415835418505,SHUTDOWN
Node_5955,London,60.35183158831861,4.267298741043351,MAINTAIN
Node_5956,New York,67.47272435858783,4.80696171542039,MAINTAIN
Node_5957,New York,74.8951886448602,2.502932436009307,MAINTAIN
Node_5958,Cape Town,70.82473520929696,4.2991464020480095,MAINTAIN
Node_5959,New York,52.95972553603933,1.9392851274297973,MAINTAIN
Node_5960,London,91.52991997106585,1.941960768639798,MAINTAIN
Node_5961,New York,30.58777319091712,0.621388316017307,MAINTAIN
Node_5962,London,28.566546398273793,2.8031851542437023,SHUTDOWN
Node_5963,London,86.74563074593314,1.7190813634512296,MAINTAIN
Node_5964,New York,13.747804790544993,3.7440814194155276,SHUTDOWN
Node_5965,London,17.407394282858668,2.6368417106608057,SHUTDOWN
Node_5966,Cape Town,70.32196367000111,1.7851014525397937,MAINTAIN
Node_5967,London,79.1784561249511,2.115535294104693,MAINTAIN
Node_5968,London,84.35226357855913,4.363827543007775,MAINTAIN
Node_5969,New York,41.4198209062948,1.257537641085429,MAINTAIN
Node_5970,New York,89.40834214896898,4.505400697270662,MAINTAIN
Node_5971,London,98.50912084103,2.1312810698803633,MAINTAIN
Node_5972,Cape Town,89.83043178074892,2.5002533039273076,MAINTAIN
Node_5973,Cape Town,96.4741597178977,1.6710342126266549,MAINTAIN
Node_5974,New York,23.49541794941242,1.4225024993599482,SHUTDOWN
Node_5975,New York,34.995073904134486,3.221320711749541,MAINTAIN
Node_5976,London,70.96586042009534,2.522747110078879,MAINTAIN
Node_5977,London,62.811224552682454,4.770386958021602,MAINTAIN
Node_5978,New York,83.18489283519102,3.774639218990313,MAINTAIN
Node_5979,New York,73.54721409299722,3.7929516850143954,MAINTAIN
Node_5980,London,66.38441491143081,4.481823002941315,MAINTAIN
Node_5981,New York,33.42989105063076,1.9056087520907523,MAINTAIN
Node_5982,New York,42.74973955911086,1.9378810329639802,MAINTAIN
Node_5983,London,75.85203350471303,2.6727686242883726,MAINTAIN
Node_5984,New York,88.48046445910641,1.7052968830395263,MAINTAIN
Node_5985,New York,46.18926961881935,2.667659220453101,MAINTAIN
Node_5986,Cape Town,28.550707873905473,2.292174833681726,SHUTDOWN
Node_5987,New York,47.36052115603358,1.3719055552485733,MAINTAIN
Node_5988,London,97.00076874451173,1.8540475296317738,MAINTAIN
Node_5989,New York,14.718411904455367,4.302202402704804,SHUTDOWN
Node_5990,New York,56.89986980859868,3.294769546270671,MAINTAIN
Node_5991,London,92.60986551580457,1.680681954321759,MAINTAIN
Node_5992,Cape Town,64.93230074765103,4.178344477901796,MAINTAIN
Node_5993,Cape Town,52.79505549952782,3.640733447261652,MAINTAIN
Node_5994,London,53.748133997591204,4.249974479727969,MAINTAIN
Node_5995,London,88.95262935124234,2.672001555383407,MAINTAIN
Node_5996,London,88.12272510709808,2.7521819793606825,MAINTAIN
Node_5997,Cape Town,26.341955496727607,2.5875336416592245,SHUTDOWN
Node_5998,London,29.466950523419083,2.996536418877967,SHUTDOWN
Node_5999,London,12.091981523707709,4.9824295410614905,SHUTDOWN
Node_6000,Cape Town,25.97369002614226,2.7664125368528354,SHUTDOWN
Node_6001,London,28.087938488669096,0.6220905197085991,SHUTDOWN
Node_6002,London,62.200970834330334,1.0874798853683831,MAINTAIN
Node_6003,London,32.20356980493476,4.4588155711336235,MAINTAIN
Node_6004,New York,10.657342404866677,4.995728053521039,SHUTDOWN
Node_6005,London,21.169245849124607,2.0587333663236658,SHUTDOWN
Node_6006,London,48.199051599285575,4.244168121274067,MAINTAIN
Node_6007,London,52.90220277457168,1.1673193443546312,MAINTAIN
Node_6008,Cape Town,40.229573440472834,3.0436965401421787,MAINTAIN
Node_6009,London,48.36206044226324,2.9407997533269605,MAINTAIN
Node_6010,London,74.7042997137917,3.5425651573908903,MAINTAIN
Node_6011,Cape Town,10.652187347446722,2.712156144563046,SHUTDOWN
Node_6012,New York,70.5521936476568,4.985774897227176,MAINTAIN
Node_6013,London,46.71293848425037,4.946073304876742,MAINTAIN
Node_6014,New York,46.05817451290312,0.8154988718564655,MAINTAIN
Node_6015,London,68.45718990637454,1.2901286617241607,MAINTAIN
Node_6016,New York,89.38272863086429,1.9041688486629307,MAINTAIN
Node_6017,London,65.8080276609511,2.1673166868692624,MAINTAIN
Node_6018,New York,25.537539837919844,0.6116613334438554,SHUTDOWN
Node_6019,London,13.800563579600562,3.646022091948358,SHUTDOWN
Node_6020,London,34.99951232193608,0.6447897802696524,MAINTAIN
Node_6021,Cape Town,83.6247120330587,2.8448144331744976,MAINTAIN
Node_6022,London,42.120584224979915,2.09628813616634,MAINTAIN
Node_6023,Cape Town,48.59200169214969,4.581171596373574,MAINTAIN
Node_6024,New York,64.60208787041876,0.7715715160855087,MAINTAIN
Node_6025,New York,97.91431816283969,0.5350231521526685,MAINTAIN
Node_6026,Cape Town,19.782454829070073,2.0403723616684815,SHUTDOWN
Node_6027,New York,47.195710535348795,2.5579752105144387,MAINTAIN
Node_6028,London,87.3766356681804,4.089099324866996,MAINTAIN
Node_6029,Cape Town,98.84889699959356,3.830103704665499,MAINTAIN
Node_6030,Cape Town,23.640799601147187,1.136268603096693,SHUTDOWN
Node_6031,New York,46.14040606092006,1.7348592677025856,MAINTAIN
Node_6032,London,59.64416056957393,2.099389643247237,MAINTAIN
Node_6033,Cape Town,29.060291484112174,4.126003578759235,SHUTDOWN
Node_6034,New York,29.300038253722228,3.4552590365622735,SHUTDOWN
Node_6035,New York,32.08973363855599,2.2988160375785465,MAINTAIN
Node_6036,London,92.22586615348357,1.990626213398249,MAINTAIN
Node_6037,London,14.406373780510261,1.3569835336142568,SHUTDOWN
Node_6038,Cape Town,49.61854275680575,3.276817250940431,MAINTAIN
Node_6039,London,76.80506779457217,2.7208963908656245,MAINTAIN
Node_6040,London,46.86180143286415,1.769232964745306,MAINTAIN
Node_6041,London,34.313716754339225,0.5691767520066497,MAINTAIN
Node_6042,New York,76.21108818986919,1.3986326311250796,MAINTAIN
Node_6043,Cape Town,62.31606208661912,2.713309309020206,MAINTAIN
Node_6044,Cape Town,56.19859233806756,1.5823488680122144,MAINTAIN
Node_6045,London,85.01114720968005,3.515752450654703,MAINTAIN
Node_6046,London,16.88901274943003,0.7159384766350261,SHUTDOWN
Node_6047,London,77.2189781298288,4.533295514392326,MAINTAIN
Node_6048,London,66.94823703015837,3.6682981044095597,MAINTAIN
Node_6049,New York,41.40899998886863,0.8926362533016232,MAINTAIN
Node_6050,New York,14.481724114628339,1.3882705497030075,SHUTDOWN
Node_6051,Cape Town,20.263712020870283,1.598393073357644,SHUTDOWN
Node_6052,Cape Town,20.780400136745037,3.6037842327820697,SHUTDOWN
Node_6053,Cape Town,28.183759049096544,1.3879495339455898,SHUTDOWN
Node_6054,Cape Town,38.687519872408785,4.644809605246448,MAINTAIN
Node_6055,New York,29.719679845114022,2.1393125294782402,SHUTDOWN
Node_6056,Cape Town,95.7552443895649,3.0436154407222373,MAINTAIN
Node_6057,New York,21.680587436523062,0.7324395117654472,SHUTDOWN
Node_6058,London,75.64261059295896,0.8320619042846635,MAINTAIN
Node_6059,New York,61.27431542784184,1.1079636887072537,MAINTAIN
Node_6060,New York,91.29666030651757,1.522860889823092,MAINTAIN
Node_6061,London,64.55371996854814,4.836997090866024,MAINTAIN
Node_6062,London,94.89512839177603,1.7864910687123334,MAINTAIN
Node_6063,New York,41.7753932061826,3.3032609651553178,MAINTAIN
Node_6064,New York,45.65124957564404,1.442306990426178,MAINTAIN
Node_6065,London,29.427101463902083,2.4793078114469935,SHUTDOWN
Node_6066,Cape Town,33.08850802561973,3.0110136339328952,MAINTAIN
Node_6067,Cape Town,96.54036433405781,3.410154134340128,MAINTAIN
Node_6068,London,24.266922106413432,4.663091194152184,SHUTDOWN
Node_6069,Cape Town,38.59985130406852,1.6528271308495053,MAINTAIN
Node_6070,London,41.16953290284273,2.404382253967033,MAINTAIN
Node_6071,London,28.44178443428097,1.412876585318753,SHUTDOWN
Node_6072,London,88.97910684333367,4.326150439667467,MAINTAIN
Node_6073,London,58.06931645787035,4.963223957796954,MAINTAIN
Node_6074,Cape Town,26.96449475824198,1.5338603459027578,SHUTDOWN
Node_6075,London,83.10267989799297,3.581299416862042,MAINTAIN
Node_6076,Cape Town,95.69074807812653,2.911318996299562,MAINTAIN
Node_6077,London,75.71290685216398,2.0282819015868156,MAINTAIN
Node_6078,London,41.40896489620184,1.623916896616177,MAINTAIN
Node_6079,Cape Town,40.1926973864711,3.774132408321642,MAINTAIN
Node_6080,New York,56.894829539382236,1.1084180159348853,MAINTAIN
Node_6081,Cape Town,82.83429621908586,1.0684159886484714,MAINTAIN
Node_6082,New York,84.66450648620992,2.637505357595455,MAINTAIN
Node_6083,Cape Town,80.6437120886106,1.6907690332810632,MAINTAIN
Node_6084,London,13.974517298259274,4.466959879074389,SHUTDOWN
Node_6085,New York,58.64344152125569,3.0318260394123904,MAINTAIN
Node_6086,London,47.0491317475763,3.2619858082060604,MAINTAIN
Node_6087,Cape Town,24.507881309486585,3.0096028738722995,SHUTDOWN
Node_6088,Cape Town,92.69230906205819,2.7000788908323625,MAINTAIN
Node_6089,New York,62.34708174498625,3.118212209729262,MAINTAIN
Node_6090,New York,56.71088334359022,3.537452619576966,MAINTAIN
Node_6091,Cape Town,81.45187243897144,3.0472318533759912,MAINTAIN
Node_6092,London,99.60002365688013,3.373695174600377,MAINTAIN
Node_6093,New York,37.07715845677161,2.4757985601028287,MAINTAIN
Node_6094,New York,33.651615439362686,4.630788613719063,MAINTAIN
Node_6095,London,71.85681105547604,3.9198902397015334,MAINTAIN
Node_6096,London,13.83356557715547,4.452406591227849,SHUTDOWN
Node_6097,Cape Town,19.36298206089205,1.630443148132295,SHUTDOWN
Node_6098,New York,66.96863288744935,4.192606858308608,MAINTAIN
Node_6099,Cape Town,60.24605742060114,2.8123456827467272,MAINTAIN
Node_6100,Cape Town,43.78871573626229,3.6822829458650075,MAINTAIN
Node_6101,New York,36.579523384649015,0.8516419671878771,MAINTAIN
Node_6102,London,26.599854348591812,3.9660571837148235,SHUTDOWN
Node_6103,Cape Town,22.7045513403065,2.5963383549342374,SHUTDOWN
Node_6104,London,47.14097013363714,1.513608755198836,MAINTAIN
Node_6105,New York,32.346846973689026,0.628927295392194,MAINTAIN
Node_6106,London,32.71280954270806,3.2111675530466353,MAINTAIN
Node_6107,Cape Town,32.654377912803184,3.497196650042875,MAINTAIN
Node_6108,Cape Town,85.82445654237814,3.5535145372085992,MAINTAIN
Node_6109,New York,30.1740895804983,4.740764035762662,MAINTAIN
Node_6110,Cape Town,11.25937469875096,4.019771775256859,SHUTDOWN
Node_6111,London,31.7454903197243,2.0883188688803798,MAINTAIN
Node_6112,London,76.82177231043924,2.1308150621217306,MAINTAIN
Node_6113,New York,15.97122901202683,0.5180673130824156,SHUTDOWN
Node_6114,New York,37.52310791816438,2.882414690366144,MAINTAIN
Node_6115,London,51.21859796482332,1.3771468398964546,MAINTAIN
Node_6116,Cape Town,51.25093703483343,2.7569224551718383,MAINTAIN
Node_6117,Cape Town,60.403534213021295,0.5607173826212148,MAINTAIN
Node_6118,Cape Town,12.316656745659031,1.9266324911300523,SHUTDOWN
Node_6119,Cape Town,58.27633797085894,0.5984443087666819,MAINTAIN
Node_6120,London,94.63729014834581,4.32874700351946,MAINTAIN
Node_6121,New York,77.63147727604613,4.72893215462307,MAINTAIN
Node_6122,New York,61.51812351098895,2.7654289269844226,MAINTAIN
Node_6123,London,73.06684508177294,4.006484999550811,MAINTAIN
Node_6124,London,11.246789858520119,4.979174202692802,SHUTDOWN
Node_6125,Cape Town,34.71567378038975,1.4279130795479973,MAINTAIN
Node_6126,London,49.668880975052346,1.2623892380646646,MAINTAIN
Node_6127,Cape Town,22.90087849684242,1.5341132319612503,SHUTDOWN
Node_6128,New York,65.11549858913503,0.5359578419326234,MAINTAIN
Node_6129,London,50.20198293011568,1.8963324144837603,MAINTAIN
Node_6130,New York,67.49979671505797,0.5964375649630447,MAINTAIN
Node_6131,Cape Town,37.078615080652945,1.7340257121596896,MAINTAIN
Node_6132,New York,31.558724435580118,2.576943996410595,MAINTAIN
Node_6133,London,88.20000418626677,2.3170212993861647,MAINTAIN
Node_6134,Cape Town,20.23882308021434,1.4914080851309472,SHUTDOWN
Node_6135,Cape Town,35.47673869728409,3.207588907344591,MAINTAIN
Node_6136,London,29.714120858331917,3.7678186749531686,SHUTDOWN
Node_6137,New York,33.479258745906264,2.877419910221837,MAINTAIN
Node_6138,Cape Town,11.229375183776174,1.5323455970407858,SHUTDOWN
Node_6139,Cape Town,59.105325347798455,4.5532462929216,MAINTAIN
Node_6140,London,36.984824394620205,1.535085445029788,MAINTAIN
Node_6141,Cape Town,69.17332747067925,0.8590148011881704,MAINTAIN
Node_6142,New York,75.98170428403606,2.4067332630475917,MAINTAIN
Node_6143,New York,90.67282482636509,3.7873583612948543,MAINTAIN
Node_6144,London,20.728548171021444,1.6816147706705922,SHUTDOWN
Node_6145,Cape Town,22.94057495058569,4.336508715916352,SHUTDOWN
Node_6146,New York,75.56023310678871,0.8472762337106565,MAINTAIN
Node_6147,London,81.88534910299916,4.408605739448704,MAINTAIN
Node_6148,Cape Town,68.27736897515022,0.8304258119415888,MAINTAIN
Node_6149,London,81.55463985347417,2.5610900039949924,MAINTAIN
Node_6150,London,13.214340599819892,0.5944248083955977,SHUTDOWN
Node_6151,London,71.2225835972404,1.2557006556030001,MAINTAIN
Node_6152,New York,12.402358286014895,4.442273526993276,SHUTDOWN
Node_6153,London,22.873734205914396,1.8753637634216047,SHUTDOWN
Node_6154,New York,13.804997412911234,1.5111789705984793,SHUTDOWN
Node_6155,Cape Town,48.04219589138396,3.6782000798361265,MAINTAIN
Node_6156,New York,63.405144531086066,1.791771474310005,MAINTAIN
Node_6157,London,64.15349836277446,4.855436232126718,MAINTAIN
Node_6158,London,26.738112856361987,1.4552278872473905,SHUTDOWN
Node_6159,New York,14.96906783378103,3.5191718850868425,SHUTDOWN
Node_6160,London,39.50535786997388,3.391664987961967,MAINTAIN
Node_6161,London,16.532967831981054,3.7985958385730094,SHUTDOWN
Node_6162,New York,79.55250945384628,1.7487030138180093,MAINTAIN
Node_6163,Cape Town,31.693984740932517,0.5852154951964705,MAINTAIN
Node_6164,New York,83.01574995722291,4.705534569319604,MAINTAIN
Node_6165,London,43.66105429432786,1.1622760608308917,MAINTAIN
Node_6166,London,58.688285420979135,3.4393681917570404,MAINTAIN
Node_6167,New York,33.91319779042374,3.9652750586345995,MAINTAIN
Node_6168,New York,74.87331110361032,3.6088828294177104,MAINTAIN
Node_6169,New York,78.7916131987034,1.0278124116979575,MAINTAIN
Node_6170,Cape Town,33.63278782267761,3.506451963461176,MAINTAIN
Node_6171,New York,82.15591851204572,2.989177842563644,MAINTAIN
Node_6172,Cape Town,19.342876793109944,4.4587404235068355,SHUTDOWN
Node_6173,New York,88.71546846683803,1.594436682790212,MAINTAIN
Node_6174,London,12.09550237471949,2.9713398649377054,SHUTDOWN
Node_6175,London,55.08522527639211,2.194509232239674,MAINTAIN
Node_6176,Cape Town,85.47675515814484,4.092894282109301,MAINTAIN
Node_6177,London,10.146045711218218,4.772016598829038,SHUTDOWN
Node_6178,Cape Town,67.40170558685546,2.510989995047982,MAINTAIN
Node_6179,Cape Town,21.612248956165697,1.679742468652911,SHUTDOWN
Node_6180,Cape Town,87.77267757164427,2.174971645196497,MAINTAIN
Node_6181,London,40.52924476221564,3.6789129959590063,MAINTAIN
Node_6182,New York,19.297211980221512,2.4583139929953255,SHUTDOWN
Node_6183,New York,57.52055190415273,2.030395343533309,MAINTAIN
Node_6184,Cape Town,65.00184330209018,1.8010021529418196,MAINTAIN
Node_6185,New York,53.0181635378051,2.3239663663915913,MAINTAIN
Node_6186,London,88.55846539663237,1.1923268467626185,MAINTAIN
Node_6187,New York,97.10421904854078,3.9651278810992334,MAINTAIN
Node_6188,London,94.663640261856,3.828095393880709,MAINTAIN
Node_6189,New York,57.971181028258826,3.3326668276908453,MAINTAIN
Node_6190,New York,20.77046103433642,3.7692677178677316,SHUTDOWN
Node_6191,New York,15.310733543903353,2.101857005250878,SHUTDOWN
Node_6192,London,25.095766710923797,4.148379657576784,SHUTDOWN
Node_6193,New York,73.96437233243056,1.2517962375602154,MAINTAIN
Node_6194,London,50.13309188207218,1.5234347464742621,MAINTAIN
Node_6195,New York,39.88714638364732,2.217992419559886,MAINTAIN
Node_6196,Cape Town,33.200688403732784,2.327635966710927,MAINTAIN
Node_6197,London,37.79531902142186,2.5901243116231374,MAINTAIN
Node_6198,New York,96.85626793648035,1.9031974244459455,MAINTAIN
Node_6199,New York,73.37524586401184,3.8360970105680483,MAINTAIN
Node_6200,Cape Town,25.273773486430613,0.7666038837151175,SHUTDOWN
Node_6201,Cape Town,34.4537904560613,3.59771505483764,MAINTAIN
Node_6202,London,21.367071088506087,3.5188933399567777,SHUTDOWN
Node_6203,Cape Town,26.50718408467865,4.079294743577873,SHUTDOWN
Node_6204,New York,35.392179362334474,1.3357079611500025,MAINTAIN
Node_6205,Cape Town,69.84195926096821,0.8110130055983458,MAINTAIN
Node_6206,New York,80.76735512653474,3.234172338010998,MAINTAIN
Node_6207,Cape Town,42.781703365231145,1.1255478184123568,MAINTAIN
Node_6208,London,67.34628269312222,1.8501048571322007,MAINTAIN
Node_6209,New York,92.19042485819985,0.8610604039544302,MAINTAIN
Node_6210,Cape Town,28.90033471582771,4.040919946481664,SHUTDOWN
Node_6211,Cape Town,72.7725067661689,3.251630485011273,MAINTAIN
Node_6212,New York,54.239163009617364,1.5498957941069043,MAINTAIN
Node_6213,Cape Town,70.47647043857927,4.410572812401746,MAINTAIN
Node_6214,Cape Town,76.12860164545583,3.09416646280564,MAINTAIN
Node_6215,Cape Town,22.697811284811685,3.506320832759615,SHUTDOWN
Node_6216,London,67.40599311880054,1.8525268914141175,MAINTAIN
Node_6217,London,24.718970420009526,0.9556605035607331,SHUTDOWN
Node_6218,New York,93.58495344213486,4.395137243424328,MAINTAIN
Node_6219,London,91.99857748811478,3.3811990754509633,MAINTAIN
Node_6220,London,16.929955186113723,0.9970481170913809,SHUTDOWN
Node_6221,New York,62.020820494192705,4.976070914351725,MAINTAIN
Node_6222,New York,72.54800452633246,0.9230207581812753,MAINTAIN
Node_6223,London,59.99953114974462,4.533997618084658,MAINTAIN
Node_6224,New York,76.03629388041323,0.8080235268086706,MAINTAIN
Node_6225,London,90.57179499283454,4.752545007482988,MAINTAIN
Node_6226,London,90.8124605985991,3.099292737601798,MAINTAIN
Node_6227,London,98.5141321798249,0.578092498370482,MAINTAIN
Node_6228,Cape Town,84.17109208213378,3.242230261166816,MAINTAIN
Node_6229,New York,10.495544511864093,0.7005031075320798,SHUTDOWN
Node_6230,New York,51.91515209556171,1.357818324485573,MAINTAIN
Node_6231,New York,25.67708575115511,3.9013256242659136,SHUTDOWN
Node_6232,New York,30.838772246157845,2.2056365871017074,MAINTAIN
Node_6233,London,40.427208168606455,1.9883168451430056,MAINTAIN
Node_6234,New York,34.165423392460795,1.8951008188867953,MAINTAIN
Node_6235,London,35.79636614412171,4.054266941411742,MAINTAIN
Node_6236,Cape Town,16.837959649892227,0.9426200075060708,SHUTDOWN
Node_6237,New York,71.94551252427135,2.2541398536609334,MAINTAIN
Node_6238,Cape Town,99.93919293955655,1.9319480552247126,MAINTAIN
Node_6239,Cape Town,35.978410338011955,2.5532921169291174,MAINTAIN
Node_6240,New York,71.99439280357763,2.2927428988628753,MAINTAIN
Node_6241,Cape Town,48.36117977865464,4.72609236922858,MAINTAIN
Node_6242,Cape Town,69.41643738100095,1.5316410862455994,MAINTAIN
Node_6243,London,51.09642788591026,1.2229210941036084,MAINTAIN
Node_6244,London,17.09386913985736,2.591121954755856,SHUTDOWN
Node_6245,London,86.28902719505274,4.958716350811591,MAINTAIN
Node_6246,Cape Town,15.39478466510047,1.9612295678326035,SHUTDOWN
Node_6247,New York,12.703000462589928,3.1449175918739884,SHUTDOWN
Node_6248,London,65.88261140948879,3.2468306119029107,MAINTAIN
Node_6249,London,22.671041119076868,3.427131230999383,SHUTDOWN
Node_6250,Cape Town,28.834358531958056,3.891767664090765,SHUTDOWN
Node_6251,London,65.59351753539218,3.296524366637358,MAINTAIN
Node_6252,Cape Town,28.763669603323716,0.826239607841216,SHUTDOWN
Node_6253,Cape Town,20.788026482034557,4.429009794878118,SHUTDOWN
Node_6254,New York,77.72391575543254,0.8251721523139011,MAINTAIN
Node_6255,Cape Town,85.66526081414376,0.6414922616883383,MAINTAIN
Node_6256,Cape Town,32.09621246457869,1.6814842166516497,MAINTAIN
Node_6257,New York,68.74954840298369,3.2773079740565096,MAINTAIN
Node_6258,Cape Town,65.01885462533664,0.6128324590131379,MAINTAIN
Node_6259,Cape Town,67.79226788202857,4.003721786385459,MAINTAIN
Node_6260,London,75.34007627034761,3.4844835594904233,MAINTAIN
Node_6261,New York,13.742723905670783,4.863148680685335,SHUTDOWN
Node_6262,New York,65.71794554301806,1.0521341160042579,MAINTAIN
Node_6263,Cape Town,32.98416019090793,2.550861613023497,MAINTAIN
Node_6264,Cape Town,38.52814590218692,0.989739549483887,MAINTAIN
Node_6265,London,53.00386099793272,4.544399567266747,MAINTAIN
Node_6266,Cape Town,93.3976396771095,2.6663673089367927,MAINTAIN
Node_6267,New York,94.81915857825322,3.5650158451500116,MAINTAIN
Node_6268,Cape Town,66.46767856715518,1.3163246748598483,MAINTAIN
Node_6269,Cape Town,28.53592936038897,2.0041365684181467,SHUTDOWN
Node_6270,London,87.79365431434272,4.797442518274487,MAINTAIN
Node_6271,Cape Town,20.311558785800635,0.9426418150261615,SHUTDOWN
Node_6272,Cape Town,26.601363988034226,3.386470423364157,SHUTDOWN
Node_6273,New York,45.27920374717766,4.164124467195446,MAINTAIN
Node_6274,Cape Town,78.87873345113297,3.1267694646465727,MAINTAIN
Node_6275,London,49.05068571999141,3.2837524690603592,MAINTAIN
Node_6276,New York,14.253781869073539,2.8410888707010526,SHUTDOWN
Node_6277,London,29.352871340619277,2.282432784786619,SHUTDOWN
Node_6278,New York,83.54730916836978,2.5895829004889785,MAINTAIN
Node_6279,Cape Town,17.474786614503508,0.8113404319903758,SHUTDOWN
Node_6280,New York,53.75358176054087,2.770918759360446,MAINTAIN
Node_6281,New York,33.294298651744654,3.0352946827138845,MAINTAIN
Node_6282,New York,89.14421444045614,2.6723456236712724,MAINTAIN
Node_6283,Cape Town,45.93667069245291,2.585925518671397,MAINTAIN
Node_6284,New York,51.881002439930995,1.2636120604967658,MAINTAIN
Node_6285,London,29.15518472137998,2.2695643466947946,SHUTDOWN
Node_6286,London,86.3616435811837,1.8564276275487923,MAINTAIN
Node_6287,Cape Town,63.046795869055984,2.4709822754404542,MAINTAIN
Node_6288,London,63.80052866017842,3.926045287217758,MAINTAIN
Node_6289,New York,74.29841127409394,3.2387546739876254,MAINTAIN
Node_6290,London,98.602058806923,1.567300892998735,MAINTAIN
Node_6291,London,48.410772897819356,1.9699974462404086,MAINTAIN
Node_6292,London,29.27703607332314,3.860220502481502,SHUTDOWN
Node_6293,Cape Town,21.815694359225482,4.871311525717674,SHUTDOWN
Node_6294,New York,32.43387318451202,1.231262469068566,MAINTAIN
Node_6295,Cape Town,43.68219621521239,2.582704487551568,MAINTAIN
Node_6296,Cape Town,10.127378943753689,2.3141742734831454,SHUTDOWN
Node_6297,Cape Town,41.6079264759651,3.1082426287667744,MAINTAIN
Node_6298,New York,58.56758757770504,1.507469774519159,MAINTAIN
Node_6299,New York,67.7719967958235,0.871331780495076,MAINTAIN
Node_6300,New York,35.96608204227516,4.4786799233254095,MAINTAIN
Node_6301,London,70.4365743611771,4.6968417097229125,MAINTAIN
Node_6302,London,84.11463847745,3.228284020728095,MAINTAIN
Node_6303,Cape Town,67.74953583954749,1.277287816406053,MAINTAIN
Node_6304,Cape Town,85.6409863529235,4.005226697642637,MAINTAIN
Node_6305,London,91.43297356052739,4.366729049911457,MAINTAIN
Node_6306,London,70.32825953456597,2.7934319157017664,MAINTAIN
Node_6307,New York,83.14987448370807,2.413690837596521,MAINTAIN
Node_6308,New York,91.10210560394326,4.508741820558478,MAINTAIN
Node_6309,New York,88.87597481317971,3.186129397532927,MAINTAIN
Node_6310,Cape Town,24.457309712205028,2.0313019581736866,SHUTDOWN
Node_6311,New York,28.557247041733348,2.9827011399357275,SHUTDOWN
Node_6312,London,75.29018386789932,3.791656789648329,MAINTAIN
Node_6313,London,89.04718813989336,1.404313354838656,MAINTAIN
Node_6314,New York,15.707564257969036,4.609796435804429,SHUTDOWN
Node_6315,Cape Town,39.04899635427901,1.6139236325373911,MAINTAIN
Node_6316,Cape Town,36.932927720674755,3.207954682622805,MAINTAIN
Node_6317,Cape Town,89.73565682408406,2.467530226512968,MAINTAIN
Node_6318,London,65.49889033326994,1.7643137046965838,MAINTAIN
Node_6319,Cape Town,57.44080818770945,3.204660259776108,MAINTAIN
Node_6320,New York,38.71707126843849,4.778270230673973,MAINTAIN
Node_6321,Cape Town,55.75057748995475,2.838058954140215,MAINTAIN
Node_6322,New York,14.40667764453956,4.013570176949474,SHUTDOWN
Node_6323,Cape Town,53.614321518228806,4.71250654003091,MAINTAIN
Node_6324,London,90.43117770397676,1.5749103761023393,MAINTAIN
Node_6325,Cape Town,61.24016795615018,2.5733643524504908,MAINTAIN
Node_6326,Cape Town,80.71155996057497,2.6064114733944708,MAINTAIN
Node_6327,New York,47.07154842929645,4.055410959585282,MAINTAIN
Node_6328,London,77.90872232877236,4.522927855231582,MAINTAIN
Node_6329,London,98.64098871560851,3.219996441846381,MAINTAIN
Node_6330,Cape Town,26.10699154355712,2.4277731666517024,SHUTDOWN
Node_6331,Cape Town,49.49797230474478,2.1289091296195717,MAINTAIN
Node_6332,New York,29.123470781937794,0.7775670753500407,SHUTDOWN
Node_6333,New York,25.681176897297213,3.6955607765756224,SHUTDOWN
Node_6334,London,35.69917656208057,4.792309505784541,MAINTAIN
Node_6335,London,50.0171440726042,3.673470002712569,MAINTAIN
Node_6336,Cape Town,14.823165119724944,3.5667926509030727,SHUTDOWN
Node_6337,New York,86.83357310978425,1.3408867453073963,MAINTAIN
Node_6338,Cape Town,31.896325396864363,3.0833836206673353,MAINTAIN
Node_6339,London,40.84655670854421,3.43084940056635,MAINTAIN
Node_6340,New York,47.33619600488023,0.5601625631964505,MAINTAIN
Node_6341,New York,19.025918381567948,4.553493148862952,SHUTDOWN
Node_6342,Cape Town,85.91332149246891,1.7652539629988842,MAINTAIN
Node_6343,London,29.391281227922516,2.2581998167808335,SHUTDOWN
Node_6344,London,27.338617700149147,2.858495502482559,SHUTDOWN
Node_6345,London,38.28598009863496,4.271263447433425,MAINTAIN
Node_6346,London,13.39434902142877,3.8494608784915005,SHUTDOWN
Node_6347,New York,95.78877800811011,0.9393204283563877,MAINTAIN
Node_6348,London,72.72197984722452,2.0384158306955813,MAINTAIN
Node_6349,New York,41.48561950196576,1.1601607830586127,MAINTAIN
Node_6350,Cape Town,85.2497448473852,2.23189208623186,MAINTAIN
Node_6351,London,96.34045586457127,3.957411044051321,MAINTAIN
Node_6352,New York,32.201470201014054,2.6100896015065858,MAINTAIN
Node_6353,Cape Town,11.485734657668846,4.468957521031864,SHUTDOWN
Node_6354,London,98.07290467431105,3.232959924741952,MAINTAIN
Node_6355,London,42.314314584410056,3.103535087896063,MAINTAIN
Node_6356,London,77.87716442874891,3.195502791387565,MAINTAIN
Node_6357,New York,81.24531447343725,3.1078406781600902,MAINTAIN
Node_6358,Cape Town,91.95927510772624,1.1002090660252701,MAINTAIN
Node_6359,London,98.59683004717186,3.4875072396312428,MAINTAIN
Node_6360,New York,94.94223732048903,4.3766561238212525,MAINTAIN
Node_6361,London,54.95010698214125,2.201007565866264,MAINTAIN
Node_6362,New York,21.987477722842016,1.77484237411139,SHUTDOWN
Node_6363,London,37.22924373839472,2.6166439735063705,MAINTAIN
Node_6364,New York,72.7093266540695,1.2056952894149378,MAINTAIN
Node_6365,New York,49.04645488500138,4.619955041153177,MAINTAIN
Node_6366,London,80.01945627120332,3.7290989615298424,MAINTAIN
Node_6367,London,33.15427442807533,3.4847384329482143,MAINTAIN
Node_6368,London,45.445796411308564,4.381531969705683,MAINTAIN
Node_6369,New York,66.68891020574178,1.2861780803178537,MAINTAIN
Node_6370,London,30.33389154908441,2.0262946206216297,MAINTAIN
Node_6371,New York,18.526476091265494,2.6047014823638457,SHUTDOWN
Node_6372,London,47.26879074330302,1.2476456005783665,MAINTAIN
Node_6373,London,27.655389899356877,1.6993839871552767,SHUTDOWN
Node_6374,New York,37.48897715367906,2.336185675234633,MAINTAIN
Node_6375,Cape Town,72.33928342009062,1.2822140265982673,MAINTAIN
Node_6376,New York,63.20907280259539,2.9690763586667424,MAINTAIN
Node_6377,Cape Town,16.339893715600105,0.9868083816585045,SHUTDOWN
Node_6378,London,25.231975518784594,1.42215482452639,SHUTDOWN
Node_6379,Cape Town,73.71854078862422,1.1407277676887466,MAINTAIN
Node_6380,New York,88.22115656155891,1.91847663370129,MAINTAIN
Node_6381,New York,88.78880748412142,2.1539805050033216,MAINTAIN
Node_6382,New York,82.7954321171522,3.023645371969791,MAINTAIN
Node_6383,London,81.39289016619088,1.747168932492127,MAINTAIN
Node_6384,Cape Town,87.8203860340372,2.2792028380895375,MAINTAIN
Node_6385,New York,25.784663616995402,1.5042240291375013,SHUTDOWN
Node_6386,New York,11.523120916803505,3.463296907237151,SHUTDOWN
Node_6387,Cape Town,40.93955459531653,3.094150925368092,MAINTAIN
Node_6388,Cape Town,25.388929475537168,0.9861345544581324,SHUTDOWN
Node_6389,Cape Town,38.91870118981903,2.5763231700400686,MAINTAIN
Node_6390,New York,64.6411033926236,4.071293318156371,MAINTAIN
Node_6391,New York,48.569427836863206,3.9226433532357046,MAINTAIN
Node_6392,New York,28.860346105963384,4.443693905679934,SHUTDOWN
Node_6393,New York,49.120624526922214,1.9228632271184383,MAINTAIN
Node_6394,London,78.52020452780327,2.8084565435437114,MAINTAIN
Node_6395,London,13.404471020735054,2.6184027451553966,SHUTDOWN
Node_6396,New York,11.164218204368986,1.9114560549457689,SHUTDOWN
Node_6397,London,33.71084311489944,2.936645001036891,MAINTAIN
Node_6398,Cape Town,26.57462949571333,4.0532833925768905,SHUTDOWN
Node_6399,New York,44.8786193901873,0.7115374294370594,MAINTAIN
Node_6400,Cape Town,99.57814998267642,4.560297762797614,MAINTAIN
Node_6401,New York,79.83935964440211,1.441069693029067,MAINTAIN
Node_6402,Cape Town,99.52806902010622,4.441162596647755,MAINTAIN
Node_6403,London,81.64877436564997,2.5364823123607527,MAINTAIN
Node_6404,New York,40.75532552381095,2.0418757869045976,MAINTAIN
Node_6405,New York,48.82539001773024,3.995897751630561,MAINTAIN
Node_6406,Cape Town,94.14294052580574,3.4757933637508636,MAINTAIN
Node_6407,London,39.52556989167827,3.718783997945383,MAINTAIN
Node_6408,London,43.12311265228749,2.9662097962250122,MAINTAIN
Node_6409,Cape Town,59.42268237939591,2.6369251442327633,MAINTAIN
Node_6410,London,40.05066517309985,4.078751655483197,MAINTAIN
Node_6411,London,78.5170658919368,2.475903166214142,MAINTAIN
Node_6412,Cape Town,22.799251867036492,2.598795311034369,SHUTDOWN
Node_6413,Cape Town,26.134444811413942,3.54080627452051,SHUTDOWN
Node_6414,New York,77.52976005982725,4.332080877436223,MAINTAIN
Node_6415,London,18.51804878997555,3.258020753189053,SHUTDOWN
Node_6416,New York,29.971052511563006,3.3645835305815974,SHUTDOWN
Node_6417,London,67.23386593712232,0.6725547465887284,MAINTAIN
Node_6418,London,69.02811277221619,4.106686318852941,MAINTAIN
Node_6419,New York,68.42072962458207,3.4402548175571104,MAINTAIN
Node_6420,Cape Town,26.59339849770094,3.4454728737465916,SHUTDOWN
Node_6421,London,57.41645543610826,2.428311512085874,MAINTAIN
Node_6422,London,64.35523902354538,0.8680130593096534,MAINTAIN
Node_6423,Cape Town,19.692320600048703,1.0589406567349142,SHUTDOWN
Node_6424,Cape Town,74.59809700162342,2.662586171283762,MAINTAIN
Node_6425,London,59.13225473924153,1.41835874109222,MAINTAIN
Node_6426,Cape Town,25.63046835592462,4.4270889009830015,SHUTDOWN
Node_6427,New York,79.98427467405214,2.757692432006401,MAINTAIN
Node_6428,London,69.04953016367982,4.191907998572516,MAINTAIN
Node_6429,Cape Town,71.8069131975053,3.3191288193681183,MAINTAIN
Node_6430,London,76.84379499397737,2.0450601898611724,MAINTAIN
Node_6431,New York,87.07731194758524,1.035777742415999,MAINTAIN
Node_6432,Cape Town,60.43313879813832,0.5709292995844819,MAINTAIN
Node_6433,London,65.87916692772777,3.358065751351345,MAINTAIN
Node_6434,Cape Town,54.945001322580744,2.1481428796197504,MAINTAIN
Node_6435,Cape Town,35.92125548957698,1.5995646836334523,MAINTAIN
Node_6436,London,10.624439657809999,0.6780879702878448,SHUTDOWN
Node_6437,New York,99.18509932211398,3.1945637064182613,MAINTAIN
Node_6438,Cape Town,45.88327276066828,1.898957264654619,MAINTAIN
Node_6439,London,92.31561907630719,0.5693056152940321,MAINTAIN
Node_6440,Cape Town,77.3413929496364,3.424344014390491,MAINTAIN
Node_6441,Cape Town,24.670315951181912,2.9942500972493358,SHUTDOWN
Node_6442,Cape Town,71.26178615771352,0.8001480253413343,MAINTAIN
Node_6443,New York,56.02582273996365,1.0744378881556813,MAINTAIN
Node_6444,London,29.065670844403996,4.257948340254874,SHUTDOWN
Node_6445,London,90.02684580967946,1.2238636732155732,MAINTAIN
Node_6446,London,58.13924154800308,2.070557304881551,MAINTAIN
Node_6447,Cape Town,51.537291123204916,2.545761940818669,MAINTAIN
Node_6448,New York,22.515040548202627,1.316940467668695,SHUTDOWN
Node_6449,London,26.653460393702655,1.6160977837304338,SHUTDOWN
Node_6450,New York,81.38144590035546,4.346933469250267,MAINTAIN
Node_6451,Cape Town,73.26432099064752,4.339076517665877,MAINTAIN
Node_6452,Cape Town,76.88004554440161,1.6598641786715573,MAINTAIN
Node_6453,New York,52.75614799578975,4.700681574334345,MAINTAIN
Node_6454,Cape Town,21.34962345962395,0.5774619422462901,SHUTDOWN
Node_6455,Cape Town,97.19739062165876,2.3343665626048273,MAINTAIN
Node_6456,New York,79.36855190458566,4.006056442948275,MAINTAIN
Node_6457,Cape Town,58.715773283065666,1.927617644120151,MAINTAIN
Node_6458,London,40.253068613309615,1.72776721507894,MAINTAIN
Node_6459,Cape Town,98.03385053771062,3.32306993756117,MAINTAIN
Node_6460,London,98.81802078774912,1.7613658193222812,MAINTAIN
Node_6461,London,39.118919822817155,1.3797627303714035,MAINTAIN
Node_6462,Cape Town,25.472214938471463,1.6541532549349518,SHUTDOWN
Node_6463,London,23.336468362316737,2.134711925248306,SHUTDOWN
Node_6464,London,50.63919724198274,2.402073321541305,MAINTAIN
Node_6465,London,69.45146753327882,4.59642782625679,MAINTAIN
Node_6466,Cape Town,83.23313115503035,0.5850632569056433,MAINTAIN
Node_6467,London,71.01588165390696,1.5132982634746512,MAINTAIN
Node_6468,Cape Town,38.03223454632135,3.6250003625798537,MAINTAIN
Node_6469,Cape Town,57.459280197923476,1.7668772868585152,MAINTAIN
Node_6470,New York,63.698781184850404,2.035303085043627,MAINTAIN
Node_6471,Cape Town,56.709089106211614,4.082994788745646,MAINTAIN
Node_6472,London,76.47828304015775,2.848696561531828,MAINTAIN
Node_6473,London,71.67357971705997,4.99772665358919,MAINTAIN
Node_6474,London,19.465205452218605,3.158803845735001,SHUTDOWN
Node_6475,Cape Town,81.8961329549298,1.7275031103442646,MAINTAIN
Node_6476,London,50.50625231438973,2.041353957820763,MAINTAIN
Node_6477,New York,71.3274775303054,4.016197462678791,MAINTAIN
Node_6478,London,32.51259635823472,0.7619552152168254,MAINTAIN
Node_6479,Cape Town,13.422942295240901,1.1219428061611307,SHUTDOWN
Node_6480,New York,91.53995957860329,1.1233756226091038,MAINTAIN
Node_6481,Cape Town,53.17247560521141,4.878050786264825,MAINTAIN
Node_6482,Cape Town,56.49121882305836,2.7779019612234053,MAINTAIN
Node_6483,Cape Town,87.6237828540539,2.528223180634593,MAINTAIN
Node_6484,Cape Town,44.65638991858709,4.460671540381295,MAINTAIN
Node_6485,Cape Town,70.32876664553214,3.7159816096323555,MAINTAIN
Node_6486,London,25.814133116062067,0.6339385271437836,SHUTDOWN
Node_6487,New York,89.28352834492287,0.698741017469686,MAINTAIN
Node_6488,New York,36.67780529451329,0.7868967914079825,MAINTAIN
Node_6489,New York,32.095150969559654,0.9786790481351605,MAINTAIN
Node_6490,Cape Town,36.010440210633234,4.646915891950532,MAINTAIN
Node_6491,New York,42.95159738065696,2.836576110701957,MAINTAIN
Node_6492,Cape Town,88.41980161746262,2.7328458566663527,MAINTAIN
Node_6493,Cape Town,88.70228681136767,0.5834564303264375,MAINTAIN
Node_6494,Cape Town,42.20938853627635,1.3701381333947187,MAINTAIN
Node_6495,New York,85.94286100975948,1.2095389834563208,MAINTAIN
Node_6496,Cape Town,64.81767321059921,2.3446862469134384,MAINTAIN
Node_6497,London,50.14611076519494,3.6337928357336877,MAINTAIN
Node_6498,London,25.37041169136822,4.579048790315205,SHUTDOWN
Node_6499,London,36.59725877604444,0.5319173648339379,MAINTAIN
Node_6500,London,26.844960238957484,1.6365891669096757,SHUTDOWN
Node_6501,New York,35.15033805280484,1.594809325062705,MAINTAIN
Node_6502,New York,51.27818198273052,3.308247314220742,MAINTAIN
Node_6503,London,34.28832359880467,3.004013371284684,MAINTAIN
Node_6504,New York,88.84008434850784,2.029467481878947,MAINTAIN
Node_6505,New York,20.195128575314868,1.9990888841679548,SHUTDOWN
Node_6506,New York,71.54565146636673,2.3869124529863703,MAINTAIN
Node_6507,New York,60.39520898180923,3.393174858735902,MAINTAIN
Node_6508,New York,75.55704260572696,2.0202807443134745,MAINTAIN
Node_6509,Cape Town,17.639970562933897,4.626073526335064,SHUTDOWN
Node_6510,New York,60.95102235779837,1.2391139630034957,MAINTAIN
Node_6511,New York,84.91778532394063,3.753125026311895,MAINTAIN
Node_6512,London,83.52704116864668,2.021211312525199,MAINTAIN
Node_6513,New York,93.10723428061901,0.8769630599875813,MAINTAIN
Node_6514,Cape Town,84.64620594652006,2.9005459436033485,MAINTAIN
Node_6515,London,99.43663331454638,3.391843172691318,MAINTAIN
Node_6516,New York,34.01990505551889,3.4525407654614924,MAINTAIN
Node_6517,Cape Town,30.386745373934513,3.9264387067631503,MAINTAIN
Node_6518,New York,54.75343021270615,4.177290040986962,MAINTAIN
Node_6519,London,18.870317858614005,2.792115991148762,SHUTDOWN
Node_6520,Cape Town,65.62017605267036,4.864839056807709,MAINTAIN
Node_6521,Cape Town,85.49083520290219,3.4937333735105938,MAINTAIN
Node_6522,New York,97.33048359921267,1.8117595278067495,MAINTAIN
Node_6523,Cape Town,98.50807522296707,4.7934361982569005,MAINTAIN
Node_6524,London,15.97172002640157,3.2197324273803263,SHUTDOWN
Node_6525,New York,60.64458570832741,0.5019681648564622,MAINTAIN
Node_6526,Cape Town,70.78285948688549,3.7229975828140804,MAINTAIN
Node_6527,New York,38.492518404292326,4.61946395155286,MAINTAIN
Node_6528,London,58.1059919720698,4.908719787165078,MAINTAIN
Node_6529,New York,29.6059326157583,2.773966013208431,SHUTDOWN
Node_6530,New York,26.852595661550183,1.8541133908070422,SHUTDOWN
Node_6531,Cape Town,92.78062879369449,3.2755142715559,MAINTAIN
Node_6532,London,44.3940484803349,2.6863289891688837,MAINTAIN
Node_6533,London,63.47774184326049,4.108347646970653,MAINTAIN
Node_6534,Cape Town,23.49070516983731,2.9201233943147527,SHUTDOWN
Node_6535,New York,89.45376982977847,4.312302141349056,MAINTAIN
Node_6536,New York,17.69496585623039,3.9023491650123288,SHUTDOWN
Node_6537,London,64.52906070362657,4.766283005551298,MAINTAIN
Node_6538,New York,71.55118414303422,3.000069099449045,MAINTAIN
Node_6539,New York,24.852267198580527,3.3861473597965475,SHUTDOWN
Node_6540,Cape Town,42.09857645963378,4.285005254153081,MAINTAIN
Node_6541,London,36.432988639486396,2.1705522973529217,MAINTAIN
Node_6542,Cape Town,96.50482466988461,3.600504109335024,MAINTAIN
Node_6543,Cape Town,81.90857216854435,2.509518240564869,MAINTAIN
Node_6544,New York,72.3424136189141,1.0137745875240207,MAINTAIN
Node_6545,New York,83.98329073675306,0.5754790334525504,MAINTAIN
Node_6546,London,38.60671573901314,0.5772767542396442,MAINTAIN
Node_6547,London,95.61973134808376,1.0074221704939639,MAINTAIN
Node_6548,New York,57.00994433757401,3.6862256036229124,MAINTAIN
Node_6549,Cape Town,70.94968716003271,4.421755701252888,MAINTAIN
Node_6550,London,47.7559457530207,2.27507671762772,MAINTAIN
Node_6551,New York,35.420000903408074,2.6045056909595465,MAINTAIN
Node_6552,New York,75.45338911148528,1.2328862483244158,MAINTAIN
Node_6553,New York,93.83235545446101,0.6611341484985791,MAINTAIN
Node_6554,London,37.752953949549465,4.859252820223937,MAINTAIN
Node_6555,New York,73.97405007917108,1.8296534518684784,MAINTAIN
Node_6556,New York,93.97401829896744,2.901939202555811,MAINTAIN
Node_6557,London,55.49605590236882,1.7914839166435086,MAINTAIN
Node_6558,London,63.81953772249313,3.9046951220227744,MAINTAIN
Node_6559,Cape Town,17.103231408712613,2.079371888183994,SHUTDOWN
Node_6560,New York,18.780207698384967,4.635723359594069,SHUTDOWN
Node_6561,Cape Town,48.12762703060249,2.060258555096276,MAINTAIN
Node_6562,London,24.53685713774911,4.062034533413166,SHUTDOWN
Node_6563,Cape Town,59.35159625424135,4.2437846657376985,MAINTAIN
Node_6564,London,89.5630764257449,0.9329034416632207,MAINTAIN
Node_6565,New York,50.4051761633068,2.4141609093086536,MAINTAIN
Node_6566,New York,87.66920561331163,1.2350123148502026,MAINTAIN
Node_6567,New York,19.631778481123362,1.842022415968138,SHUTDOWN
Node_6568,New York,53.08376612164825,2.42759818757492,MAINTAIN
Node_6569,Cape Town,40.12325882054721,3.5310255005106006,MAINTAIN
Node_6570,New York,12.921921326618628,2.548931782581884,SHUTDOWN
Node_6571,New York,58.00858068294364,1.2882449809559748,MAINTAIN
Node_6572,Cape Town,92.60539535820404,2.485592886080769,MAINTAIN
Node_6573,New York,57.714848417395075,4.4782740025201875,MAINTAIN
Node_6574,London,58.19525218850828,2.4842909473353902,MAINTAIN
Node_6575,London,63.91308787105045,4.57748517556642,MAINTAIN
Node_6576,Cape Town,38.14372203719356,3.197761528960144,MAINTAIN
Node_6577,New York,62.65970537538137,4.916483441073168,MAINTAIN
Node_6578,London,95.84990648438608,2.195484861799192,MAINTAIN
Node_6579,New York,82.94532633165227,4.691414595820059,MAINTAIN
Node_6580,London,19.168388717062037,4.301274243507368,SHUTDOWN
Node_6581,London,64.17624914139222,3.5338990517408235,MAINTAIN
Node_6582,London,79.22782742278531,2.8220388584639537,MAINTAIN
Node_6583,New York,82.93612073115825,0.8766575223003401,MAINTAIN
Node_6584,London,78.47429715666293,2.2701481905754894,MAINTAIN
Node_6585,New York,51.58039177012088,3.540652561543016,MAINTAIN
Node_6586,Cape Town,49.344193397045764,0.8058717779089775,MAINTAIN
Node_6587,London,68.08442188420376,3.1933945987139722,MAINTAIN
Node_6588,London,56.07183207134651,2.6253865584771603,MAINTAIN
Node_6589,London,19.958489638226006,2.2264390057793166,SHUTDOWN
Node_6590,New York,89.68043543615302,0.6979692898331756,MAINTAIN
Node_6591,Cape Town,41.527450172284894,4.351909984575567,MAINTAIN
Node_6592,New York,75.20309922371129,3.3239628046341916,MAINTAIN
Node_6593,London,76.15185416228286,2.5262895290298215,MAINTAIN
Node_6594,New York,39.240673357295954,3.9750785301174245,MAINTAIN
Node_6595,Cape Town,14.700278749277455,2.8224976535037216,SHUTDOWN
Node_6596,London,79.5245314366254,4.920856958130716,MAINTAIN
Node_6597,New York,21.904648692319896,3.1774428258208958,SHUTDOWN
Node_6598,London,63.433395204767194,4.6203098238161635,MAINTAIN
Node_6599,New York,39.14670394155469,3.8935303310908496,MAINTAIN
Node_6600,New York,21.377290304398354,2.8055621163891282,SHUTDOWN
Node_6601,London,22.17657147021329,4.407089017302779,SHUTDOWN
Node_6602,Cape Town,15.27287106953375,3.940862757050377,SHUTDOWN
Node_6603,New York,14.083351887988517,3.747609306553963,SHUTDOWN
Node_6604,New York,11.768880813756184,3.5003799468754755,SHUTDOWN
Node_6605,London,67.92438849735811,3.268865193524617,MAINTAIN
Node_6606,New York,56.16191593896711,1.850463580492132,MAINTAIN
Node_6607,Cape Town,27.160296688354673,2.0778663942240936,SHUTDOWN
Node_6608,Cape Town,97.05853097407608,4.866591696534511,MAINTAIN
Node_6609,New York,45.11180564867035,2.2506051204596815,MAINTAIN
Node_6610,Cape Town,69.33087803663305,4.51320464846634,MAINTAIN
Node_6611,London,43.574426712890656,2.069909429755266,MAINTAIN
Node_6612,London,56.79043126704894,3.003429523631396,MAINTAIN
Node_6613,London,85.57107587939878,1.7598546999913438,MAINTAIN
Node_6614,London,37.89708681342421,1.322740058438782,MAINTAIN
Node_6615,London,32.47046295172317,3.543248679209473,MAINTAIN
Node_6616,Cape Town,14.411622350372067,0.8717624315992509,SHUTDOWN
Node_6617,New York,47.81745296880768,3.0246983730688837,MAINTAIN
Node_6618,Cape Town,53.070641039040844,1.3746113361015189,MAINTAIN
Node_6619,Cape Town,35.96129667312247,4.566816423401655,MAINTAIN
Node_6620,Cape Town,95.65536573115443,3.3904816079393845,MAINTAIN
Node_6621,London,13.621049722352296,4.012783799486629,SHUTDOWN
Node_6622,London,99.9251344709327,2.3456264888596214,MAINTAIN
Node_6623,Cape Town,35.091001626993744,2.606029371335816,MAINTAIN
Node_6624,Cape Town,14.640280357539316,4.778789069981305,SHUTDOWN
Node_6625,New York,21.119459216267554,2.247386240504173,SHUTDOWN
Node_6626,Cape Town,41.76026013425599,1.480162000750021,MAINTAIN
Node_6627,London,59.27093135696228,3.2747271326270257,MAINTAIN
Node_6628,New York,32.05954793015247,2.965047617464245,MAINTAIN
Node_6629,London,64.31021529627094,1.4797386815957023,MAINTAIN
Node_6630,New York,68.4662914064734,4.203485152438976,MAINTAIN
Node_6631,London,13.614713969652504,2.658276306643801,SHUTDOWN
Node_6632,New York,86.01056452820706,2.524607210818919,MAINTAIN
Node_6633,New York,24.05137847728456,2.544347587834781,SHUTDOWN
Node_6634,Cape Town,36.692554170779786,3.512218749399757,MAINTAIN
Node_6635,Cape Town,65.2548629171295,1.8969523590345796,MAINTAIN
Node_6636,New York,74.37176282941867,0.9019297965137354,MAINTAIN
Node_6637,New York,99.81652328937903,3.6158057450414725,MAINTAIN
Node_6638,Cape Town,57.09303884927895,2.1930759658569614,MAINTAIN
Node_6639,Cape Town,65.72901920749189,4.890118640945744,MAINTAIN
Node_6640,London,56.785686582417476,1.841675092040183,MAINTAIN
Node_6641,Cape Town,59.60189690366241,3.0300082639850925,MAINTAIN
Node_6642,Cape Town,37.89630391233128,2.7961452997062595,MAINTAIN
Node_6643,Cape Town,54.48149977066186,1.6749588723723918,MAINTAIN
Node_6644,London,19.623626335308103,0.6058746190978783,SHUTDOWN
Node_6645,New York,87.20600148862687,4.489672450249353,MAINTAIN
Node_6646,New York,48.38411155648736,3.6854225752669993,MAINTAIN
Node_6647,London,54.033161603335266,1.831881207621803,MAINTAIN
Node_6648,New York,64.56394844831578,4.6232836708679885,MAINTAIN
Node_6649,New York,83.9668387462734,3.5387623737415055,MAINTAIN
Node_6650,New York,51.47851066495204,4.04544333418791,MAINTAIN
Node_6651,London,97.80760159732992,2.128857959442909,MAINTAIN
Node_6652,London,94.31626778490916,0.9656378710776805,MAINTAIN
Node_6653,New York,67.69896312547053,2.4487405375258113,MAINTAIN
Node_6654,New York,82.40610435259887,1.2649117041659235,MAINTAIN
Node_6655,Cape Town,53.65428617976649,2.49129730675602,MAINTAIN
Node_6656,Cape Town,75.51792206054701,1.17255322446695,MAINTAIN
Node_6657,London,44.059327518265675,3.907903079188755,MAINTAIN
Node_6658,New York,45.35548562081888,0.8550198326675482,MAINTAIN
Node_6659,London,16.359276447238763,3.259091720379357,SHUTDOWN
Node_6660,London,62.699418279841694,2.803190997467649,MAINTAIN
Node_6661,New York,14.533232126295736,2.7536887784654995,SHUTDOWN
Node_6662,Cape Town,90.7148487253791,3.1282824890957373,MAINTAIN
Node_6663,London,61.74659691749238,2.726172194070181,MAINTAIN
Node_6664,London,98.78624202940131,4.699900344430243,MAINTAIN
Node_6665,Cape Town,52.2286630108702,4.310195160237006,MAINTAIN
Node_6666,London,40.14487802250004,3.518271660108384,MAINTAIN
Node_6667,Cape Town,18.12855363447922,0.8011682622574612,SHUTDOWN
Node_6668,Cape Town,36.74418034878315,1.1273061748406326,MAINTAIN
Node_6669,London,52.93986667526124,4.112644985625399,MAINTAIN
Node_6670,Cape Town,17.188908164617157,1.6994853819025009,SHUTDOWN
Node_6671,London,29.08866444579674,2.4750380474655174,SHUTDOWN
Node_6672,London,78.43984560272283,3.2822793936967827,MAINTAIN
Node_6673,London,26.276360691646673,3.3994122270831952,SHUTDOWN
Node_6674,New York,44.37134621069286,3.4439267234240596,MAINTAIN
Node_6675,Cape Town,85.57683709035973,4.068814917391869,MAINTAIN
Node_6676,Cape Town,78.68173783179816,1.6947254090799795,MAINTAIN
Node_6677,Cape Town,57.90764610117936,2.4814148363808695,MAINTAIN
Node_6678,London,35.52482725078289,3.692527044026156,MAINTAIN
Node_6679,Cape Town,63.07332669219244,4.635374374401163,MAINTAIN
Node_6680,New York,84.11666475770497,2.9599990046119427,MAINTAIN
Node_6681,New York,48.01276993242476,1.1768272457705802,MAINTAIN
Node_6682,London,42.56405284051149,1.2143622001912793,MAINTAIN
Node_6683,New York,21.24602296830904,1.0938166362721686,SHUTDOWN
Node_6684,Cape Town,48.84654449911753,4.218416084523071,MAINTAIN
Node_6685,New York,33.32868089161802,0.6272038620823663,MAINTAIN
Node_6686,London,54.51687759228326,1.371928123265347,MAINTAIN
Node_6687,London,17.477820154333102,3.4194287031899826,SHUTDOWN
Node_6688,New York,51.273952357076276,4.018039462437752,MAINTAIN
Node_6689,New York,33.94535395702277,1.900781912027425,MAINTAIN
Node_6690,London,54.7039653785782,1.0812066887203722,MAINTAIN
Node_6691,Cape Town,82.71759649126231,3.597975939728948,MAINTAIN
Node_6692,New York,17.165754305804516,3.4154985968656297,SHUTDOWN
Node_6693,New York,45.0710374185334,4.610846747129238,MAINTAIN
Node_6694,Cape Town,82.41366311348149,2.1426161661570835,MAINTAIN
Node_6695,London,79.07020820779059,3.2111036487789733,MAINTAIN
Node_6696,New York,96.78996877701472,2.915401363249403,MAINTAIN
Node_6697,Cape Town,48.37175643173207,4.092458670601387,MAINTAIN
Node_6698,New York,81.99840288632967,2.5345983496362554,MAINTAIN
Node_6699,London,72.43167662056692,2.935452204599553,MAINTAIN
Node_6700,London,33.78726235574314,2.3668872410456903,MAINTAIN
Node_6701,London,59.4477339165759,0.6097806075639813,MAINTAIN
Node_6702,Cape Town,58.12160541872653,1.981596372947251,MAINTAIN
Node_6703,New York,76.14529035879889,2.319247207100688,MAINTAIN
Node_6704,New York,36.79490828260174,3.5968779898061545,MAINTAIN
Node_6705,Cape Town,32.89857085754693,4.745132902424975,MAINTAIN
Node_6706,New York,86.947892923136,3.020101739524092,MAINTAIN
Node_6707,New York,63.779933973631735,3.036742899392957,MAINTAIN
Node_6708,London,35.67807174728162,0.9839545950560716,MAINTAIN
Node_6709,New York,86.94103299929677,3.4367689294660977,MAINTAIN
Node_6710,London,84.76115545910892,1.018212107235713,MAINTAIN
Node_6711,Cape Town,32.258545041108604,0.7416221049414109,MAINTAIN
Node_6712,New York,45.9960878027924,2.93022461752937,MAINTAIN
Node_6713,New York,70.41487363275108,1.6047978635672364,MAINTAIN
Node_6714,London,27.808522870622156,0.6894464929599058,SHUTDOWN
Node_6715,Cape Town,14.612930709644992,2.26082963086544,SHUTDOWN
Node_6716,New York,24.145326516619992,1.288985985970224,SHUTDOWN
Node_6717,Cape Town,20.933802051112806,0.6535044192296846,SHUTDOWN
Node_6718,Cape Town,28.45415506194111,2.545781843690708,SHUTDOWN
Node_6719,New York,18.62545181661411,1.54352843612806,SHUTDOWN
Node_6720,Cape Town,60.14053772589333,3.9777787317730953,MAINTAIN
Node_6721,London,59.885232881832685,1.992634866721791,MAINTAIN
Node_6722,New York,87.74230624786063,2.053182402810011,MAINTAIN
Node_6723,London,47.92463716129334,4.5486164453764655,MAINTAIN
Node_6724,London,38.779013195417065,1.1685542593055271,MAINTAIN
Node_6725,Cape Town,65.98650509776901,1.8032081434868676,MAINTAIN
Node_6726,New York,85.78093374189434,1.31639505995648,MAINTAIN
Node_6727,New York,84.46135506884434,4.991779050419181,MAINTAIN
Node_6728,Cape Town,41.35463564708716,4.420663636201265,MAINTAIN
Node_6729,New York,81.67041618304091,1.6618714129708656,MAINTAIN
Node_6730,New York,54.392522499542586,2.7022842629384067,MAINTAIN
Node_6731,Cape Town,12.602102504893622,2.4449900054645655,SHUTDOWN
Node_6732,London,36.728460200703964,4.647002763293704,MAINTAIN
Node_6733,New York,62.17301994845299,3.8803253969159095,MAINTAIN
Node_6734,New York,25.177131097626383,2.2553188114135594,SHUTDOWN
Node_6735,London,11.87530712786905,3.747752236185663,SHUTDOWN
Node_6736,Cape Town,35.632857354326575,4.785378059429793,MAINTAIN
Node_6737,London,29.480819493781375,1.6012389904979654,SHUTDOWN
Node_6738,London,29.849350431074775,3.4694878887574294,SHUTDOWN
Node_6739,London,35.71203224837076,1.1953736086697941,MAINTAIN
Node_6740,Cape Town,48.689895644686885,3.240015768345888,MAINTAIN
Node_6741,London,49.550001240959354,1.1161568688867343,MAINTAIN
Node_6742,London,64.76203703716152,1.72615088988473,MAINTAIN
Node_6743,Cape Town,11.51533970367655,4.405598874660161,SHUTDOWN
Node_6744,London,57.68323913920045,3.053217254179118,MAINTAIN
Node_6745,London,44.83621125667899,1.8582322327019636,MAINTAIN
Node_6746,Cape Town,79.29067549304622,2.5858584914911154,MAINTAIN
Node_6747,Cape Town,52.11811350824654,4.607819208447761,MAINTAIN
Node_6748,Cape Town,58.665565822689665,4.120923328907223,MAINTAIN
Node_6749,Cape Town,21.6473915950515,3.6484309867129547,SHUTDOWN
Node_6750,London,24.888485438145075,4.069691890949892,SHUTDOWN
Node_6751,Cape Town,12.876152098141908,3.586942565840424,SHUTDOWN
Node_6752,London,35.16315401391995,1.0481035545656954,MAINTAIN
Node_6753,Cape Town,92.57281434423729,4.930666293192388,MAINTAIN
Node_6754,Cape Town,16.030849385570473,2.8520011562237757,SHUTDOWN
Node_6755,London,82.70009299169998,0.7525972777330193,MAINTAIN
Node_6756,New York,62.312125636534034,3.0195454872382648,MAINTAIN
Node_6757,London,86.30858228090369,2.171565828413666,MAINTAIN
Node_6758,Cape Town,76.74830478659162,2.0781648717552557,MAINTAIN
Node_6759,New York,37.10663784364496,2.717020007035642,MAINTAIN
Node_6760,Cape Town,25.983236551067314,2.2678791763277504,SHUTDOWN
Node_6761,Cape Town,55.38434717791009,3.817112532057085,MAINTAIN
Node_6762,London,67.00697368700989,3.013182385449131,MAINTAIN
Node_6763,London,54.2374105320739,3.6150294361107616,MAINTAIN
Node_6764,New York,50.77303640543377,3.399310962734896,MAINTAIN
Node_6765,New York,85.54189364984003,2.9815440390699637,MAINTAIN
Node_6766,New York,30.66906137916916,4.58910853443019,MAINTAIN
Node_6767,Cape Town,60.91524620634388,4.651341648749242,MAINTAIN
Node_6768,New York,39.63661394360817,1.1875311339814525,MAINTAIN
Node_6769,New York,31.8881818827982,3.5448021812171775,MAINTAIN
Node_6770,New York,55.33873778199983,3.661421623989556,MAINTAIN
Node_6771,London,89.45795751842175,2.166930360090836,MAINTAIN
Node_6772,Cape Town,11.619817766505737,0.865884613359118,SHUTDOWN
Node_6773,New York,27.00228649963277,4.187717317144433,SHUTDOWN
Node_6774,New York,44.668365544794746,1.3497912174804791,MAINTAIN
Node_6775,Cape Town,89.49135950277447,4.325676358154481,MAINTAIN
Node_6776,Cape Town,43.23744113436351,3.6927940366291097,MAINTAIN
Node_6777,Cape Town,64.06037153179074,1.0397201185423315,MAINTAIN
Node_6778,New York,26.20934863687875,2.5642048631988987,SHUTDOWN
Node_6779,London,50.243694910277036,2.960370535912432,MAINTAIN
Node_6780,New York,31.52008212258132,4.256098118906902,MAINTAIN
Node_6781,London,59.098177609173426,4.911273635483895,MAINTAIN
Node_6782,Cape Town,23.1311046404009,3.1679574583628107,SHUTDOWN
Node_6783,London,79.32314754045915,3.001704952538556,MAINTAIN
Node_6784,London,81.0965898237757,1.2914504202021047,MAINTAIN
Node_6785,New York,12.768886685980057,1.6863620820970187,SHUTDOWN
Node_6786,London,20.978409746272646,3.6471644580207374,SHUTDOWN
Node_6787,Cape Town,55.575035093398725,0.752555520469924,MAINTAIN
Node_6788,Cape Town,33.16390337165855,2.000762386536075,MAINTAIN
Node_6789,Cape Town,46.13343729631187,3.3123800054860935,MAINTAIN
Node_6790,New York,75.05068579540584,0.9493301845780024,MAINTAIN
Node_6791,London,53.371112634729926,3.9791597746391476,MAINTAIN
Node_6792,Cape Town,95.83879678002228,4.828161790886509,MAINTAIN
Node_6793,London,45.76663444771222,4.684240777492641,MAINTAIN
Node_6794,New York,19.40874707785644,4.153894622196171,SHUTDOWN
Node_6795,London,57.805728032736695,2.9755188714473224,MAINTAIN
Node_6796,Cape Town,68.06999333249134,3.854925939979094,MAINTAIN
Node_6797,London,17.415812924706696,4.933845194234263,SHUTDOWN
Node_6798,New York,65.55184541233767,4.552977578185089,MAINTAIN
Node_6799,New York,44.47281524300498,1.9536694936354277,MAINTAIN
Node_6800,Cape Town,52.37290572027302,3.9391254988315136,MAINTAIN
Node_6801,Cape Town,68.21693651635061,2.3331459129375474,MAINTAIN
Node_6802,London,20.649948867828357,2.4723793225490005,SHUTDOWN
Node_6803,London,72.64068220230516,3.9192091318699607,MAINTAIN
Node_6804,New York,62.127411795363855,4.812301492500432,MAINTAIN
Node_6805,Cape Town,96.96627723269143,2.515804809795523,MAINTAIN
Node_6806,New York,56.864092727176576,1.74837082497461,MAINTAIN
Node_6807,New York,93.7034975025433,0.505766626621807,MAINTAIN
Node_6808,New York,89.14143823669305,0.9704884320494389,MAINTAIN
Node_6809,New York,57.06658349679016,2.001703889877721,MAINTAIN
Node_6810,New York,63.66125146642073,1.4303084784471374,MAINTAIN
Node_6811,New York,79.06341757615876,3.096062053692549,MAINTAIN
Node_6812,New York,96.32772992633105,1.5507722198255083,MAINTAIN
Node_6813,New York,33.18622845341811,1.9828366597148712,MAINTAIN
Node_6814,New York,63.92853684888159,2.4696685244585375,MAINTAIN
Node_6815,London,48.42206426940209,2.5821136361655674,MAINTAIN
Node_6816,Cape Town,17.38118716986558,1.8946040161287632,SHUTDOWN
Node_6817,London,88.41298395500914,2.5023688647019084,MAINTAIN
Node_6818,New York,88.59334788005488,3.7068444501606845,MAINTAIN
Node_6819,Cape Town,28.67924509478187,1.692063326447578,SHUTDOWN
Node_6820,Cape Town,39.217509412092326,0.5033552359782574,MAINTAIN
Node_6821,London,87.14353694452561,1.9913354025617243,MAINTAIN
Node_6822,Cape Town,29.96988840495187,3.0740872041127085,SHUTDOWN
Node_6823,New York,82.99717720805724,0.5120312273927683,MAINTAIN
Node_6824,London,72.87738748184836,1.8804749565312544,MAINTAIN
Node_6825,Cape Town,26.024549086567664,2.9292990643574868,SHUTDOWN
Node_6826,London,43.83090562317036,3.1002136720648656,MAINTAIN
Node_6827,London,66.12029830656022,3.8643971474406094,MAINTAIN
Node_6828,New York,60.32967747544447,3.883092221733629,MAINTAIN
Node_6829,New York,55.48953475462281,4.086052039700048,MAINTAIN
Node_6830,Cape Town,56.627948463041484,3.784736824641715,MAINTAIN
Node_6831,London,89.35353127717467,1.4803452579726613,MAINTAIN
Node_6832,New York,99.74017688578344,1.3131025046399325,MAINTAIN
Node_6833,London,94.76634446608763,2.5663623699432017,MAINTAIN
Node_6834,New York,34.37153954804752,3.4715516761371754,MAINTAIN
Node_6835,New York,70.0504183011978,4.402248490267007,MAINTAIN
Node_6836,Cape Town,10.983760441815152,1.4790354984572125,SHUTDOWN
Node_6837,Cape Town,45.87221893095914,3.8191495498737087,MAINTAIN
Node_6838,Cape Town,45.92215257141674,3.1310144061219822,MAINTAIN
Node_6839,London,26.199168058147446,2.2771416881578777,SHUTDOWN
Node_6840,London,26.925617265793107,4.105442359344062,SHUTDOWN
Node_6841,Cape Town,99.3045257567422,0.9815809378716838,MAINTAIN
Node_6842,London,20.89227097285093,1.7938692665117906,SHUTDOWN
Node_6843,London,52.462094926985415,3.932588927951727,MAINTAIN
Node_6844,London,88.97279912204642,2.570398791510998,MAINTAIN
Node_6845,Cape Town,33.16859625483363,4.944806989158165,MAINTAIN
Node_6846,New York,19.822937649519606,4.249119335838668,SHUTDOWN
Node_6847,London,76.06666806149107,4.837733615206296,MAINTAIN
Node_6848,New York,89.69422223559472,4.706805019478293,MAINTAIN
Node_6849,London,15.307712821870945,3.64906891156366,SHUTDOWN
Node_6850,Cape Town,83.93464346315191,4.739621665997938,MAINTAIN
Node_6851,London,68.98213041594819,4.519248136632987,MAINTAIN
Node_6852,London,89.74651547316192,1.0137603963708117,MAINTAIN
Node_6853,Cape Town,88.19569918646054,1.6331769599540875,MAINTAIN
Node_6854,London,41.231934697611905,4.7724401282200715,MAINTAIN
Node_6855,New York,19.069215697828398,4.69103360106148,SHUTDOWN
Node_6856,London,59.174116300251136,3.6373402846499276,MAINTAIN
Node_6857,New York,70.46346424719974,2.5549399311744736,MAINTAIN
Node_6858,London,20.856072194837907,4.0539905627515544,SHUTDOWN
Node_6859,Cape Town,68.1906970595144,3.2701081159236143,MAINTAIN
Node_6860,Cape Town,27.813907439548494,4.883984665638964,SHUTDOWN
Node_6861,Cape Town,60.68846240548185,4.333635155974328,MAINTAIN
Node_6862,London,51.42883888633165,3.2034878862969776,MAINTAIN
Node_6863,London,55.54853293829354,2.5289435331108043,MAINTAIN
Node_6864,London,99.17296211266786,1.900100863169386,MAINTAIN
Node_6865,New York,95.31738204577834,3.3816812788903663,MAINTAIN
Node_6866,Cape Town,58.60022603810611,1.74333296078427,MAINTAIN
Node_6867,Cape Town,58.52475222018594,3.676193198123191,MAINTAIN
Node_6868,New York,22.92986038736729,1.2548942094262125,SHUTDOWN
Node_6869,London,58.37365095786103,3.4292071337163623,MAINTAIN
Node_6870,London,84.44214728392731,4.9692651504197185,MAINTAIN
Node_6871,New York,67.32163222319642,2.100709205505267,MAINTAIN
Node_6872,London,44.53236976756297,1.0179509114631993,MAINTAIN
Node_6873,New York,53.23430192596718,3.286775869112393,MAINTAIN
Node_6874,Cape Town,32.69646091851334,2.74644641255961,MAINTAIN
Node_6875,London,59.08980375214455,3.2700107864946495,MAINTAIN
Node_6876,New York,92.52585163356676,0.673311529259916,MAINTAIN
Node_6877,London,23.520684770402625,1.4924955854423494,SHUTDOWN
Node_6878,London,38.08381094556909,4.980511921096866,MAINTAIN
Node_6879,New York,88.14482850791005,3.1266132962181463,MAINTAIN
Node_6880,New York,94.3173520413578,4.240218455666234,MAINTAIN
Node_6881,New York,41.493739699584225,4.869220522580045,MAINTAIN
Node_6882,London,38.70324010385413,2.7315038572662385,MAINTAIN
Node_6883,London,41.695289339771335,4.186790120941771,MAINTAIN
Node_6884,London,88.42572007162222,2.326880622711117,MAINTAIN
Node_6885,New York,33.67882094056269,3.148932774186518,MAINTAIN
Node_6886,London,44.30585681047628,1.3203521314626954,MAINTAIN
Node_6887,New York,85.77571168183648,1.181211040409978,MAINTAIN
Node_6888,London,46.09134786521946,3.0893420771634714,MAINTAIN
Node_6889,New York,53.1823921084825,1.2999794101705822,MAINTAIN
Node_6890,Cape Town,39.50050961126483,1.0047548690761272,MAINTAIN
Node_6891,Cape Town,58.45290117706403,1.9084633608362789,MAINTAIN
Node_6892,Cape Town,17.27494119380977,2.31184784052514,SHUTDOWN
Node_6893,New York,28.706547159960614,2.1045454016447804,SHUTDOWN
Node_6894,Cape Town,55.731308724287075,2.6051372082594213,MAINTAIN
Node_6895,New York,86.91255796906538,1.0887340546943798,MAINTAIN
Node_6896,New York,96.74917651428089,4.559672268718857,MAINTAIN
Node_6897,New York,74.41183175541393,4.39154093796832,MAINTAIN
Node_6898,New York,50.32369163623996,0.7535974708789077,MAINTAIN
Node_6899,Cape Town,57.51200579691851,1.1738830040016053,MAINTAIN
Node_6900,London,62.999023438437206,0.5311966207639766,MAINTAIN
Node_6901,New York,86.31651752607559,1.8775169966198342,MAINTAIN
Node_6902,London,92.75717143469672,1.475336926563939,MAINTAIN
Node_6903,Cape Town,94.233622253896,1.5184187175002992,MAINTAIN
Node_6904,Cape Town,23.70228750842764,4.404897818133666,SHUTDOWN
Node_6905,Cape Town,30.661959572798914,4.109321813962099,MAINTAIN
Node_6906,New York,12.73450355265199,4.891446182990545,SHUTDOWN
Node_6907,London,96.14335190090951,3.08993734572921,MAINTAIN
Node_6908,New York,45.11894109133218,3.7704369671073645,MAINTAIN
Node_6909,London,63.70147535432506,4.304362407160775,MAINTAIN
Node_6910,New York,70.44867748837011,3.3112515259760755,MAINTAIN
Node_6911,Cape Town,41.225395075269795,1.5426680886684292,MAINTAIN
Node_6912,London,72.86164003213813,4.529405955100886,MAINTAIN
Node_6913,New York,52.669521670988246,2.3340297160452415,MAINTAIN
Node_6914,New York,69.55331618223272,3.54805872867058,MAINTAIN
Node_6915,Cape Town,35.00259549352353,0.8569148343860316,MAINTAIN
Node_6916,London,90.3528258414304,3.200719153146382,MAINTAIN
Node_6917,New York,51.18342624768162,2.42235314853841,MAINTAIN
Node_6918,London,85.29335235747978,3.784665844066594,MAINTAIN
Node_6919,Cape Town,41.98331692906807,0.6997187884280112,MAINTAIN
Node_6920,New York,11.630961793940687,4.50865665166733,SHUTDOWN
Node_6921,New York,98.01074397323103,3.774847707114123,MAINTAIN
Node_6922,Cape Town,67.7533359162474,2.028114990164909,MAINTAIN
Node_6923,New York,99.08910690201549,0.5732480595324672,MAINTAIN
Node_6924,New York,97.87545140573641,3.306464352065038,MAINTAIN
Node_6925,Cape Town,63.96555453125642,0.7022889729781807,MAINTAIN
Node_6926,New York,80.9578230113436,1.5150982557664243,MAINTAIN
Node_6927,Cape Town,16.338932550630624,3.337292771790745,SHUTDOWN
Node_6928,London,77.09249562004028,0.7049174411598143,MAINTAIN
Node_6929,London,56.866195076268845,3.89757696627871,MAINTAIN
Node_6930,New York,90.05991089498747,1.7049251394668845,MAINTAIN
Node_6931,London,60.963408571640905,2.2905859001419326,MAINTAIN
Node_6932,London,59.44361681216384,2.8403466364361476,MAINTAIN
Node_6933,London,17.721497255789586,1.2467660983601085,SHUTDOWN
Node_6934,New York,83.38033948520656,3.3570656833056383,MAINTAIN
Node_6935,Cape Town,57.03850538672054,3.0758435117939458,MAINTAIN
Node_6936,New York,90.4075703239286,4.982153611067186,MAINTAIN
Node_6937,Cape Town,34.878256178587385,1.1722320320412303,MAINTAIN
Node_6938,New York,62.78886276752544,1.0320212711085226,MAINTAIN
Node_6939,New York,33.1758746735635,1.8472721669519852,MAINTAIN
Node_6940,London,82.51203441832473,1.6505622930709352,MAINTAIN
Node_6941,Cape Town,48.970928199047535,2.7198543759369027,MAINTAIN
Node_6942,New York,24.494500262452704,2.055520334975158,SHUTDOWN
Node_6943,London,71.03554262912641,3.1866140621022385,MAINTAIN
Node_6944,London,66.07049591910116,4.438196716272718,MAINTAIN
Node_6945,Cape Town,53.99006876954569,4.692295685493472,MAINTAIN
Node_6946,New York,81.6679838896645,1.552569620198903,MAINTAIN
Node_6947,London,99.97390152591304,4.183199364911437,MAINTAIN
Node_6948,London,63.02122318446975,3.2379659836362595,MAINTAIN
Node_6949,New York,32.280840821787166,0.9510866767410585,MAINTAIN
Node_6950,Cape Town,74.3238805533644,2.076536565442003,MAINTAIN
Node_6951,Cape Town,43.06165788413267,4.062691764069113,MAINTAIN
Node_6952,Cape Town,39.230900698855045,3.346697472377036,MAINTAIN
Node_6953,Cape Town,36.41277875308873,4.967690954419851,MAINTAIN
Node_6954,London,69.50487607870642,3.7162756041243057,MAINTAIN
Node_6955,Cape Town,50.96101126293166,4.1000501514038,MAINTAIN
Node_6956,London,31.456082942811655,2.524113742469033,MAINTAIN
Node_6957,Cape Town,52.67336290490996,0.6559582263988856,MAINTAIN
Node_6958,New York,50.99503280174447,3.2109830268190205,MAINTAIN
Node_6959,New York,33.770778351347985,3.620668707421779,MAINTAIN
Node_6960,New York,49.68383482702499,1.0034941171795089,MAINTAIN
Node_6961,Cape Town,12.214609996016504,2.007264867436094,SHUTDOWN
Node_6962,Cape Town,74.69175669199498,2.785373893339582,MAINTAIN
Node_6963,London,59.41917168520273,4.021393993619642,MAINTAIN
Node_6964,Cape Town,82.55003022585223,3.69585893477194,MAINTAIN
Node_6965,London,45.26200801514756,2.8642510167197326,MAINTAIN
Node_6966,London,17.268060980649032,1.5964992406718024,SHUTDOWN
Node_6967,London,38.40264684886537,4.055263235563915,MAINTAIN
Node_6968,New York,52.82325138215896,4.816082441063059,MAINTAIN
Node_6969,Cape Town,62.42135980139914,2.423210828180924,MAINTAIN
Node_6970,New York,52.60309763959213,2.51635388714523,MAINTAIN
Node_6971,New York,67.67871841918407,0.9862611206940917,MAINTAIN
Node_6972,Cape Town,52.034601010777806,2.1206133521003068,MAINTAIN
Node_6973,London,12.706810078820716,2.259283223456301,SHUTDOWN
Node_6974,London,26.99985272132682,4.772267764098641,SHUTDOWN
Node_6975,New York,50.606330037929034,4.194727359577385,MAINTAIN
Node_6976,London,40.73649243265624,4.674503266658618,MAINTAIN
Node_6977,London,63.023694151461065,3.516747276954199,MAINTAIN
Node_6978,London,27.840334083173083,3.463897823223055,SHUTDOWN
Node_6979,New York,40.754606942840994,2.104489360716676,MAINTAIN
Node_6980,Cape Town,70.27122584112325,3.1296368708608755,MAINTAIN
Node_6981,London,57.0115398968168,2.8200194789780477,MAINTAIN
Node_6982,London,77.44819058502304,3.5610471255291003,MAINTAIN
Node_6983,Cape Town,46.753560807093834,2.393684992059019,MAINTAIN
Node_6984,New York,77.14646081457592,1.2258924168324994,MAINTAIN
Node_6985,London,35.04747780833084,0.6716021550416202,MAINTAIN
Node_6986,New York,29.711557320351222,4.716737854274252,SHUTDOWN
Node_6987,New York,47.55092828584288,2.858008259485205,MAINTAIN
Node_6988,New York,18.555042165376193,1.0477960892706937,SHUTDOWN
Node_6989,New York,16.510361562599,3.5064330733627913,SHUTDOWN
Node_6990,London,27.551961753684605,0.7232145332033957,SHUTDOWN
Node_6991,New York,21.197782826359738,4.596027899875225,SHUTDOWN
Node_6992,Cape Town,19.792927477907128,2.459432137565324,SHUTDOWN
Node_6993,New York,89.37428203118219,2.408829227690113,MAINTAIN
Node_6994,Cape Town,24.831353751685725,2.3494807177674337,SHUTDOWN
Node_6995,New York,91.02635888095828,3.423243495444243,MAINTAIN
Node_6996,Cape Town,46.776236044964094,2.4241213741203773,MAINTAIN
Node_6997,London,69.89934656639457,3.9327344091524505,MAINTAIN
Node_6998,Cape Town,29.670254630661262,1.3181122409202937,SHUTDOWN
Node_6999,London,67.25462003197637,4.409502489247412,MAINTAIN
Node_7000,London,61.00295659615793,3.071844227610544,MAINTAIN
Node_7001,Cape Town,33.16777962180882,3.0842693381251762,MAINTAIN
Node_7002,London,15.179599351854751,4.794377300171698,SHUTDOWN
Node_7003,Cape Town,59.93644602573542,1.3795277405185082,MAINTAIN
Node_7004,Cape Town,98.85128428054016,1.5779849741123058,MAINTAIN
Node_7005,Cape Town,12.339811043774496,4.461843897281542,SHUTDOWN
Node_7006,New York,28.841845735743867,2.3979057097527354,SHUTDOWN
Node_7007,Cape Town,44.034857779906154,4.559589717874563,MAINTAIN
Node_7008,London,77.3110530404624,4.385562222945724,MAINTAIN
Node_7009,London,68.17182440041287,3.1533816099685903,MAINTAIN
Node_7010,Cape Town,52.49464980977507,3.6512165852780987,MAINTAIN
Node_7011,Cape Town,32.333470011860186,2.933150261844396,MAINTAIN
Node_7012,London,14.080776451623937,3.066590936056095,SHUTDOWN
Node_7013,New York,41.72777743316597,3.562425142799885,MAINTAIN
Node_7014,London,90.93035870845542,4.45531865273758,MAINTAIN
Node_7015,London,74.5459336257661,0.7959923215937184,MAINTAIN
Node_7016,Cape Town,13.874320959180972,1.3901855045960114,SHUTDOWN
Node_7017,London,36.12330961428671,2.2570237790996845,MAINTAIN
Node_7018,New York,41.31611724009322,0.9148890827330882,MAINTAIN
Node_7019,London,10.447228962604957,3.2537623595003287,SHUTDOWN
Node_7020,Cape Town,31.94249999639151,1.659612552876537,MAINTAIN
Node_7021,Cape Town,75.77456053367875,4.5677152483657375,MAINTAIN
Node_7022,New York,91.31423092628384,0.9480202468516985,MAINTAIN
Node_7023,New York,45.847377399508005,0.786919044760622,MAINTAIN
Node_7024,London,83.85512206896816,2.4630472444328686,MAINTAIN
Node_7025,Cape Town,25.24717154786406,1.401083388446002,SHUTDOWN
Node_7026,New York,41.18034953711343,3.7532052986017637,MAINTAIN
Node_7027,Cape Town,23.25677871951528,2.76175825781243,SHUTDOWN
Node_7028,New York,60.30005714439207,1.731583180455822,MAINTAIN
Node_7029,London,34.14224494244844,3.5670887405801834,MAINTAIN
Node_7030,London,71.89078383524622,4.212688199576934,MAINTAIN
Node_7031,Cape Town,26.562246668282228,2.5781270422931604,SHUTDOWN
Node_7032,Cape Town,26.755582979778147,3.9473985069541726,SHUTDOWN
Node_7033,Cape Town,15.478184737498895,1.6300389311779186,SHUTDOWN
Node_7034,London,69.35252440704932,2.231924453594184,MAINTAIN
Node_7035,London,77.77711543671606,0.9340324837964307,MAINTAIN
Node_7036,New York,89.43384058922774,0.7899262461595205,MAINTAIN
Node_7037,London,30.229174278382015,4.7001131729551995,MAINTAIN
Node_7038,New York,77.15677858051826,1.706898944614602,MAINTAIN
Node_7039,New York,76.40509014747758,0.9699292679523506,MAINTAIN
Node_7040,London,99.54078259899383,2.277386636161012,MAINTAIN
Node_7041,Cape Town,42.41594120739775,4.303165168776857,MAINTAIN
Node_7042,New York,44.461538501460055,2.2886269852244014,MAINTAIN
Node_7043,New York,69.09217219513283,1.2698674852538743,MAINTAIN
Node_7044,London,92.49149789458143,2.0371142832808236,MAINTAIN
Node_7045,London,60.06488805514853,0.8804913785571846,MAINTAIN
Node_7046,New York,98.40028678239304,4.888199148979931,MAINTAIN
Node_7047,New York,53.13506868208437,3.4031031729183385,MAINTAIN
Node_7048,London,70.61690963625045,1.496672097312288,MAINTAIN
Node_7049,New York,89.99961896834802,4.5677460845675935,MAINTAIN
Node_7050,London,28.656691001803054,1.7203154367593856,SHUTDOWN
Node_7051,London,40.86599984429604,3.207077908196715,MAINTAIN
Node_7052,London,77.66071484371705,3.8789539094112313,MAINTAIN
Node_7053,London,68.2832303857136,0.6928694244640257,MAINTAIN
Node_7054,New York,74.40621423527273,3.2212899137259106,MAINTAIN
Node_7055,New York,79.0232271778772,1.4919697431816443,MAINTAIN
Node_7056,Cape Town,85.41614132590911,2.646175471547651,MAINTAIN
Node_7057,Cape Town,26.319720558755026,2.546249341968267,SHUTDOWN
Node_7058,New York,43.11152924526218,1.6375601553096095,MAINTAIN
Node_7059,New York,92.66901458944996,2.4919421056913054,MAINTAIN
Node_7060,New York,29.94392862755143,3.7557730968224123,SHUTDOWN
Node_7061,Cape Town,25.36892790840829,1.8667204572288412,SHUTDOWN
Node_7062,New York,19.795454064218504,0.6863487288889634,SHUTDOWN
Node_7063,Cape Town,73.1323405590606,4.178770690490758,MAINTAIN
Node_7064,Cape Town,44.34627646637141,1.4613035992718033,MAINTAIN
Node_7065,London,26.310101073771058,1.1574124231851524,SHUTDOWN
Node_7066,London,65.59049875896943,0.6882417265149536,MAINTAIN
Node_7067,Cape Town,62.19970411263456,3.930623201246238,MAINTAIN
Node_7068,New York,22.76520857179128,3.8998168660204025,SHUTDOWN
Node_7069,London,99.91180031958194,3.96555609279469,MAINTAIN
Node_7070,London,81.8928058445863,3.4481838763495976,MAINTAIN
Node_7071,New York,30.495138468770865,0.7488693618479785,MAINTAIN
Node_7072,New York,80.46224095524612,2.645615620394265,MAINTAIN
Node_7073,London,22.14962147883436,2.4313091693064166,SHUTDOWN
Node_7074,New York,51.4044499072453,1.0050348376610394,MAINTAIN
Node_7075,Cape Town,86.00256530323661,2.7550731827523087,MAINTAIN
Node_7076,London,89.30150986063629,2.748844252893806,MAINTAIN
Node_7077,New York,28.190676872406147,3.8331128261111744,SHUTDOWN
Node_7078,London,66.53767589886765,3.277508467978967,MAINTAIN
Node_7079,New York,25.524616174699148,2.5941875680429396,SHUTDOWN
Node_7080,Cape Town,96.78844099950501,4.7557045327187035,MAINTAIN
Node_7081,New York,46.95633745330169,2.646447724090405,MAINTAIN
Node_7082,New York,93.13211840817836,3.826310133094449,MAINTAIN
Node_7083,New York,11.62529219826187,2.644985904535779,SHUTDOWN
Node_7084,London,76.56659100655641,4.522438857441191,MAINTAIN
Node_7085,Cape Town,70.58609854207975,1.997499937343125,MAINTAIN
Node_7086,London,45.933909954107826,0.5603557648599626,MAINTAIN
Node_7087,New York,92.58452089221778,3.037998201439557,MAINTAIN
Node_7088,London,83.51588327532376,1.944925403553145,MAINTAIN
Node_7089,Cape Town,93.33724231178942,1.2612490423945157,MAINTAIN
Node_7090,New York,76.15863172434386,4.060279802148997,MAINTAIN
Node_7091,Cape Town,26.45647557353188,3.3816529711766536,SHUTDOWN
Node_7092,Cape Town,71.8860751792484,4.536413698947401,MAINTAIN
Node_7093,London,66.24362973439332,2.4214447208688368,MAINTAIN
Node_7094,Cape Town,21.090900469485067,2.052217385421123,SHUTDOWN
Node_7095,London,57.3713790451568,1.687036783021746,MAINTAIN
Node_7096,London,42.32168937492809,2.4885181728404855,MAINTAIN
Node_7097,London,52.98292064967243,4.82120043366391,MAINTAIN
Node_7098,New York,63.64662075333451,3.874012300209743,MAINTAIN
Node_7099,New York,96.80733355224427,2.0052209535366505,MAINTAIN
Node_7100,London,12.533400496211542,1.7970529016884207,SHUTDOWN
Node_7101,New York,24.803862104813742,4.084682770940724,SHUTDOWN
Node_7102,London,91.5480397619021,2.035658300263483,MAINTAIN
Node_7103,New York,54.05229889751995,3.2358066343686698,MAINTAIN
Node_7104,New York,79.12669681062069,1.7744811862148584,MAINTAIN
Node_7105,London,76.53458618550643,0.8488235810460747,MAINTAIN
Node_7106,Cape Town,84.484485143396,1.8514166228020532,MAINTAIN
Node_7107,Cape Town,64.11181815233512,3.417960597625981,MAINTAIN
Node_7108,Cape Town,11.21209743764452,3.721719921194708,SHUTDOWN
Node_7109,Cape Town,21.378662589284268,2.5001479387701706,SHUTDOWN
Node_7110,Cape Town,13.993478439671222,4.839225815476529,SHUTDOWN
Node_7111,Cape Town,35.790008500731446,4.419258485379777,MAINTAIN
Node_7112,Cape Town,31.57540212945227,4.026948932306241,MAINTAIN
Node_7113,Cape Town,43.02335307232521,1.5433294471624048,MAINTAIN
Node_7114,Cape Town,64.39035244581937,3.5621142730297786,MAINTAIN
Node_7115,Cape Town,38.13368463888608,4.573438980501486,MAINTAIN
Node_7116,Cape Town,91.64457486289828,4.72437511763162,MAINTAIN
Node_7117,London,69.89638693573565,1.0299600243738345,MAINTAIN
Node_7118,London,10.219785358163717,3.2911012734640153,SHUTDOWN
Node_7119,New York,95.02807353354757,4.739027710715834,MAINTAIN
Node_7120,London,23.67532119260307,1.6451661139520808,SHUTDOWN
Node_7121,Cape Town,63.229919376512754,1.4042862709402855,MAINTAIN
Node_7122,Cape Town,64.23727698878895,2.6826149484206385,MAINTAIN
Node_7123,New York,33.448234710840254,3.6002516275695204,MAINTAIN
Node_7124,Cape Town,25.82209652141376,1.2139427006986692,SHUTDOWN
Node_7125,London,73.68743160669436,2.1912300274756653,MAINTAIN
Node_7126,New York,91.17512191114199,0.8250180986089348,MAINTAIN
Node_7127,New York,53.462125406640496,1.2887230109874075,MAINTAIN
Node_7128,Cape Town,31.748044634352365,2.7122888385004926,MAINTAIN
Node_7129,London,80.87753328061413,1.3884730548928275,MAINTAIN
Node_7130,London,91.64542978193525,1.6195171374391133,MAINTAIN
Node_7131,Cape Town,61.251270006176874,4.55317263203163,MAINTAIN
Node_7132,New York,31.977217056828252,1.585908139582644,MAINTAIN
Node_7133,London,14.826322909272193,4.832389983393758,SHUTDOWN
Node_7134,New York,55.881959144788716,2.550463720592707,MAINTAIN
Node_7135,New York,66.52164792199898,4.162101497922771,MAINTAIN
Node_7136,New York,65.84625287317459,4.757234835629489,MAINTAIN
Node_7137,New York,54.55948939921336,4.761725239179091,MAINTAIN
Node_7138,New York,47.5465638135908,2.4743290876522526,MAINTAIN
Node_7139,New York,43.77185209459895,0.7325159663371503,MAINTAIN
Node_7140,Cape Town,32.3742300986836,4.894161234205338,MAINTAIN
Node_7141,New York,86.41295528351381,0.7273295854123683,MAINTAIN
Node_7142,London,13.082493069951106,3.6515705738169175,SHUTDOWN
Node_7143,New York,68.71772404977938,1.8155158338862591,MAINTAIN
Node_7144,Cape Town,44.64536565470599,1.801316651307069,MAINTAIN
Node_7145,New York,87.30245583865968,3.8745942590691347,MAINTAIN
Node_7146,New York,60.288896322099994,4.245242460675783,MAINTAIN
Node_7147,London,51.39913356010388,2.6882367872983655,MAINTAIN
Node_7148,London,17.654527901967185,4.791246117844423,SHUTDOWN
Node_7149,Cape Town,59.70361608940033,1.4488948666033732,MAINTAIN
Node_7150,New York,31.627824452229504,4.179948708636392,MAINTAIN
Node_7151,London,97.69368315164355,4.85387565319642,MAINTAIN
Node_7152,New York,18.19453711496079,2.237337082973883,SHUTDOWN
Node_7153,New York,92.397894851193,3.3763333670689493,MAINTAIN
Node_7154,London,24.07457609054788,4.91146423895716,SHUTDOWN
Node_7155,London,41.382111890285245,2.900805359797137,MAINTAIN
Node_7156,London,31.401176629835692,2.2017594895759154,MAINTAIN
Node_7157,Cape Town,17.665783234311505,0.9781811406065054,SHUTDOWN
Node_7158,New York,43.16603931131714,3.1604291916352496,MAINTAIN
Node_7159,Cape Town,63.765261795354775,3.036178092144031,MAINTAIN
Node_7160,Cape Town,49.63165022872119,4.626494008291103,MAINTAIN
Node_7161,Cape Town,33.00513993682438,4.4129515254214695,MAINTAIN
Node_7162,Cape Town,82.61605639512635,3.484612077006852,MAINTAIN
Node_7163,London,24.728073390979507,3.363127881789347,SHUTDOWN
Node_7164,Cape Town,35.702069989551866,4.602323381423575,MAINTAIN
Node_7165,New York,34.64909445997828,3.058522186616326,MAINTAIN
Node_7166,London,42.55966549695156,1.2066929157926072,MAINTAIN
Node_7167,Cape Town,27.62486123938302,0.6891777748198492,SHUTDOWN
Node_7168,Cape Town,45.352899370249226,0.5369013339881069,MAINTAIN
Node_7169,London,87.37098440617405,1.767490939484339,MAINTAIN
Node_7170,Cape Town,43.72566526428208,1.4742941331823587,MAINTAIN
Node_7171,New York,42.294665739204575,1.5219515631849474,MAINTAIN
Node_7172,London,23.55409692232521,3.233337933890717,SHUTDOWN
Node_7173,London,49.1613770206213,0.8565347599967079,MAINTAIN
Node_7174,London,18.755811629121514,3.2121924472933507,SHUTDOWN
Node_7175,Cape Town,19.2592881461033,2.2057087120065275,SHUTDOWN
Node_7176,London,30.55860490107299,4.825866311013918,MAINTAIN
Node_7177,New York,79.32811579829709,4.393300510263103,MAINTAIN
Node_7178,Cape Town,14.735809377202225,0.706736391538328,SHUTDOWN
Node_7179,Cape Town,71.09967603381307,3.4262372809229213,MAINTAIN
Node_7180,Cape Town,53.392193611340296,1.555249995583502,MAINTAIN
Node_7181,New York,88.36885851324764,1.5440480919690216,MAINTAIN
Node_7182,Cape Town,30.292397307119447,2.4704593121531633,MAINTAIN
Node_7183,London,19.536351459024036,4.476021584610325,SHUTDOWN
Node_7184,Cape Town,90.65958641108544,3.053463123858253,MAINTAIN
Node_7185,London,76.78556945458995,0.6778605749873908,MAINTAIN
Node_7186,Cape Town,24.335433946147255,4.2714971502343,SHUTDOWN
Node_7187,Cape Town,96.25815764232843,4.8085954520405965,MAINTAIN
Node_7188,Cape Town,80.02872764384364,2.8008780207639026,MAINTAIN
Node_7189,New York,35.310557626724204,2.7350691396230706,MAINTAIN
Node_7190,Cape Town,41.595626508103216,2.490812943432834,MAINTAIN
Node_7191,New York,88.02109142568469,2.04202547279308,MAINTAIN
Node_7192,London,48.96720909469606,2.765576023091012,MAINTAIN
Node_7193,New York,40.41883727704355,2.7946451080534698,MAINTAIN
Node_7194,Cape Town,48.484847412720846,2.7830048244559427,MAINTAIN
Node_7195,New York,74.12617745472063,2.7741432031469477,MAINTAIN
Node_7196,New York,38.6353465648569,1.1181335647744264,MAINTAIN
Node_7197,Cape Town,16.883718486451503,2.7169787973005026,SHUTDOWN
Node_7198,Cape Town,59.3506826318806,3.815202887811835,MAINTAIN
Node_7199,Cape Town,24.112306684580204,1.7421140826500034,SHUTDOWN
Node_7200,New York,73.21708895275069,1.667215060427489,MAINTAIN
Node_7201,Cape Town,51.196703409075816,1.7363819502244753,MAINTAIN
Node_7202,Cape Town,61.3475158687789,3.5598595952714573,MAINTAIN
Node_7203,Cape Town,52.79300878042903,4.054439721281075,MAINTAIN
Node_7204,Cape Town,44.70498111474781,2.3574050162876747,MAINTAIN
Node_7205,London,48.6892368889501,2.834234206295555,MAINTAIN
Node_7206,Cape Town,57.81302388478726,1.3873918681967778,MAINTAIN
Node_7207,London,28.507900716075586,4.262335416836699,SHUTDOWN
Node_7208,New York,62.575937445036494,1.4761636964363252,MAINTAIN
Node_7209,Cape Town,10.297372805324978,1.6261439443565708,SHUTDOWN
Node_7210,Cape Town,50.31551557619443,3.9874663638511874,MAINTAIN
Node_7211,New York,94.43306074030633,1.611754953391708,MAINTAIN
Node_7212,New York,66.3602674537324,3.5228926383375248,MAINTAIN
Node_7213,London,39.83805762841311,2.055787800604125,MAINTAIN
Node_7214,Cape Town,39.779762875689734,2.0613440048622405,MAINTAIN
Node_7215,London,15.144780089945495,4.590630145170779,SHUTDOWN
Node_7216,London,18.459359376494696,2.469169240618987,SHUTDOWN
Node_7217,Cape Town,77.26724774250856,4.479722013561414,MAINTAIN
Node_7218,Cape Town,19.03640594173719,3.827605713722138,SHUTDOWN
Node_7219,London,74.761807001769,0.9947841838390982,MAINTAIN
Node_7220,London,51.86596159547973,2.8538130995485522,MAINTAIN
Node_7221,New York,30.668068473481394,2.587273510059447,MAINTAIN
Node_7222,Cape Town,76.5012500695232,4.3049006703852,MAINTAIN
Node_7223,London,74.11138271446885,2.9782185450563823,MAINTAIN
Node_7224,Cape Town,89.24982151518702,0.5464682846331521,MAINTAIN
Node_7225,New York,91.42192711787966,4.9100769400366095,MAINTAIN
Node_7226,London,80.08496965175785,3.472806881320671,MAINTAIN
Node_7227,New York,39.878790008092395,0.654823189012658,MAINTAIN
Node_7228,New York,50.149670556737014,4.298095380980923,MAINTAIN
Node_7229,New York,46.13354313353479,4.109699398815794,MAINTAIN
Node_7230,London,54.776621639155984,4.865309140952413,MAINTAIN
Node_7231,London,24.516895879887038,1.3065880204683757,SHUTDOWN
Node_7232,London,92.67701072211909,3.5684654994800935,MAINTAIN
Node_7233,New York,50.08522918462976,2.4387584546673358,MAINTAIN
Node_7234,New York,29.515097022308577,2.4928474128759452,SHUTDOWN
Node_7235,London,51.31988918713789,2.0475831930959263,MAINTAIN
Node_7236,London,15.78541771352196,0.6582121968783575,SHUTDOWN
Node_7237,London,10.145803275660208,2.5257282145183284,SHUTDOWN
Node_7238,London,82.10880409389615,1.8129942562045558,MAINTAIN
Node_7239,London,37.19567439198695,3.036070840442141,MAINTAIN
Node_7240,Cape Town,26.438299773829666,4.2112465863013835,SHUTDOWN
Node_7241,Cape Town,83.30489603195953,2.7170878271592405,MAINTAIN
Node_7242,Cape Town,75.54127293022322,1.4761283945507073,MAINTAIN
Node_7243,London,43.20396782931513,3.2252319115491868,MAINTAIN
Node_7244,Cape Town,60.66473924753591,2.540207536474335,MAINTAIN
Node_7245,London,31.149624145862447,2.7875667491186356,MAINTAIN
Node_7246,Cape Town,26.774153458059327,1.274547622193588,SHUTDOWN
Node_7247,London,74.46582319103558,3.4053158360337155,MAINTAIN
Node_7248,Cape Town,47.68969319725748,4.905684123115657,MAINTAIN
Node_7249,London,13.731988043102866,3.705315309622677,SHUTDOWN
Node_7250,New York,46.62084203145684,2.216063377003596,MAINTAIN
Node_7251,London,71.86880160641249,3.5411645877468736,MAINTAIN
Node_7252,Cape Town,18.1751909690761,1.5591092110063371,SHUTDOWN
Node_7253,Cape Town,18.675045019577443,1.829120980298655,SHUTDOWN
Node_7254,London,11.700632264737061,4.536164196974501,SHUTDOWN
Node_7255,Cape Town,56.909496985353535,4.98876261589435,MAINTAIN
Node_7256,Cape Town,61.70899069348325,0.5131781705552567,MAINTAIN
Node_7257,Cape Town,84.54818165899283,3.3435593876669376,MAINTAIN
Node_7258,London,61.332926153441804,3.3059211982309287,MAINTAIN
Node_7259,Cape Town,53.81047364201359,1.6372026267366566,MAINTAIN
Node_7260,London,93.60586576919526,1.571142272924479,MAINTAIN
Node_7261,London,28.459176578612507,1.0145861924302428,SHUTDOWN
Node_7262,New York,90.64299401479306,4.046799079930152,MAINTAIN
Node_7263,Cape Town,57.99806745813385,3.8136536717786513,MAINTAIN
Node_7264,Cape Town,79.55189681375667,3.2573776781615926,MAINTAIN
Node_7265,Cape Town,78.27396533306619,4.308996460772974,MAINTAIN
Node_7266,Cape Town,46.216445638602806,1.4079629977875041,MAINTAIN
Node_7267,New York,14.474002458954203,0.5406662555291357,SHUTDOWN
Node_7268,Cape Town,78.35055882854279,4.737889303798967,MAINTAIN
Node_7269,New York,29.95554058249957,3.207440056803671,SHUTDOWN
Node_7270,New York,94.94520498812618,3.0926442644798575,MAINTAIN
Node_7271,Cape Town,46.87086851897084,3.3948841358041344,MAINTAIN
Node_7272,London,43.91012356377867,2.7763440270838675,MAINTAIN
Node_7273,London,70.0789863505916,2.4555934519940554,MAINTAIN
Node_7274,London,34.81233045697639,1.9902140025758497,MAINTAIN
Node_7275,London,63.14014691036661,1.7267455997393817,MAINTAIN
Node_7276,London,91.10958134200186,1.0687568067129698,MAINTAIN
Node_7277,London,76.49024211041822,2.7539078484673065,MAINTAIN
Node_7278,Cape Town,13.879483470973469,3.031450497484546,SHUTDOWN
Node_7279,London,53.27287804054855,3.6447477194650633,MAINTAIN
Node_7280,New York,83.87146155788437,2.7071890905377853,MAINTAIN
Node_7281,Cape Town,85.9089686561459,1.9324511933318076,MAINTAIN
Node_7282,London,82.55375016624266,1.3046018539380029,MAINTAIN
Node_7283,London,46.82382166933159,3.2653438298105826,MAINTAIN
Node_7284,London,59.62682336878028,3.0239162079484756,MAINTAIN
Node_7285,Cape Town,85.06760979659155,2.4565570388465177,MAINTAIN
Node_7286,New York,46.54111210945581,1.8923260977792373,MAINTAIN
Node_7287,London,16.490413379870105,4.040205447166487,SHUTDOWN
Node_7288,London,62.90411848842331,1.7414478286081168,MAINTAIN
Node_7289,New York,73.63631042915645,0.8778815322696971,MAINTAIN
Node_7290,New York,84.29965895441498,4.386670027721955,MAINTAIN
Node_7291,Cape Town,31.28053604602516,3.308379752093699,MAINTAIN
Node_7292,New York,42.67957741225182,0.7879222336997319,MAINTAIN
Node_7293,Cape Town,50.180581480815654,3.8744818145963067,MAINTAIN
Node_7294,Cape Town,60.85480351173729,0.9973967795960527,MAINTAIN
Node_7295,London,27.499910965238193,2.430497193562443,SHUTDOWN
Node_7296,Cape Town,57.619603707372605,2.429788949915501,MAINTAIN
Node_7297,New York,12.671527906540963,2.712455328193592,SHUTDOWN
Node_7298,New York,16.130812024443657,3.8915641432736003,SHUTDOWN
Node_7299,New York,80.94208661764948,0.8219693287249754,MAINTAIN
Node_7300,New York,77.40111267972715,3.902714285892749,MAINTAIN
Node_7301,New York,35.74526636047892,4.967972732867652,MAINTAIN
Node_7302,New York,21.945485387829947,3.3066294039653807,SHUTDOWN
Node_7303,Cape Town,44.314971795108754,2.647086206971929,MAINTAIN
Node_7304,London,42.166955327570435,4.23522330137186,MAINTAIN
Node_7305,London,97.76483756024605,2.1719782323269303,MAINTAIN
Node_7306,New York,97.94771552456208,1.3519405145369499,MAINTAIN
Node_7307,London,40.65126255136448,3.9184063315732898,MAINTAIN
Node_7308,London,72.23783083221873,3.118021175462715,MAINTAIN
Node_7309,New York,17.632144203159953,4.352504620436804,SHUTDOWN
Node_7310,New York,70.3587842003121,2.3221057241973786,MAINTAIN
Node_7311,London,14.539522550367526,1.8271946372444876,SHUTDOWN
Node_7312,London,85.86397856417611,1.6816452415610237,MAINTAIN
Node_7313,London,49.90340831682131,1.3286528766715975,MAINTAIN
Node_7314,London,19.76145298567012,3.413468251650241,SHUTDOWN
Node_7315,New York,50.463310853114166,3.7514172852800045,MAINTAIN
Node_7316,New York,30.772486510062986,2.6310588747834536,MAINTAIN
Node_7317,New York,17.426549411046537,3.502427787318169,SHUTDOWN
Node_7318,London,89.39834272405399,0.5249237469342567,MAINTAIN
Node_7319,London,18.419038113598475,2.987114317536969,SHUTDOWN
Node_7320,London,95.779980603586,3.382728556762039,MAINTAIN
Node_7321,Cape Town,99.39187175141598,2.9982804234884814,MAINTAIN
Node_7322,London,78.34638430649034,4.789091281082459,MAINTAIN
Node_7323,Cape Town,30.13923535766128,1.4258578058087097,MAINTAIN
Node_7324,London,37.96889252011569,1.187525002379631,MAINTAIN
Node_7325,New York,29.212859020323506,1.3107519729670758,SHUTDOWN
Node_7326,New York,10.127025658378175,1.0321154712284195,SHUTDOWN
Node_7327,Cape Town,47.587359844661506,2.9183772631017484,MAINTAIN
Node_7328,Cape Town,13.41346046760918,3.6121650749923786,SHUTDOWN
Node_7329,Cape Town,32.071828171891994,3.537011171690568,MAINTAIN
Node_7330,London,79.01691214459458,4.195283064661625,MAINTAIN
Node_7331,New York,71.69036851776734,0.709355973704582,MAINTAIN
Node_7332,Cape Town,29.291397118869238,4.167720689600233,SHUTDOWN
Node_7333,New York,80.36287841758343,1.5657728629413852,MAINTAIN
Node_7334,London,87.59419855935984,0.8664232170437198,MAINTAIN
Node_7335,London,72.35990309930256,0.6014679370136815,MAINTAIN
Node_7336,Cape Town,45.26509537077583,1.0451369444286522,MAINTAIN
Node_7337,Cape Town,67.82684213104753,1.6796518745929112,MAINTAIN
Node_7338,Cape Town,26.776658726974187,4.228356629186171,SHUTDOWN
Node_7339,New York,80.45749175072099,2.794339377106601,MAINTAIN
Node_7340,Cape Town,62.40550963472833,1.1043141782037076,MAINTAIN
Node_7341,London,44.04816813290695,3.9430247553262077,MAINTAIN
Node_7342,New York,11.684330566357438,4.5997231610770895,SHUTDOWN
Node_7343,Cape Town,52.581602146198954,2.3611510249056087,MAINTAIN
Node_7344,Cape Town,71.78113632867203,3.9927723093052228,MAINTAIN
Node_7345,Cape Town,67.52677465607708,1.4158712432416896,MAINTAIN
Node_7346,Cape Town,88.89203125850418,1.0410051730724006,MAINTAIN
Node_7347,London,66.39507426377841,1.7679278836588093,MAINTAIN
Node_7348,London,38.92390037553125,3.703450994293731,MAINTAIN
Node_7349,Cape Town,26.394894725636917,4.518865914538214,SHUTDOWN
Node_7350,Cape Town,82.6166010864424,3.839843554622769,MAINTAIN
Node_7351,New York,69.42961764812459,3.426849388821215,MAINTAIN
Node_7352,Cape Town,79.70022801136328,3.1831194255929294,MAINTAIN
Node_7353,London,45.800174089236386,4.964831936015013,MAINTAIN
Node_7354,New York,92.58586272595178,2.3747114207459505,MAINTAIN
Node_7355,London,54.86217516230349,4.407710396527316,MAINTAIN
Node_7356,London,58.243914346991076,1.3856860786623948,MAINTAIN
Node_7357,New York,19.42552192696221,3.1401841438453983,SHUTDOWN
Node_7358,New York,97.02022368982065,4.950628363098985,MAINTAIN
Node_7359,London,19.10434576524176,2.184940617291815,SHUTDOWN
Node_7360,London,96.74120804023931,4.837945246243892,MAINTAIN
Node_7361,London,42.832926480028306,3.468862170106638,MAINTAIN
Node_7362,London,79.8845934629739,2.1237480435636003,MAINTAIN
Node_7363,London,40.30221055960971,4.075139616235614,MAINTAIN
Node_7364,New York,64.36697646816444,4.3314031207034045,MAINTAIN
Node_7365,Cape Town,56.533274814353696,1.3087832662956478,MAINTAIN
Node_7366,Cape Town,56.858162513754564,2.652278361104576,MAINTAIN
Node_7367,New York,99.12554283964158,4.767808292860854,MAINTAIN
Node_7368,New York,79.46465940265401,3.313748465661833,MAINTAIN
Node_7369,New York,10.391701910293502,0.8202937276328908,SHUTDOWN
Node_7370,New York,62.550580093477535,0.6068803496321875,MAINTAIN
Node_7371,London,48.61714905742421,1.3380662665761411,MAINTAIN
Node_7372,New York,33.61080392608553,2.0282322672860658,MAINTAIN
Node_7373,Cape Town,96.02135087305611,1.4350562515214582,MAINTAIN
Node_7374,London,62.20916080299731,1.291201045025245,MAINTAIN
Node_7375,London,35.663778472020375,0.7603062965772532,MAINTAIN
Node_7376,London,92.60034663767455,4.238062685401269,MAINTAIN
Node_7377,London,28.31184368926078,2.646836865791383,SHUTDOWN
Node_7378,Cape Town,35.233986029156384,4.436613072224002,MAINTAIN
Node_7379,London,86.97475699696156,2.8613308477123387,MAINTAIN
Node_7380,London,28.969118866048035,4.251028441076295,SHUTDOWN
Node_7381,Cape Town,88.60697263298508,2.3653417925941547,MAINTAIN
Node_7382,Cape Town,78.19508561334364,2.7711601995468054,MAINTAIN
Node_7383,New York,47.04621897265204,1.0410637839163952,MAINTAIN
Node_7384,London,90.52924345216844,2.776254193745654,MAINTAIN
Node_7385,Cape Town,77.16372011163557,4.042690042786054,MAINTAIN
Node_7386,New York,39.142593594209664,3.3384349357367267,MAINTAIN
Node_7387,London,13.49943413622404,2.1124728864967808,SHUTDOWN
Node_7388,Cape Town,34.52618550409477,2.164447110458654,MAINTAIN
Node_7389,London,65.63282360933313,1.4118699264285826,MAINTAIN
Node_7390,New York,38.74012204851819,2.8899264173762824,MAINTAIN
Node_7391,Cape Town,11.588320873009994,1.8486179377277812,SHUTDOWN
Node_7392,London,83.57448324827384,2.885509084470112,MAINTAIN
Node_7393,Cape Town,97.34164385432794,1.5638604532600482,MAINTAIN
Node_7394,London,42.00625367596064,4.219348661459872,MAINTAIN
Node_7395,New York,39.70913866448099,3.0458524741500326,MAINTAIN
Node_7396,Cape Town,97.07998536220562,3.713261507250106,MAINTAIN
Node_7397,London,60.57912327988506,3.043727838757623,MAINTAIN
Node_7398,London,38.862703232459424,4.04860354105061,MAINTAIN
Node_7399,Cape Town,74.31201522077313,2.1002545660183354,MAINTAIN
Node_7400,New York,56.12977371381484,1.5063444439696103,MAINTAIN
Node_7401,London,58.8183218028823,4.948410121841264,MAINTAIN
Node_7402,Cape Town,26.437703772000596,2.7271522777527646,SHUTDOWN
Node_7403,London,41.61776564749154,1.4381203952882258,MAINTAIN
Node_7404,New York,91.16341978702397,4.980904950076785,MAINTAIN
Node_7405,Cape Town,55.65165419735944,1.7036709832948063,MAINTAIN
Node_7406,London,48.156098264782806,4.009019293584093,MAINTAIN
Node_7407,Cape Town,88.92163546033535,4.758306972812351,MAINTAIN
Node_7408,New York,67.11790892986696,3.3738373919979177,MAINTAIN
Node_7409,New York,33.25975512203448,2.6302701411875757,MAINTAIN
Node_7410,Cape Town,45.32875970870917,2.636699069331943,MAINTAIN
Node_7411,Cape Town,21.695227071638392,4.995282296486607,SHUTDOWN
Node_7412,Cape Town,97.64062743499153,2.7032118481419953,MAINTAIN
Node_7413,New York,28.64444559123148,4.151329484566801,SHUTDOWN
Node_7414,New York,48.35378016190136,3.8492727683659305,MAINTAIN
Node_7415,Cape Town,38.10553110415766,0.6694127499144973,MAINTAIN
Node_7416,New York,79.57979070627033,0.9981678765309272,MAINTAIN
Node_7417,New York,25.599081489647112,2.249623123390392,SHUTDOWN
Node_7418,Cape Town,57.19608200673514,1.9938007609250106,MAINTAIN
Node_7419,Cape Town,67.25489068688113,3.933721441213668,MAINTAIN
Node_7420,New York,86.22342007490379,3.042206092705167,MAINTAIN
Node_7421,New York,40.20721818814549,4.993839735012453,MAINTAIN
Node_7422,London,26.614325587547032,0.6433571944768052,SHUTDOWN
Node_7423,Cape Town,98.14666714084005,4.7193288704028316,MAINTAIN
Node_7424,Cape Town,30.814740803806735,3.754644834955883,MAINTAIN
Node_7425,London,41.64714309844988,0.6380760660973567,MAINTAIN
Node_7426,Cape Town,55.01423795580884,0.6166379942615814,MAINTAIN
Node_7427,Cape Town,96.83082641217993,4.238834288725773,MAINTAIN
Node_7428,London,77.65386803252856,0.6703779393924585,MAINTAIN
Node_7429,London,72.4937665901142,4.700711891353273,MAINTAIN
Node_7430,London,36.29803013046856,0.7188190497142322,MAINTAIN
Node_7431,New York,62.755449611078355,2.563052153359278,MAINTAIN
Node_7432,Cape Town,98.60020216208538,4.737216374197364,MAINTAIN
Node_7433,Cape Town,70.3815547670768,1.3794865793610038,MAINTAIN
Node_7434,London,44.29637212609789,3.4726781860940426,MAINTAIN
Node_7435,Cape Town,37.16730468152207,3.108112478332307,MAINTAIN
Node_7436,London,79.56374515959808,3.539837062669786,MAINTAIN
Node_7437,Cape Town,14.123641619292918,1.8411047808520935,SHUTDOWN
Node_7438,Cape Town,28.80568257234342,4.53979938027357,SHUTDOWN
Node_7439,London,83.46963760182035,2.3092183633061465,MAINTAIN
Node_7440,London,35.98306721894346,2.5067159600484956,MAINTAIN
Node_7441,New York,41.08593340798362,1.204030125337374,MAINTAIN
Node_7442,Cape Town,68.02892532982449,2.1582050973998057,MAINTAIN
Node_7443,Cape Town,43.585245143604304,1.4519132855562746,MAINTAIN
Node_7444,London,13.587685964865617,4.584009332301639,SHUTDOWN
Node_7445,London,62.366822347021554,2.2137849164803423,MAINTAIN
Node_7446,London,40.49982940272036,3.565940319574373,MAINTAIN
Node_7447,Cape Town,60.30368240950729,3.629459218607651,MAINTAIN
Node_7448,London,75.38928787623934,3.4911090961178077,MAINTAIN
Node_7449,London,50.828596890611195,2.8562340149057293,MAINTAIN
Node_7450,London,94.34896447854511,2.2174520121842978,MAINTAIN
Node_7451,Cape Town,36.83225417491957,3.6648653871271955,MAINTAIN
Node_7452,New York,91.96882443482477,4.5077812363991905,MAINTAIN
Node_7453,Cape Town,19.41590852732532,1.2546650436803781,SHUTDOWN
Node_7454,London,31.909145741534207,3.3073762862045313,MAINTAIN
Node_7455,New York,54.024831408691476,4.141206451782509,MAINTAIN
Node_7456,New York,92.45990682594069,1.904808806891518,MAINTAIN
Node_7457,London,23.33046412887945,4.055855200154093,SHUTDOWN
Node_7458,London,55.97882606325668,4.655789359806546,MAINTAIN
Node_7459,London,19.82107271381801,3.210450120353829,SHUTDOWN
Node_7460,Cape Town,39.42609258539274,4.464583251699555,MAINTAIN
Node_7461,London,69.78275520230844,0.9039939737483641,MAINTAIN
Node_7462,London,38.95485910091875,4.313670065247937,MAINTAIN
Node_7463,Cape Town,49.64517883772163,1.6947424667480795,MAINTAIN
Node_7464,Cape Town,84.09002919747722,1.1231605766605979,MAINTAIN
Node_7465,Cape Town,75.36998865932752,0.6879424882057726,MAINTAIN
Node_7466,New York,55.126121028178936,2.1645624105989043,MAINTAIN
Node_7467,Cape Town,94.2853197428475,4.003882300682102,MAINTAIN
Node_7468,London,57.25402635625305,4.026137093577638,MAINTAIN
Node_7469,Cape Town,32.57617082530357,4.8267174733721445,MAINTAIN
Node_7470,London,12.265228527519717,2.805785229473987,SHUTDOWN
Node_7471,Cape Town,89.63038210003818,1.6131484481981384,MAINTAIN
Node_7472,Cape Town,77.89476573405254,3.0033880351440505,MAINTAIN
Node_7473,London,69.88799036598587,4.1264981252187045,MAINTAIN
Node_7474,New York,43.80544671071531,4.558009072217117,MAINTAIN
Node_7475,London,18.28387212990325,1.4722937736831052,SHUTDOWN
Node_7476,New York,10.182384252626171,4.702255748587633,SHUTDOWN
Node_7477,London,29.54866429026698,1.3595086964195002,SHUTDOWN
Node_7478,London,94.52013985959802,3.8453857747509406,MAINTAIN
Node_7479,London,64.44044225843668,2.691997471177623,MAINTAIN
Node_7480,Cape Town,36.84363195205229,4.700022563589454,MAINTAIN
Node_7481,Cape Town,85.1344130079076,3.397754529674451,MAINTAIN
Node_7482,London,13.129123747595246,0.8274622186659949,SHUTDOWN
Node_7483,London,74.7639129695029,3.376842573717459,MAINTAIN
Node_7484,New York,71.97324316386826,3.802463804527226,MAINTAIN
Node_7485,London,23.303363102350175,3.0225406301414584,SHUTDOWN
Node_7486,Cape Town,84.63932011107333,1.987549938573769,MAINTAIN
Node_7487,London,25.02089490216599,3.34920333663068,SHUTDOWN
Node_7488,New York,53.64162630236405,3.8215050492569724,MAINTAIN
Node_7489,London,60.39676728011875,1.6838594476665518,MAINTAIN
Node_7490,London,78.35806661357164,1.910771640908778,MAINTAIN
Node_7491,London,39.4619102798396,3.0726230421852074,MAINTAIN
Node_7492,New York,45.970030687190494,4.749366845488791,MAINTAIN
Node_7493,London,24.182451995860262,1.178795656504909,SHUTDOWN
Node_7494,New York,68.25556505545102,2.0916733673477084,MAINTAIN
Node_7495,Cape Town,12.003088052234556,3.7873808967680165,SHUTDOWN
Node_7496,London,37.62396580685815,4.919507533341692,MAINTAIN
Node_7497,New York,67.06634590720654,0.6104228860464428,MAINTAIN
Node_7498,Cape Town,43.63544409711287,2.4325383188349723,MAINTAIN
Node_7499,New York,12.216857615641612,2.6254638561152417,SHUTDOWN
Node_7500,New York,71.8611222596083,3.1499933188008806,MAINTAIN
Node_7501,New York,58.30687927498257,1.6570227763298675,MAINTAIN
Node_7502,New York,50.48440422316589,4.676215193339109,MAINTAIN
Node_7503,Cape Town,20.00382100873546,0.99935628227462,SHUTDOWN
Node_7504,Cape Town,26.222358711673753,2.0576735911572346,SHUTDOWN
Node_7505,Cape Town,96.51505074671319,4.047299668083753,MAINTAIN
Node_7506,New York,47.39629042270658,4.397370083235984,MAINTAIN
Node_7507,London,59.32233253410756,2.8882418670507874,MAINTAIN
Node_7508,Cape Town,64.4762253527801,1.029830412646893,MAINTAIN
Node_7509,New York,76.92339046648672,3.1220181256295727,MAINTAIN
Node_7510,Cape Town,81.27547412182668,1.7974507140111144,MAINTAIN
Node_7511,London,65.66507966161342,3.837638115640026,MAINTAIN
Node_7512,London,28.181683112181254,4.355819188150855,SHUTDOWN
Node_7513,Cape Town,36.036257370045064,3.826558404897585,MAINTAIN
Node_7514,New York,56.48659304262204,3.829195829866103,MAINTAIN
Node_7515,Cape Town,65.8741613166426,2.500304332936258,MAINTAIN
Node_7516,New York,82.79046642528013,3.858338862797452,MAINTAIN
Node_7517,Cape Town,38.04929549369874,0.9861169803882656,MAINTAIN
Node_7518,New York,30.148031190273464,3.2133270840657824,MAINTAIN
Node_7519,Cape Town,80.30152736616948,1.1475731982246158,MAINTAIN
Node_7520,London,20.258281233217538,2.2672463739778657,SHUTDOWN
Node_7521,Cape Town,26.71162967253273,1.2895282758900213,SHUTDOWN
Node_7522,Cape Town,24.83958319990275,0.8096528248740729,SHUTDOWN
Node_7523,Cape Town,69.21109392985778,0.5280046169672776,MAINTAIN
Node_7524,Cape Town,30.491081608486837,3.606949365952743,MAINTAIN
Node_7525,New York,29.425113521690438,0.5441527571167968,SHUTDOWN
Node_7526,Cape Town,72.59282517658428,0.8544582831207662,MAINTAIN
Node_7527,London,98.99304636418752,3.615331234607321,MAINTAIN
Node_7528,London,41.21393950283559,1.9652876066239893,MAINTAIN
Node_7529,Cape Town,41.83104658140765,2.2193071922295706,MAINTAIN
Node_7530,Cape Town,47.51838245884998,1.851463618565575,MAINTAIN
Node_7531,New York,59.57963246925107,4.338289637050735,MAINTAIN
Node_7532,Cape Town,82.99516154431797,4.143003231553253,MAINTAIN
Node_7533,New York,89.72314592443176,3.5573768244217105,MAINTAIN
Node_7534,New York,59.50833034694362,3.8522911183630963,MAINTAIN
Node_7535,New York,67.6070886409785,2.1656180391058206,MAINTAIN
Node_7536,New York,75.76660825119502,3.3894738180678123,MAINTAIN
Node_7537,London,21.56555082050563,3.0793345239496475,SHUTDOWN
Node_7538,London,88.8298661429117,3.0253435221942295,MAINTAIN
Node_7539,New York,39.64367515085662,4.881748745436193,MAINTAIN
Node_7540,New York,31.28792383553412,1.826819846754466,MAINTAIN
Node_7541,London,55.77010038751574,1.613553993188882,MAINTAIN
Node_7542,Cape Town,57.57200647792894,3.0288680329690516,MAINTAIN
Node_7543,London,31.830141995591234,3.225167488552457,MAINTAIN
Node_7544,Cape Town,38.26817060550799,2.3719102771639697,MAINTAIN
Node_7545,New York,34.30703203407419,0.6128158906873535,MAINTAIN
Node_7546,Cape Town,62.65382104607092,2.8423738026494196,MAINTAIN
Node_7547,London,14.874250314484586,4.487525785548844,SHUTDOWN
Node_7548,New York,74.6999266000198,2.5743350615559635,MAINTAIN
Node_7549,London,93.13418976556454,1.161223410145179,MAINTAIN
Node_7550,Cape Town,93.15848718504039,2.5651239662537746,MAINTAIN
Node_7551,Cape Town,32.60488434952376,0.5017210065889864,MAINTAIN
Node_7552,New York,86.09645287830355,0.887184111637536,MAINTAIN
Node_7553,Cape Town,34.91814383339464,1.9537544791069883,MAINTAIN
Node_7554,Cape Town,85.93019034640292,1.0565672492595113,MAINTAIN
Node_7555,New York,87.12031075733454,1.6936460543724754,MAINTAIN
Node_7556,New York,15.014329651334265,0.7258982235025024,SHUTDOWN
Node_7557,Cape Town,19.682166667488758,4.687933512813247,SHUTDOWN
Node_7558,New York,26.252550754798172,2.6687522981833736,SHUTDOWN
Node_7559,London,85.03524248945314,3.03987068001053,MAINTAIN
Node_7560,New York,12.358264201265026,2.7118535683223524,SHUTDOWN
Node_7561,Cape Town,43.74596888824535,1.7746486289402474,MAINTAIN
Node_7562,Cape Town,42.51913933602313,4.462293742369003,MAINTAIN
Node_7563,New York,79.56750409874985,1.4489096336036638,MAINTAIN
Node_7564,New York,48.70235935986804,1.9810965233894908,MAINTAIN
Node_7565,Cape Town,45.19243591166457,2.8041433916148213,MAINTAIN
Node_7566,Cape Town,14.285495291906523,1.0394725691269957,SHUTDOWN
Node_7567,Cape Town,44.08882158624767,4.868889901051353,MAINTAIN
Node_7568,Cape Town,36.67338036938392,2.461619233717525,MAINTAIN
Node_7569,New York,83.92023539468734,1.8918606881874758,MAINTAIN
Node_7570,London,89.00218376041828,2.202840632964655,MAINTAIN
Node_7571,New York,29.76947936412298,3.129476795362123,SHUTDOWN
Node_7572,Cape Town,43.828370557403176,2.0130783169668844,MAINTAIN
Node_7573,New York,49.34214728934209,1.468106699061239,MAINTAIN
Node_7574,London,30.07303024127676,2.8483612287676,MAINTAIN
Node_7575,Cape Town,11.276796286948734,1.8138792802776087,SHUTDOWN
Node_7576,New York,53.684694492173364,2.582121413448888,MAINTAIN
Node_7577,New York,56.7757990575183,3.9034785300776553,MAINTAIN
Node_7578,New York,57.60951217384352,2.0036175599836907,MAINTAIN
Node_7579,Cape Town,73.50007754830813,1.0822913957858757,MAINTAIN
Node_7580,New York,24.354433372446678,3.850117593046448,SHUTDOWN
Node_7581,London,77.1422923589643,3.9863693017712265,MAINTAIN
Node_7582,Cape Town,26.42307986532139,1.6845160775447152,SHUTDOWN
Node_7583,New York,71.43591316414492,3.8592738705319913,MAINTAIN
Node_7584,New York,84.73926213755374,2.9858898594638434,MAINTAIN
Node_7585,New York,56.52660220294541,2.2015782129608654,MAINTAIN
Node_7586,New York,64.10150539712807,1.5121137636314295,MAINTAIN
Node_7587,New York,49.118173055434006,1.9293802296397558,MAINTAIN
Node_7588,London,26.431740782934373,1.1151914793065483,SHUTDOWN
Node_7589,London,72.32096320007025,3.9886096898601533,MAINTAIN
Node_7590,London,71.9419849186051,4.8800751911949645,MAINTAIN
Node_7591,New York,53.329560675670564,3.4579448372868007,MAINTAIN
Node_7592,London,15.75032081906871,3.9725931839431943,SHUTDOWN
Node_7593,Cape Town,44.172717368084754,4.003687969717191,MAINTAIN
Node_7594,London,67.39350881374929,4.061458678436967,MAINTAIN
Node_7595,New York,76.04151827900083,1.4939342456092093,MAINTAIN
Node_7596,London,35.327948108136056,1.2864034003903313,MAINTAIN
Node_7597,London,52.53906059590363,0.9630576510331235,MAINTAIN
Node_7598,New York,60.86973093068038,2.414207253378692,MAINTAIN
Node_7599,Cape Town,10.71188359959806,3.2703851356142373,SHUTDOWN
Node_7600,New York,71.370959399987,2.2915623908951157,MAINTAIN
Node_7601,London,75.36583029571196,2.224861410530282,MAINTAIN
Node_7602,New York,98.23985221607266,2.649454900742932,MAINTAIN
Node_7603,Cape Town,17.63869538868949,3.006172654051434,SHUTDOWN
Node_7604,New York,44.53922154594423,1.1562877112189027,MAINTAIN
Node_7605,New York,26.48229910833821,2.556373172353876,SHUTDOWN
Node_7606,Cape Town,25.032995869817167,3.4208686140943785,SHUTDOWN
Node_7607,New York,81.36478109337943,0.7271618714049963,MAINTAIN
Node_7608,New York,72.36473328671332,1.028741352055728,MAINTAIN
Node_7609,Cape Town,81.5828864306916,3.6672427200473967,MAINTAIN
Node_7610,London,24.500966312263962,1.8232807374753568,SHUTDOWN
Node_7611,Cape Town,37.18303765605292,1.8497419492110572,MAINTAIN
Node_7612,Cape Town,68.39409615535727,3.4474748107752458,MAINTAIN
Node_7613,Cape Town,64.28778372478199,3.120793202532665,MAINTAIN
Node_7614,New York,76.74282639386131,1.1166860063760502,MAINTAIN
Node_7615,London,41.10340107302915,2.507236889703345,MAINTAIN
Node_7616,Cape Town,76.46265529692725,1.655489348421823,MAINTAIN
Node_7617,Cape Town,47.6399334822415,4.9352164698037315,MAINTAIN
Node_7618,New York,55.55073297146531,1.5003942581106835,MAINTAIN
Node_7619,London,68.92406855612484,4.503581211974582,MAINTAIN
Node_7620,New York,16.326146345825535,3.468817892902604,SHUTDOWN
Node_7621,London,66.05309742956106,1.6699916444234604,MAINTAIN
Node_7622,New York,51.78947090275321,4.143264810606517,MAINTAIN
Node_7623,London,13.57297653434189,3.074083728258752,SHUTDOWN
Node_7624,London,24.527702294833965,3.7528055264166365,SHUTDOWN
Node_7625,London,87.31180110506219,4.309836484661485,MAINTAIN
Node_7626,London,64.87046365876608,4.187635012166234,MAINTAIN
Node_7627,Cape Town,40.41143598196555,0.9310879448403855,MAINTAIN
Node_7628,London,40.51343439845786,3.1094265386135067,MAINTAIN
Node_7629,Cape Town,70.53693482196681,2.7130415136540744,MAINTAIN
Node_7630,Cape Town,96.58013780679597,2.7573932193935637,MAINTAIN
Node_7631,London,23.414458798593394,3.491377710475758,SHUTDOWN
Node_7632,New York,13.244359762477487,1.238504850196844,SHUTDOWN
Node_7633,London,94.04947752386956,4.0233288238494005,MAINTAIN
Node_7634,London,44.11046323432137,0.7392761438023916,MAINTAIN
Node_7635,London,46.668219079168196,1.7796052668199922,MAINTAIN
Node_7636,London,99.99802686647078,3.8189439258086746,MAINTAIN
Node_7637,London,85.50737651853395,3.381448703631248,MAINTAIN
Node_7638,London,18.11243276449224,3.3029844961532824,SHUTDOWN
Node_7639,Cape Town,72.47979765916274,1.3888517404943803,MAINTAIN
Node_7640,London,65.8419147482582,3.7743814348211697,MAINTAIN
Node_7641,Cape Town,53.7615063234939,2.6276187827618247,MAINTAIN
Node_7642,London,27.024261527586393,3.292967098274772,SHUTDOWN
Node_7643,London,90.4054202076976,4.351219585845687,MAINTAIN
Node_7644,New York,47.804421088132095,4.6575426225924,MAINTAIN
Node_7645,New York,43.128993521923,3.8600016219839444,MAINTAIN
Node_7646,Cape Town,68.1567427361035,4.416186709667041,MAINTAIN
Node_7647,London,43.16693109702421,1.622158995857777,MAINTAIN
Node_7648,London,32.582858589627946,4.4001425910989855,MAINTAIN
Node_7649,London,89.30670810352001,4.412830087975462,MAINTAIN
Node_7650,Cape Town,90.10365418213625,1.7615078543658638,MAINTAIN
Node_7651,London,35.064628467828655,0.5899167128324458,MAINTAIN
Node_7652,New York,14.233982166807287,1.3060027188747159,SHUTDOWN
Node_7653,Cape Town,96.95451789800619,4.4579263210245195,MAINTAIN
Node_7654,New York,39.53491736782001,4.024196399519714,MAINTAIN
Node_7655,Cape Town,14.472371460998211,3.236710538138129,SHUTDOWN
Node_7656,London,30.472292928929797,2.4111567148106117,MAINTAIN
Node_7657,London,34.31780734301472,2.0737334274146635,MAINTAIN
Node_7658,Cape Town,60.80586133382401,1.6996067968724455,MAINTAIN
Node_7659,Cape Town,77.22956556441214,0.88325488839449,MAINTAIN
Node_7660,New York,77.26624820072837,4.653533844197096,MAINTAIN
Node_7661,Cape Town,20.642760955174225,3.263466995528482,SHUTDOWN
Node_7662,London,88.11757759051973,3.524314734720359,MAINTAIN
Node_7663,London,35.106527074668364,3.886947810221819,MAINTAIN
Node_7664,Cape Town,83.30543901616758,0.6987618349837851,MAINTAIN
Node_7665,Cape Town,66.117865496532,1.2816285290154745,MAINTAIN
Node_7666,Cape Town,65.41376150155533,2.6251151886772917,MAINTAIN
Node_7667,New York,16.72885090972797,4.250932332461108,SHUTDOWN
Node_7668,London,50.36963141444339,1.7143837802977628,MAINTAIN
Node_7669,New York,56.699263297920794,3.4087344801185493,MAINTAIN
Node_7670,London,70.63675054349086,0.6808009502060742,MAINTAIN
Node_7671,New York,55.037348292637716,1.4892159279742587,MAINTAIN
Node_7672,Cape Town,68.90587435534086,1.9379888523085973,MAINTAIN
Node_7673,New York,98.7724853009628,1.1386910622178483,MAINTAIN
Node_7674,New York,20.880612565910198,4.234164926332959,SHUTDOWN
Node_7675,New York,35.99487022792881,4.315483262359503,MAINTAIN
Node_7676,Cape Town,34.86077894436747,3.6519508700880627,MAINTAIN
Node_7677,London,51.28652600904157,3.9428338428714085,MAINTAIN
Node_7678,London,53.7180072736749,4.835178357059945,MAINTAIN
Node_7679,New York,96.7777891069497,4.32903884869565,MAINTAIN
Node_7680,London,81.13234430877897,0.5791645975430443,MAINTAIN
Node_7681,Cape Town,82.59380745596258,3.0133493651180205,MAINTAIN
Node_7682,London,28.316411010269427,0.6681033464082536,SHUTDOWN
Node_7683,New York,34.569813811308165,4.737066828018603,MAINTAIN
Node_7684,London,24.210104295431947,2.821735759323065,SHUTDOWN
Node_7685,New York,92.8245022421242,2.095749305941456,MAINTAIN
Node_7686,New York,71.11110330277572,4.933924436266936,MAINTAIN
Node_7687,Cape Town,53.50067241855406,1.2278251572951133,MAINTAIN
Node_7688,London,40.150162835235946,0.8239781478365106,MAINTAIN
Node_7689,London,19.556360285291554,1.6088596083457287,SHUTDOWN
Node_7690,New York,99.81699732900334,0.966298511411823,MAINTAIN
Node_7691,New York,95.27165172888121,2.622910940673595,MAINTAIN
Node_7692,New York,41.258034361551864,1.0242485405937103,MAINTAIN
Node_7693,London,18.536077736066687,2.2308541007819698,SHUTDOWN
Node_7694,Cape Town,24.340056925087673,3.8091426165021107,SHUTDOWN
Node_7695,Cape Town,42.209359518002486,0.5387311709764897,MAINTAIN
Node_7696,New York,35.561300977631916,4.046972767524131,MAINTAIN
Node_7697,New York,25.363494271176492,4.863081366816077,SHUTDOWN
Node_7698,New York,76.95496167473641,1.7485836659627951,MAINTAIN
Node_7699,London,16.95181408773355,0.5989511950876931,SHUTDOWN
Node_7700,London,31.859632227032463,3.444377248990068,MAINTAIN
Node_7701,New York,65.90402031254425,3.9423513151895437,MAINTAIN
Node_7702,Cape Town,11.056765291750585,2.909475052301438,SHUTDOWN
Node_7703,London,55.15920194867486,0.6258785621369757,MAINTAIN
Node_7704,London,91.86901321710539,0.5166813264834874,MAINTAIN
Node_7705,Cape Town,21.500527596841813,1.0238401652229643,SHUTDOWN
Node_7706,New York,17.922672252211708,4.070578245008107,SHUTDOWN
Node_7707,New York,99.64851836677737,1.3815449865994895,MAINTAIN
Node_7708,Cape Town,38.451645522844686,2.516717036117479,MAINTAIN
Node_7709,Cape Town,51.455594048143155,3.0519208490508247,MAINTAIN
Node_7710,Cape Town,99.52612382852132,2.7594609265083676,MAINTAIN
Node_7711,Cape Town,36.58112396942718,2.716901168363305,MAINTAIN
Node_7712,London,62.83703640400034,3.385895168168193,MAINTAIN
Node_7713,London,35.17834687421832,3.5114023880026703,MAINTAIN
Node_7714,New York,73.49523214480712,4.215630977936037,MAINTAIN
Node_7715,Cape Town,78.82755717299786,0.9405307446359272,MAINTAIN
Node_7716,New York,13.817964535054312,1.4340736474243791,SHUTDOWN
Node_7717,Cape Town,14.188389113878896,3.9871687452069144,SHUTDOWN
Node_7718,London,30.214675612817622,3.4395030948174434,MAINTAIN
Node_7719,Cape Town,61.76659094918919,1.2492291327224325,MAINTAIN
Node_7720,London,46.026021395793556,2.22809100792025,MAINTAIN
Node_7721,New York,65.24907785166855,2.6614962381670932,MAINTAIN
Node_7722,New York,99.51032165727833,3.5902978227167033,MAINTAIN
Node_7723,London,23.072034303323978,4.890143036127011,SHUTDOWN
Node_7724,Cape Town,69.92507883730242,1.35101586687732,MAINTAIN
Node_7725,London,20.628718060058315,3.6978916998068065,SHUTDOWN
Node_7726,Cape Town,82.1699680834042,3.355395005090631,MAINTAIN
Node_7727,London,16.29165294304395,3.4013517052751685,SHUTDOWN
Node_7728,Cape Town,11.055835270697045,1.5486632896699224,SHUTDOWN
Node_7729,New York,75.5458243851083,4.774699070140103,MAINTAIN
Node_7730,London,86.15067653846761,1.9598167069626924,MAINTAIN
Node_7731,Cape Town,59.50412467829672,3.504250521904932,MAINTAIN
Node_7732,London,99.75893123602117,3.721266336895535,MAINTAIN
Node_7733,Cape Town,54.864421561859416,0.9101390714086037,MAINTAIN
Node_7734,Cape Town,77.12422223390816,3.2256281504839555,MAINTAIN
Node_7735,New York,21.222135018871718,2.6653081792784845,SHUTDOWN
Node_7736,New York,90.70434356893199,1.4509976738472052,MAINTAIN
Node_7737,Cape Town,82.7247771780227,2.424130456006585,MAINTAIN
Node_7738,New York,78.60901814226321,3.598028676449402,MAINTAIN
Node_7739,Cape Town,54.2807750408388,0.5168373017798236,MAINTAIN
Node_7740,Cape Town,55.66396537183178,2.2962426025724065,MAINTAIN
Node_7741,Cape Town,42.65469985175575,1.1736564867268515,MAINTAIN
Node_7742,Cape Town,28.651132066073423,4.34186462005783,SHUTDOWN
Node_7743,London,38.43301553633581,3.458255678112029,MAINTAIN
Node_7744,Cape Town,96.3938730792407,3.915446213602904,MAINTAIN
Node_7745,Cape Town,84.60457521118693,3.395795283622523,MAINTAIN
Node_7746,London,94.71020449606968,1.3213025222730057,MAINTAIN
Node_7747,Cape Town,15.26355648928374,2.311751239217357,SHUTDOWN
Node_7748,New York,66.43315134397218,0.5955535226141224,MAINTAIN
Node_7749,London,63.380298142411114,1.1010834710461674,MAINTAIN
Node_7750,London,78.90716235471857,0.5533638426016717,MAINTAIN
Node_7751,Cape Town,25.018990720222885,2.22400711025677,SHUTDOWN
Node_7752,Cape Town,62.21952601018974,4.622838581304538,MAINTAIN
Node_7753,Cape Town,53.51552893667107,4.751384578425689,MAINTAIN
Node_7754,London,96.07591665877676,2.674405925111369,MAINTAIN
Node_7755,Cape Town,64.47764449427171,1.7851688641108998,MAINTAIN
Node_7756,Cape Town,31.45719156719234,1.5857900837106234,MAINTAIN
Node_7757,New York,20.274280094972386,1.6910268984006076,SHUTDOWN
Node_7758,Cape Town,45.35233847606764,2.8733314646651604,MAINTAIN
Node_7759,Cape Town,38.28884040381854,2.766860642087136,MAINTAIN
Node_7760,Cape Town,12.101791659260812,2.519925168130191,SHUTDOWN
Node_7761,London,20.688125989067892,3.648390899033155,SHUTDOWN
Node_7762,London,28.157236178113212,3.581297796110327,SHUTDOWN
Node_7763,New York,26.76339679316756,1.8777790253521278,SHUTDOWN
Node_7764,London,74.22220397030641,1.9689137938214678,MAINTAIN
Node_7765,London,26.180445996539582,1.241585710413485,SHUTDOWN
Node_7766,London,43.89898302437954,2.170321914830132,MAINTAIN
Node_7767,New York,36.74794098778535,2.116623401368781,MAINTAIN
Node_7768,New York,60.69430085137517,3.2453454336013174,MAINTAIN
Node_7769,London,78.01555717753342,4.052688026124024,MAINTAIN
Node_7770,London,11.29889160090071,3.102560773286946,SHUTDOWN
Node_7771,Cape Town,91.25564966218506,1.5220581214640228,MAINTAIN
Node_7772,London,78.48462519352712,1.6310260581268197,MAINTAIN
Node_7773,Cape Town,52.19095424623334,1.4211468441180222,MAINTAIN
Node_7774,London,74.96876103090037,4.61981325387958,MAINTAIN
Node_7775,Cape Town,24.599352066104096,3.1520074522288164,SHUTDOWN
Node_7776,New York,66.68691377633616,3.963326353199018,MAINTAIN
Node_7777,London,67.13759406293926,1.0577412746013102,MAINTAIN
Node_7778,London,35.82941490255321,4.458540246011477,MAINTAIN
Node_7779,New York,80.32355135834933,3.4714611899262477,MAINTAIN
Node_7780,New York,73.01951350483418,0.6544306001084704,MAINTAIN
Node_7781,London,66.20953523695246,1.0923903522621923,MAINTAIN
Node_7782,London,19.784429225929728,3.058233670085092,SHUTDOWN
Node_7783,Cape Town,66.61051548132374,4.724862915644973,MAINTAIN
Node_7784,New York,11.785517848638934,1.153396487764499,SHUTDOWN
Node_7785,Cape Town,15.721338881709812,1.5150574436689859,SHUTDOWN
Node_7786,Cape Town,37.744864963978074,2.3606009294192782,MAINTAIN
Node_7787,London,70.51739634080835,1.2563709689907212,MAINTAIN
Node_7788,New York,23.27724799360642,1.7545519189137684,SHUTDOWN
Node_7789,New York,27.01458405991532,2.327818094642314,SHUTDOWN
Node_7790,London,34.11289368212673,0.5195093517870876,MAINTAIN
Node_7791,London,84.38714012192258,3.790468149252275,MAINTAIN
Node_7792,New York,45.102980998672436,4.341680294506107,MAINTAIN
Node_7793,Cape Town,52.79122734838226,1.1649777210744556,MAINTAIN
Node_7794,London,11.56716752122145,4.3842065984086,SHUTDOWN
Node_7795,Cape Town,84.12849070878919,4.167721287744374,MAINTAIN
Node_7796,Cape Town,88.57644602709914,2.945923770633295,MAINTAIN
Node_7797,London,59.53121242610671,4.297564510483259,MAINTAIN
Node_7798,London,54.14840487684958,2.6752013321182537,MAINTAIN
Node_7799,London,26.698337793873364,0.7394104719412733,SHUTDOWN
Node_7800,New York,67.0268329551648,3.322946892617358,MAINTAIN
Node_7801,New York,87.65135558438078,4.205782631052744,MAINTAIN
Node_7802,Cape Town,94.15802956074295,3.2233527678486382,MAINTAIN
Node_7803,New York,85.77455488229094,2.800928325906989,MAINTAIN
Node_7804,Cape Town,50.39387852391555,0.5976825860617556,MAINTAIN
Node_7805,New York,15.743144954220512,2.362008850086526,SHUTDOWN
Node_7806,New York,27.841338807396752,1.550427003299907,SHUTDOWN
Node_7807,Cape Town,83.32909898650662,2.3873720977090565,MAINTAIN
Node_7808,Cape Town,61.30852870015177,1.369177135306314,MAINTAIN
Node_7809,New York,54.340983264275486,2.4069041582725363,MAINTAIN
Node_7810,London,80.39263359719985,4.079406741508482,MAINTAIN
Node_7811,London,61.40868433082393,3.426744222361586,MAINTAIN
Node_7812,New York,32.70940960052809,3.6789631639031533,MAINTAIN
Node_7813,New York,40.61124770332932,3.8811664371665584,MAINTAIN
Node_7814,Cape Town,91.75180291416365,4.283189925451497,MAINTAIN
Node_7815,London,29.064556851510616,3.5287211343944267,SHUTDOWN
Node_7816,New York,61.32907877706265,4.795605956142966,MAINTAIN
Node_7817,Cape Town,97.7562180517192,1.6928359019390642,MAINTAIN
Node_7818,New York,55.65049143966008,0.9144194212626101,MAINTAIN
Node_7819,Cape Town,94.44996323631575,1.2784654810076748,MAINTAIN
Node_7820,London,59.93190326295877,0.6370084426062108,MAINTAIN
Node_7821,London,24.02314363507689,0.5387063033461343,SHUTDOWN
Node_7822,New York,91.50400457077534,2.631406832567967,MAINTAIN
Node_7823,New York,81.31824308040687,3.9878040571720463,MAINTAIN
Node_7824,New York,11.568795539209738,1.6874579553136617,SHUTDOWN
Node_7825,Cape Town,39.74180482931538,4.120188700789815,MAINTAIN
Node_7826,New York,72.38173726579629,1.6742211390586237,MAINTAIN
Node_7827,Cape Town,33.8894885102679,3.469191967357579,MAINTAIN
Node_7828,Cape Town,81.65352701497041,3.740493182294877,MAINTAIN
Node_7829,Cape Town,66.2689457871526,4.783064692973329,MAINTAIN
Node_7830,Cape Town,60.566490523712254,1.201479675050479,MAINTAIN
Node_7831,London,52.20329433263092,0.5706347621686425,MAINTAIN
Node_7832,London,56.917251193195995,3.227822686494301,MAINTAIN
Node_7833,London,24.321474048327378,1.6429881004097258,SHUTDOWN
Node_7834,New York,31.23185517928312,3.4901984097332983,MAINTAIN
Node_7835,New York,52.8070444126598,4.18613235732629,MAINTAIN
Node_7836,Cape Town,53.0910725255552,1.7979183697712666,MAINTAIN
Node_7837,Cape Town,13.933418494009242,1.8650221126470774,SHUTDOWN
Node_7838,London,15.003637673263245,2.9674722349754057,SHUTDOWN
Node_7839,London,40.98323091840054,3.594944644573574,MAINTAIN
Node_7840,London,39.55184063938383,0.7121289621440586,MAINTAIN
Node_7841,Cape Town,50.5307801574206,1.3745291499288315,MAINTAIN
Node_7842,New York,36.77797159056355,0.9598555077313256,MAINTAIN
Node_7843,London,41.18694721095745,2.5930486631887923,MAINTAIN
Node_7844,New York,32.253935157575185,1.3916403892635145,MAINTAIN
Node_7845,Cape Town,91.73654293662825,3.6300773308401926,MAINTAIN
Node_7846,New York,77.45257005319282,3.4145090425672993,MAINTAIN
Node_7847,London,88.83803440987388,3.8894195245580176,MAINTAIN
Node_7848,Cape Town,13.307392263171886,3.2933622552679642,SHUTDOWN
Node_7849,Cape Town,75.69968157005763,1.7591455713189212,MAINTAIN
Node_7850,London,51.42272713781407,1.8305662334210515,MAINTAIN
Node_7851,Cape Town,26.675520053033644,1.6238477496421224,SHUTDOWN
Node_7852,London,56.62842418941097,4.004778101227423,MAINTAIN
Node_7853,New York,44.00249738922576,1.1367694960957606,MAINTAIN
Node_7854,London,99.17772333960417,2.3741653047726112,MAINTAIN
Node_7855,New York,70.66396469799105,3.0625721766259337,MAINTAIN
Node_7856,Cape Town,20.197747227436583,1.1065217706494173,SHUTDOWN
Node_7857,New York,51.039534095665275,2.261753257794405,MAINTAIN
Node_7858,New York,41.61250555978242,2.064826188863811,MAINTAIN
Node_7859,London,84.41655291827996,1.3456442379245712,MAINTAIN
Node_7860,Cape Town,90.3099324396172,1.9957170688738393,MAINTAIN
Node_7861,Cape Town,94.91960125339064,4.419417208714134,MAINTAIN
Node_7862,Cape Town,39.64279322294607,1.8194280281016038,MAINTAIN
Node_7863,London,79.56079071586906,2.3859271085238962,MAINTAIN
Node_7864,New York,50.39334401818462,1.7451552273368411,MAINTAIN
Node_7865,London,55.54837494751243,4.714891767965377,MAINTAIN
Node_7866,Cape Town,60.54450304785769,4.63158975860468,MAINTAIN
Node_7867,Cape Town,73.34638583297635,4.146507684386629,MAINTAIN
Node_7868,Cape Town,60.78832118733316,4.36992258364601,MAINTAIN
Node_7869,London,18.419020117786268,3.121393180151606,SHUTDOWN
Node_7870,London,84.80971525889932,1.8557466000671292,MAINTAIN
Node_7871,Cape Town,62.34789052349662,3.2061742289960047,MAINTAIN
Node_7872,London,12.029331832497832,4.275863423980112,SHUTDOWN
Node_7873,New York,52.420032133849766,3.769271952841046,MAINTAIN
Node_7874,New York,89.27461569207357,3.628384753851554,MAINTAIN
Node_7875,London,19.675058383717506,2.166251306985697,SHUTDOWN
Node_7876,New York,57.01261439578031,0.9343529127678357,MAINTAIN
Node_7877,Cape Town,31.904023929745566,2.0889809099241776,MAINTAIN
Node_7878,London,64.70879173132732,1.3706206259545448,MAINTAIN
Node_7879,Cape Town,49.21917864156889,3.4877867193620675,MAINTAIN
Node_7880,Cape Town,25.882628110470336,3.146895847211396,SHUTDOWN
Node_7881,Cape Town,51.10425865262344,4.9577072679240075,MAINTAIN
Node_7882,New York,45.18030763262157,0.5907196476506387,MAINTAIN
Node_7883,London,72.5770483417874,1.5112613126394603,MAINTAIN
Node_7884,New York,75.4867397783942,2.643086563972206,MAINTAIN
Node_7885,New York,91.9339335693037,2.259718784464657,MAINTAIN
Node_7886,New York,69.18170697705997,0.6761518875793822,MAINTAIN
Node_7887,New York,73.32595929269637,1.891580006073496,MAINTAIN
Node_7888,New York,16.667958817466534,4.286358328056204,SHUTDOWN
Node_7889,London,13.482008364939642,2.343087337124018,SHUTDOWN
Node_7890,London,56.596199308903905,4.734840688841723,MAINTAIN
Node_7891,New York,75.06673736488526,1.0307273752181418,MAINTAIN
Node_7892,New York,95.33538484995495,4.663035861807411,MAINTAIN
Node_7893,London,15.741377047143668,3.3292601703316516,SHUTDOWN
Node_7894,London,90.75335531298258,3.5305676422551815,MAINTAIN
Node_7895,Cape Town,42.283159440845985,2.8083426436064935,MAINTAIN
Node_7896,London,61.729960134566284,4.00934878200359,MAINTAIN
Node_7897,London,77.82640801421448,4.487166619031406,MAINTAIN
Node_7898,New York,63.21595098531473,3.4177655162872784,MAINTAIN
Node_7899,Cape Town,95.63591429123326,3.351628278792377,MAINTAIN
Node_7900,New York,63.85543855836517,2.945575796005238,MAINTAIN
Node_7901,London,56.5567867934331,1.7600584725315633,MAINTAIN
Node_7902,New York,58.00030616560661,2.113982282489599,MAINTAIN
Node_7903,New York,99.66427117042132,3.5191391983648623,MAINTAIN
Node_7904,Cape Town,49.7786583617389,0.5476685780881367,MAINTAIN
Node_7905,Cape Town,96.18101108262304,3.598400794029616,MAINTAIN
Node_7906,New York,63.606648865544656,4.800556910515971,MAINTAIN
Node_7907,London,87.63416879258547,4.074198050707182,MAINTAIN
Node_7908,London,68.85445491584599,1.430661549762558,MAINTAIN
Node_7909,Cape Town,41.67086978691965,3.366265029564078,MAINTAIN
Node_7910,Cape Town,49.79163360706767,0.8366130974174435,MAINTAIN
Node_7911,London,61.102510676437134,2.7953093368034203,MAINTAIN
Node_7912,Cape Town,12.410107310118772,0.9865074103480859,SHUTDOWN
Node_7913,Cape Town,54.76795762112464,3.0777944993358815,MAINTAIN
Node_7914,Cape Town,55.02475063666832,1.7856128417073744,MAINTAIN
Node_7915,New York,94.52878314432935,3.2612165687621495,MAINTAIN
Node_7916,Cape Town,52.62566213783333,1.394262967318661,MAINTAIN
Node_7917,New York,49.601367637749895,2.5250762234036177,MAINTAIN
Node_7918,New York,77.0323574280367,4.65210905558203,MAINTAIN
Node_7919,London,80.03262649382137,1.7945558173763299,MAINTAIN
Node_7920,London,32.295844163681274,3.9964514685482753,MAINTAIN
Node_7921,New York,41.11397721568794,4.733889625957525,MAINTAIN
Node_7922,London,43.12547626972279,4.856798824807619,MAINTAIN
Node_7923,Cape Town,29.783639270321586,3.772047562328869,SHUTDOWN
Node_7924,London,85.06325078747288,4.680006258771119,MAINTAIN
Node_7925,Cape Town,28.57615852101142,4.081239391297071,SHUTDOWN
Node_7926,Cape Town,91.33230092166626,1.8121835585178256,MAINTAIN
Node_7927,London,23.03244541795788,2.938096324933159,SHUTDOWN
Node_7928,Cape Town,16.815172648113908,4.212827804499733,SHUTDOWN
Node_7929,Cape Town,45.402002309820524,3.5768433379195463,MAINTAIN
Node_7930,London,74.53380860299697,0.6171199483831021,MAINTAIN
Node_7931,London,13.209845995323175,4.948255869401441,SHUTDOWN
Node_7932,London,79.11001259907893,1.5051959811749258,MAINTAIN
Node_7933,New York,90.09517432864851,1.4649590398948318,MAINTAIN
Node_7934,London,12.056581420227772,2.9753007160787,SHUTDOWN
Node_7935,Cape Town,46.8948732253098,1.4442389198456729,MAINTAIN
Node_7936,London,39.20664144836285,3.973678077593589,MAINTAIN
Node_7937,New York,53.56116620928433,4.560537712869571,MAINTAIN
Node_7938,New York,41.954091742766735,4.079611745142886,MAINTAIN
Node_7939,New York,46.87658079239346,4.297172872513368,MAINTAIN
Node_7940,New York,39.95920475877435,1.8142580546100522,MAINTAIN
Node_7941,Cape Town,70.0727178192979,4.647767464336447,MAINTAIN
Node_7942,New York,48.7449525912284,2.2748886010051628,MAINTAIN
Node_7943,New York,26.83310334525466,3.0635184744005923,SHUTDOWN
Node_7944,London,51.49357120186603,4.570261871155666,MAINTAIN
Node_7945,Cape Town,12.438238789276467,3.863281303020365,SHUTDOWN
Node_7946,London,79.76131107782237,3.7094661871352663,MAINTAIN
Node_7947,London,58.39260290115046,1.2368063348100038,MAINTAIN
Node_7948,Cape Town,72.32396007916347,2.0024374724989293,MAINTAIN
Node_7949,New York,55.152329039158275,2.8722491368606473,MAINTAIN
Node_7950,New York,52.12584120999181,1.8300808706683989,MAINTAIN
Node_7951,London,55.04530380776862,3.4303387776393723,MAINTAIN
Node_7952,London,52.19001984055215,4.8668130102784,MAINTAIN
Node_7953,London,34.1610785410457,2.2684098430428787,MAINTAIN
Node_7954,Cape Town,55.87225899073954,1.5919142972202411,MAINTAIN
Node_7955,London,48.10531730619683,1.7522390434040274,MAINTAIN
Node_7956,Cape Town,63.32266820592791,1.236237234278044,MAINTAIN
Node_7957,London,64.79072821340353,3.578226480940492,MAINTAIN
Node_7958,London,93.60734673674145,0.6892428624758751,MAINTAIN
Node_7959,New York,75.71392184430428,4.614844711277733,MAINTAIN
Node_7960,Cape Town,90.35707874561011,4.19050391778921,MAINTAIN
Node_7961,New York,99.19368279174726,4.739798784008746,MAINTAIN
Node_7962,London,73.3583909294004,0.9552900458395972,MAINTAIN
Node_7963,London,26.028112972675792,2.618011929699491,SHUTDOWN
Node_7964,New York,88.71169485255453,4.612484481186886,MAINTAIN
Node_7965,Cape Town,48.35626060003552,3.330694526392528,MAINTAIN
Node_7966,Cape Town,93.19259945460526,0.7976862341435795,MAINTAIN
Node_7967,London,98.7740006019231,1.3433867914296918,MAINTAIN
Node_7968,London,12.203200968650664,1.959794069958793,SHUTDOWN
Node_7969,Cape Town,80.85515292685376,3.4285152688143055,MAINTAIN
Node_7970,London,87.9226451101065,1.3867257463374125,MAINTAIN
Node_7971,London,71.10045113829077,3.5349500587173908,MAINTAIN
Node_7972,Cape Town,73.2945550062652,4.683023472462752,MAINTAIN
Node_7973,New York,57.713216914079545,3.007683991383556,MAINTAIN
Node_7974,London,69.05690221185267,2.4326732710046497,MAINTAIN
Node_7975,London,41.811188605690454,2.7079051335799984,MAINTAIN
Node_7976,New York,83.6137891008855,0.9918350353006915,MAINTAIN
Node_7977,London,20.115033569735402,4.672782156540318,SHUTDOWN
Node_7978,New York,80.84004563850947,4.52668308045559,MAINTAIN
Node_7979,New York,43.088625070382164,3.9192239841445082,MAINTAIN
Node_7980,Cape Town,55.37718620506228,4.7819604150118415,MAINTAIN
Node_7981,New York,71.54580467602963,2.5161046934624545,MAINTAIN
Node_7982,Cape Town,99.80376919737853,1.353297848711151,MAINTAIN
Node_7983,New York,78.03456009892606,1.2445500728685073,MAINTAIN
Node_7984,New York,44.95689491928301,4.230145844251478,MAINTAIN
Node_7985,Cape Town,49.682960531946,2.453121261444066,MAINTAIN
Node_7986,London,26.663969492983625,4.141075133408339,SHUTDOWN
Node_7987,New York,86.24648305021222,0.8692091546093097,MAINTAIN
Node_7988,New York,37.96546451892977,2.1468891520300106,MAINTAIN
Node_7989,Cape Town,41.40464941446402,3.0797103194933855,MAINTAIN
Node_7990,New York,77.51283231191985,1.429640013517696,MAINTAIN
Node_7991,New York,31.07956624996468,4.146907768350706,MAINTAIN
Node_7992,London,10.688340477653512,1.4759916760450014,SHUTDOWN
Node_7993,Cape Town,65.7114763739996,3.426662216584272,MAINTAIN
Node_7994,New York,56.314506082599465,4.96746838911912,MAINTAIN
Node_7995,London,92.66154180524073,2.885312496348079,MAINTAIN
Node_7996,New York,18.059418676830823,4.4135112669559025,SHUTDOWN
Node_7997,Cape Town,10.081308155543024,4.053762712736987,SHUTDOWN
Node_7998,Cape Town,81.4804180581099,2.5915883173626373,MAINTAIN
Node_7999,London,52.09847914271614,1.4594228254989572,MAINTAIN
Node_8000,Cape Town,25.637384993947595,2.381666761775088,SHUTDOWN
Node_8001,New York,76.90356439304708,3.5030944382837568,MAINTAIN
Node_8002,London,23.299210168863254,4.814515338893556,SHUTDOWN
Node_8003,New York,40.731696383913885,2.008225747114767,MAINTAIN
Node_8004,New York,59.816729586391745,1.4440806672407185,MAINTAIN
Node_8005,New York,39.365751818270354,2.946445941384635,MAINTAIN
Node_8006,New York,22.278937162135186,4.324062441336739,SHUTDOWN
Node_8007,London,43.772965600900804,1.9361556424692963,MAINTAIN
Node_8008,Cape Town,45.17777246977128,1.718923471157775,MAINTAIN
Node_8009,London,21.520785555455667,3.437608962358607,SHUTDOWN
Node_8010,London,99.50395027908289,2.4863065053077684,MAINTAIN
Node_8011,London,23.952872877553613,3.573012533609596,SHUTDOWN
Node_8012,Cape Town,88.99125759685543,4.165032451985509,MAINTAIN
Node_8013,New York,51.698029153809415,1.3404608502122355,MAINTAIN
Node_8014,New York,87.96695411746107,2.5643494905553466,MAINTAIN
Node_8015,Cape Town,43.695277341587975,4.788277161022854,MAINTAIN
Node_8016,London,88.40916716679281,1.774202459416557,MAINTAIN
Node_8017,Cape Town,88.36314644836077,2.359832614486268,MAINTAIN
Node_8018,New York,23.002668112881526,4.591025030693108,SHUTDOWN
Node_8019,New York,44.89567685883211,2.034126758193674,MAINTAIN
Node_8020,Cape Town,49.43323828858871,1.2630897838008621,MAINTAIN
Node_8021,London,45.10424440692725,3.8413277843172655,MAINTAIN
Node_8022,London,78.86442321735144,3.341890509809201,MAINTAIN
Node_8023,Cape Town,38.19519698284745,2.5221603982248317,MAINTAIN
Node_8024,Cape Town,36.46530580286165,3.643170174483111,MAINTAIN
Node_8025,London,99.00910131141775,4.217573279852504,MAINTAIN
Node_8026,Cape Town,61.55978687020602,2.2155093927424923,MAINTAIN
Node_8027,Cape Town,90.90626249563383,2.486785400480685,MAINTAIN
Node_8028,New York,67.41219188534481,1.0965621349600356,MAINTAIN
Node_8029,New York,15.032992688923525,0.7549166648328359,SHUTDOWN
Node_8030,New York,54.48440381579564,4.252132040476709,MAINTAIN
Node_8031,New York,40.128733943920594,2.5446287018028353,MAINTAIN
Node_8032,London,34.29456650505948,2.8806179024431873,MAINTAIN
Node_8033,New York,86.81043048888907,1.1074082895270712,MAINTAIN
Node_8034,New York,71.42561093577592,4.639710151274777,MAINTAIN
Node_8035,Cape Town,97.61222967609204,2.468230311934853,MAINTAIN
Node_8036,New York,69.93375647956614,3.1778454604270463,MAINTAIN
Node_8037,New York,95.54857449286797,4.717986777423546,MAINTAIN
Node_8038,London,88.5461666113075,4.9628031667423915,MAINTAIN
Node_8039,New York,85.43251503077967,3.5501824061582954,MAINTAIN
Node_8040,New York,36.618890247806235,4.676705724772284,MAINTAIN
Node_8041,New York,20.19553237004994,4.921750432026097,SHUTDOWN
Node_8042,Cape Town,48.66746929626038,1.8208703680738751,MAINTAIN
Node_8043,New York,16.073412893348408,2.318857428484413,SHUTDOWN
Node_8044,New York,78.83850119644377,2.2232182885109077,MAINTAIN
Node_8045,London,27.667819146453702,4.522781029064842,SHUTDOWN
Node_8046,Cape Town,85.63586614721473,2.552416176991978,MAINTAIN
Node_8047,New York,61.430079999669275,2.119942432018508,MAINTAIN
Node_8048,New York,75.08246466327819,1.1853463873187609,MAINTAIN
Node_8049,Cape Town,67.33717517972059,2.800470046328436,MAINTAIN
Node_8050,New York,88.44523503450449,4.584160816183164,MAINTAIN
Node_8051,London,36.55774564977219,3.8803023909462047,MAINTAIN
Node_8052,New York,61.240359604027745,3.8473981191316025,MAINTAIN
Node_8053,London,45.109206689521606,3.762635874039505,MAINTAIN
Node_8054,London,93.54403435021516,1.2294583155796934,MAINTAIN
Node_8055,Cape Town,35.08873583195239,0.6540730772046837,MAINTAIN
Node_8056,New York,74.636210413678,4.8132272089294394,MAINTAIN
Node_8057,London,78.76634127828419,0.6200926714954302,MAINTAIN
Node_8058,New York,17.455101753183357,0.5269479212577154,SHUTDOWN
Node_8059,Cape Town,62.85745868805385,1.9592630198160863,MAINTAIN
Node_8060,London,26.150765729758227,1.5340996357227308,SHUTDOWN
Node_8061,Cape Town,62.039617845139304,1.9784973654223497,MAINTAIN
Node_8062,London,58.26943258457955,1.3701334191197008,MAINTAIN
Node_8063,Cape Town,23.46028787750863,3.4333171411004204,SHUTDOWN
Node_8064,New York,70.89864868815218,0.7589043305174157,MAINTAIN
Node_8065,London,16.271855103225832,4.426442869009977,SHUTDOWN
Node_8066,Cape Town,61.63501479120719,2.12071136450824,MAINTAIN
Node_8067,Cape Town,35.339962778027214,1.4043898137549866,MAINTAIN
Node_8068,London,50.35869687935991,2.614072480865806,MAINTAIN
Node_8069,Cape Town,91.2029380695698,2.9119244198253647,MAINTAIN
Node_8070,New York,66.9277809981696,3.4988813371161958,MAINTAIN
Node_8071,London,76.35119042297633,0.6300140813719783,MAINTAIN
Node_8072,New York,65.85887518238442,2.2111525977649054,MAINTAIN
Node_8073,New York,72.61480124797122,3.9467096951152234,MAINTAIN
Node_8074,New York,83.12453390806257,1.662898312397617,MAINTAIN
Node_8075,Cape Town,76.77667012153717,2.3694645012374993,MAINTAIN
Node_8076,London,43.77698449759855,3.811981632737842,MAINTAIN
Node_8077,Cape Town,93.69949844806727,4.662956489872599,MAINTAIN
Node_8078,London,33.21666079235631,4.389429945752248,MAINTAIN
Node_8079,Cape Town,26.178289252130998,4.56939541915179,SHUTDOWN
Node_8080,Cape Town,57.15579233890779,1.8690062085632642,MAINTAIN
Node_8081,London,40.99959068090713,4.6292110139329745,MAINTAIN
Node_8082,New York,25.56837975531912,2.971430088416252,SHUTDOWN
Node_8083,New York,75.2765065594475,2.4143565014094497,MAINTAIN
Node_8084,New York,23.98911866051467,2.17519592812732,SHUTDOWN
Node_8085,New York,12.539593444737239,2.9246097443316477,SHUTDOWN
Node_8086,New York,58.66238690498895,1.8821125214971843,MAINTAIN
Node_8087,London,90.37943817871346,4.122555367233064,MAINTAIN
Node_8088,London,77.75605157564364,1.0141278351449357,MAINTAIN
Node_8089,Cape Town,65.29415338263455,3.2513416444583383,MAINTAIN
Node_8090,Cape Town,79.48530458491969,4.004130969708308,MAINTAIN
Node_8091,New York,37.594702020493905,1.0666645341169192,MAINTAIN
Node_8092,Cape Town,87.86192071107894,2.4114120357318867,MAINTAIN
Node_8093,London,50.45757136190848,4.867029733511122,MAINTAIN
Node_8094,London,45.39799857710733,2.4188296818378063,MAINTAIN
Node_8095,New York,21.042793111850152,3.209606624927318,SHUTDOWN
Node_8096,Cape Town,48.474572340235675,1.926321585599747,MAINTAIN
Node_8097,New York,47.04683275980974,1.450123862302901,MAINTAIN
Node_8098,Cape Town,68.94138780372198,4.531558718955724,MAINTAIN
Node_8099,New York,84.45364531329274,0.8243019391619653,MAINTAIN
Node_8100,New York,21.602140398133667,4.7427183938607245,SHUTDOWN
Node_8101,Cape Town,21.39700620203263,2.6174200882055136,SHUTDOWN
Node_8102,Cape Town,40.67038728767203,0.7928952365458537,MAINTAIN
Node_8103,Cape Town,90.40746448656861,2.5160423164333277,MAINTAIN
Node_8104,Cape Town,27.258179082999202,3.6166478950075684,SHUTDOWN
Node_8105,Cape Town,35.141356040625624,4.624193949772574,MAINTAIN
Node_8106,London,26.070502043328723,0.7965925717458928,SHUTDOWN
Node_8107,New York,20.796227419325046,4.818473890056152,SHUTDOWN
Node_8108,London,22.734357732896246,4.550611111016955,SHUTDOWN
Node_8109,New York,11.835596895473978,4.646120648975514,SHUTDOWN
Node_8110,London,50.34717306970212,2.034045171346299,MAINTAIN
Node_8111,New York,36.80553704209508,3.163768609431038,MAINTAIN
Node_8112,Cape Town,40.69715126767744,2.4831080374139267,MAINTAIN
Node_8113,Cape Town,98.00869315803403,2.1657855478431256,MAINTAIN
Node_8114,New York,54.636492055613836,4.52939123137181,MAINTAIN
Node_8115,Cape Town,81.2318300952228,2.9504131495731247,MAINTAIN
Node_8116,New York,55.30852021377647,1.0211552181081145,MAINTAIN
Node_8117,London,51.20998310244644,4.975266354593966,MAINTAIN
Node_8118,New York,68.36456679360177,2.017621478185313,MAINTAIN
Node_8119,Cape Town,17.672871059656266,1.1234943404974649,SHUTDOWN
Node_8120,London,63.95950638696838,4.6864786428514105,MAINTAIN
Node_8121,London,64.72587084594605,3.200144916971955,MAINTAIN
Node_8122,London,15.637268710995533,2.2477394001893796,SHUTDOWN
Node_8123,Cape Town,90.63310340995967,1.480058776451169,MAINTAIN
Node_8124,New York,85.38271585986554,1.934140414459553,MAINTAIN
Node_8125,London,94.69983051267539,2.8271744978613658,MAINTAIN
Node_8126,Cape Town,58.56137166016689,3.4817417730490408,MAINTAIN
Node_8127,New York,37.12780094308622,2.3729075015015995,MAINTAIN
Node_8128,London,41.086145341193614,4.189950461695313,MAINTAIN
Node_8129,New York,14.302470986368302,3.147844701212159,SHUTDOWN
Node_8130,New York,17.54784635729396,3.244464286749236,SHUTDOWN
Node_8131,Cape Town,64.70410407055843,1.2407318881409657,MAINTAIN
Node_8132,London,13.29726559351098,4.617148215712091,SHUTDOWN
Node_8133,Cape Town,53.28238562133691,2.584090362110682,MAINTAIN
Node_8134,Cape Town,90.64271128193546,2.425687902115351,MAINTAIN
Node_8135,London,55.303619223035525,3.375746887625301,MAINTAIN
Node_8136,Cape Town,68.06583336864949,1.5006388005045512,MAINTAIN
Node_8137,New York,86.27012093629702,0.7424130286638835,MAINTAIN
Node_8138,London,10.29952350862476,4.545191941315702,SHUTDOWN
Node_8139,London,58.30281954649091,3.8039936176244593,MAINTAIN
Node_8140,London,11.720593284850894,2.9849002973071785,SHUTDOWN
Node_8141,New York,27.810062660354944,4.790183114303893,SHUTDOWN
Node_8142,New York,28.424854814203268,3.4561309667558087,SHUTDOWN
Node_8143,New York,21.100286135872082,3.0496260519837852,SHUTDOWN
Node_8144,New York,94.5020016299826,3.252245525762418,MAINTAIN
Node_8145,Cape Town,67.45653071791612,2.216304019485814,MAINTAIN
Node_8146,New York,45.12509422451933,2.2948191996106653,MAINTAIN
Node_8147,London,71.92120648212972,4.910792023524149,MAINTAIN
Node_8148,Cape Town,96.53465643234459,2.7888955828141757,MAINTAIN
Node_8149,Cape Town,85.00532636994888,1.1058974048731487,MAINTAIN
Node_8150,London,97.34590366282443,1.6691898924179445,MAINTAIN
Node_8151,Cape Town,98.26617734322934,2.4555877781893996,MAINTAIN
Node_8152,New York,54.3505750127037,2.589372439640105,MAINTAIN
Node_8153,London,96.75643948688976,2.3573322266080377,MAINTAIN
Node_8154,New York,13.26984918486593,1.3842587297678846,SHUTDOWN
Node_8155,New York,96.54349258666106,1.7033634214721614,MAINTAIN
Node_8156,London,77.04746694818574,2.2652259036072535,MAINTAIN
Node_8157,New York,29.153006604663293,3.0991102841626454,SHUTDOWN
Node_8158,Cape Town,81.61695901096755,3.5591062026198177,MAINTAIN
Node_8159,Cape Town,94.78505010708078,1.4904821024256067,MAINTAIN
Node_8160,London,47.56443066278707,3.456805354278552,MAINTAIN
Node_8161,New York,41.76266787456182,1.5844865999278486,MAINTAIN
Node_8162,New York,83.34896070632644,2.121448641062193,MAINTAIN
Node_8163,New York,15.521284617147378,4.303678915599618,SHUTDOWN
Node_8164,Cape Town,60.96985014493143,4.907202462989718,MAINTAIN
Node_8165,New York,94.75450553085432,4.99607408531712,MAINTAIN
Node_8166,Cape Town,84.11287600119918,1.0387934177601958,MAINTAIN
Node_8167,Cape Town,34.58800592379691,4.267009791745218,MAINTAIN
Node_8168,New York,85.11234694210451,1.6132120602958682,MAINTAIN
Node_8169,Cape Town,89.14566672577905,2.62102639307573,MAINTAIN
Node_8170,Cape Town,53.74405010393309,0.6704743360992343,MAINTAIN
Node_8171,London,97.46628742770321,3.583641074076509,MAINTAIN
Node_8172,Cape Town,87.8835116813862,2.0586869144361946,MAINTAIN
Node_8173,London,11.96839600489142,2.2082850913226157,SHUTDOWN
Node_8174,Cape Town,81.9139909475708,4.642423005706997,MAINTAIN
Node_8175,New York,62.30949996103904,0.6780298698657674,MAINTAIN
Node_8176,London,35.56028195626114,2.207046440341835,MAINTAIN
Node_8177,London,30.70026953533348,2.7224854968277117,MAINTAIN
Node_8178,London,40.72773497868063,2.2358328235155893,MAINTAIN
Node_8179,Cape Town,54.21699309323473,3.995157462664368,MAINTAIN
Node_8180,Cape Town,35.79774148549075,4.495056862983962,MAINTAIN
Node_8181,London,57.8427650575289,2.321400044080411,MAINTAIN
Node_8182,London,32.75583636514718,4.369872532482864,MAINTAIN
Node_8183,Cape Town,41.22570004541523,1.523627564647239,MAINTAIN
Node_8184,London,34.88099948895652,1.65887345237502,MAINTAIN
Node_8185,London,42.8257984942538,2.7985903281933315,MAINTAIN
Node_8186,New York,54.43822732748277,4.6198790117727455,MAINTAIN
Node_8187,New York,46.9361099411605,0.543268578431856,MAINTAIN
Node_8188,London,59.05505929432236,2.2641513206716586,MAINTAIN
Node_8189,New York,85.1750822836712,2.2264237191636886,MAINTAIN
Node_8190,New York,95.3755548327191,3.9273110148610337,MAINTAIN
Node_8191,Cape Town,62.06373115782918,3.5085836870687435,MAINTAIN
Node_8192,Cape Town,71.29149518049849,2.860048850835905,MAINTAIN
Node_8193,London,14.375709012578213,1.4087605185990983,SHUTDOWN
Node_8194,London,34.31447906520049,2.687998939460549,MAINTAIN
Node_8195,New York,92.00904406158782,1.6559146196520376,MAINTAIN
Node_8196,London,82.98456244267418,3.8503900383262772,MAINTAIN
Node_8197,London,45.60198853852283,1.0605564520107733,MAINTAIN
Node_8198,London,21.854126333919346,3.834197148732258,SHUTDOWN
Node_8199,London,12.152757444332316,4.048821310938643,SHUTDOWN
Node_8200,London,87.00107001398814,2.854981836163634,MAINTAIN
Node_8201,Cape Town,29.57981910806778,3.0556345941155105,SHUTDOWN
Node_8202,New York,27.305768756813258,4.199869846329222,SHUTDOWN
Node_8203,London,47.418286533566175,1.952133857085298,MAINTAIN
Node_8204,London,90.74315996344676,1.4591116883616244,MAINTAIN
Node_8205,London,66.25153426629842,1.038662346978044,MAINTAIN
Node_8206,Cape Town,92.62648431263099,4.053595166321617,MAINTAIN
Node_8207,London,91.79246601323227,3.934138025395695,MAINTAIN
Node_8208,New York,83.53589696071322,2.800881778416384,MAINTAIN
Node_8209,New York,85.41418893777349,4.409527744676085,MAINTAIN
Node_8210,Cape Town,68.56760990583342,2.3241011233414417,MAINTAIN
Node_8211,Cape Town,75.13583681913882,4.811684092883327,MAINTAIN
Node_8212,London,44.784332095501675,2.8472603729352355,MAINTAIN
Node_8213,Cape Town,34.829286780568204,1.2069933818181224,MAINTAIN
Node_8214,Cape Town,75.42536472648966,1.8847895227271092,MAINTAIN
Node_8215,New York,15.467078519171888,2.9384802986323737,SHUTDOWN
Node_8216,New York,74.05184336681083,3.6321515070966206,MAINTAIN
Node_8217,London,48.49854972557402,1.2178145135959169,MAINTAIN
Node_8218,London,22.61107441682188,2.1862188277145314,SHUTDOWN
Node_8219,London,81.46792529562404,4.740182031417648,MAINTAIN
Node_8220,New York,63.25447735362125,4.580645257613927,MAINTAIN
Node_8221,Cape Town,30.664018504030402,1.7024518602189458,MAINTAIN
Node_8222,New York,72.12745227437873,2.348771185088024,MAINTAIN
Node_8223,London,57.278131286102514,2.4328484999504196,MAINTAIN
Node_8224,New York,32.090832296593234,1.9924242425348972,MAINTAIN
Node_8225,London,47.94578586403445,3.691077487350431,MAINTAIN
Node_8226,New York,71.6178600918355,2.0805866525495698,MAINTAIN
Node_8227,New York,13.134048844751451,3.5795792120126206,SHUTDOWN
Node_8228,Cape Town,99.68506952609927,4.695036311273738,MAINTAIN
Node_8229,New York,82.40904421383581,0.8543999650760203,MAINTAIN
Node_8230,Cape Town,44.68752470783394,3.6540419091180665,MAINTAIN
Node_8231,New York,15.233213967632212,2.2620313732192487,SHUTDOWN
Node_8232,London,83.66208667020264,2.8360977255250734,MAINTAIN
Node_8233,Cape Town,82.48648740898453,1.1344554210484668,MAINTAIN
Node_8234,New York,19.99341934447591,2.7043755250363315,SHUTDOWN
Node_8235,London,80.53678060461462,4.960438442188767,MAINTAIN
Node_8236,Cape Town,75.12470936258734,0.9753122069578024,MAINTAIN
Node_8237,London,52.82109616502854,1.7985145907055013,MAINTAIN
Node_8238,London,85.09933678844273,0.7666170313876526,MAINTAIN
Node_8239,Cape Town,34.73694557653309,2.7737502698424277,MAINTAIN
Node_8240,London,74.00088990372639,4.188496176984849,MAINTAIN
Node_8241,London,72.39934088336148,1.5056833716669138,MAINTAIN
Node_8242,Cape Town,73.97421244749196,2.5327965305653035,MAINTAIN
Node_8243,Cape Town,30.61655871585489,2.1591948921593795,MAINTAIN
Node_8244,London,95.72448003203915,3.1059013874825747,MAINTAIN
Node_8245,Cape Town,98.83607508315623,1.7330273804556429,MAINTAIN
Node_8246,Cape Town,84.45268006055896,4.540809273321176,MAINTAIN
Node_8247,London,33.63471525624179,3.418305677715188,MAINTAIN
Node_8248,New York,38.29192467768066,3.7086693819805383,MAINTAIN
Node_8249,New York,25.238931682285326,1.897167239190264,SHUTDOWN
Node_8250,London,84.82904856987396,1.0877015802281385,MAINTAIN
Node_8251,London,32.85111364847842,0.8499978684611194,MAINTAIN
Node_8252,Cape Town,20.002923934077145,0.9348032986709567,SHUTDOWN
Node_8253,London,99.62106060096974,4.427469461512745,MAINTAIN
Node_8254,London,84.34407852183567,2.3597063760510166,MAINTAIN
Node_8255,London,79.92637640977983,0.5316389760455886,MAINTAIN
Node_8256,Cape Town,97.90297107373912,3.5877130192318267,MAINTAIN
Node_8257,Cape Town,61.3476452282228,2.6473939695160844,MAINTAIN
Node_8258,Cape Town,67.62131229245708,3.6659910152508672,MAINTAIN
Node_8259,Cape Town,13.29585900296938,1.4745958595509814,SHUTDOWN
Node_8260,Cape Town,49.223192294689056,1.2628710116902644,MAINTAIN
Node_8261,London,86.88337557550437,4.308800263485578,MAINTAIN
Node_8262,London,44.51994911765837,1.1101608722611658,MAINTAIN
Node_8263,Cape Town,85.03457466384603,1.2674055665895811,MAINTAIN
Node_8264,London,14.389662252814114,2.786416999906711,SHUTDOWN
Node_8265,Cape Town,59.216913093143056,3.494971705119989,MAINTAIN
Node_8266,London,41.80697497447674,4.433335258642229,MAINTAIN
Node_8267,New York,43.40433087581313,0.6154071687833775,MAINTAIN
Node_8268,Cape Town,86.95254653155678,2.1798868939120855,MAINTAIN
Node_8269,London,70.16818862479028,0.7314472023150074,MAINTAIN
Node_8270,London,94.31483846382616,0.605707615722646,MAINTAIN
Node_8271,Cape Town,36.00408848164092,0.5316252314389424,MAINTAIN
Node_8272,New York,54.65887937604621,3.5081835408099686,MAINTAIN
Node_8273,New York,79.7782215217749,3.2280798100287913,MAINTAIN
Node_8274,London,14.347071691582022,2.857222826720941,SHUTDOWN
Node_8275,Cape Town,99.6811711480308,3.2992606565245466,MAINTAIN
Node_8276,Cape Town,10.663106430941347,1.2138158800647902,SHUTDOWN
Node_8277,New York,50.59699874076753,3.3926520882249456,MAINTAIN
Node_8278,New York,34.11944498831481,4.543928744802122,MAINTAIN
Node_8279,Cape Town,83.21096333744538,0.6902789455714806,MAINTAIN
Node_8280,New York,37.78373847688463,2.385077356167774,MAINTAIN
Node_8281,New York,89.12605988023107,4.980126905125097,MAINTAIN
Node_8282,New York,12.598027438465422,2.8977668998047217,SHUTDOWN
Node_8283,Cape Town,23.942638953214587,0.513895318340073,SHUTDOWN
Node_8284,Cape Town,34.16727942461665,4.452056857933057,MAINTAIN
Node_8285,London,11.702134719322647,3.205554445181918,SHUTDOWN
Node_8286,Cape Town,25.09392825782499,4.40642167808828,SHUTDOWN
Node_8287,Cape Town,83.885268595781,2.54584811979812,MAINTAIN
Node_8288,Cape Town,37.146676875046644,1.080704852922139,MAINTAIN
Node_8289,London,49.848849731159156,1.3629056012213383,MAINTAIN
Node_8290,Cape Town,85.46846487290202,2.3701026471751083,MAINTAIN
Node_8291,London,48.67762110030828,2.4720046184167295,MAINTAIN
Node_8292,London,35.03075523526222,1.6640855766346587,MAINTAIN
Node_8293,New York,53.187770720501305,1.974953127463459,MAINTAIN
Node_8294,Cape Town,92.64985086323698,2.7257184682997555,MAINTAIN
Node_8295,London,40.18664132183917,3.3869357215915157,MAINTAIN
Node_8296,New York,82.63773489947548,4.573613576917784,MAINTAIN
Node_8297,London,39.93115726730544,4.061314110263487,MAINTAIN
Node_8298,New York,51.2762963582907,4.559400177462298,MAINTAIN
Node_8299,London,94.20386318334549,4.2599137048179525,MAINTAIN
Node_8300,Cape Town,11.011766662629629,0.9645339179276675,SHUTDOWN
Node_8301,New York,20.78722487781863,0.9800865539566814,SHUTDOWN
Node_8302,London,74.3784040361177,3.4071476028205363,MAINTAIN
Node_8303,New York,68.21881744279437,4.5513355716446275,MAINTAIN
Node_8304,New York,55.70349557533463,0.7719535597366369,MAINTAIN
Node_8305,New York,71.10323393829407,3.2124366353636162,MAINTAIN
Node_8306,Cape Town,31.462752376475486,3.025027727550402,MAINTAIN
Node_8307,New York,17.151316201039407,1.8756937667210127,SHUTDOWN
Node_8308,New York,92.99987268278107,3.626487415030123,MAINTAIN
Node_8309,Cape Town,24.4019739671785,2.494107183849877,SHUTDOWN
Node_8310,Cape Town,48.49280068489875,1.3948505496553543,MAINTAIN
Node_8311,Cape Town,48.26487597749681,2.2878609012618973,MAINTAIN
Node_8312,Cape Town,28.97221422302173,4.095936764626179,SHUTDOWN
Node_8313,New York,47.309033897360436,2.3596286723730713,MAINTAIN
Node_8314,Cape Town,16.805359491852613,4.6379558491618305,SHUTDOWN
Node_8315,London,24.56149789441678,1.7225855425656271,SHUTDOWN
Node_8316,Cape Town,76.45054455312179,4.423304939300547,MAINTAIN
Node_8317,Cape Town,72.96641564565293,3.8107274247315535,MAINTAIN
Node_8318,Cape Town,43.651908427070296,1.9868069941745996,MAINTAIN
Node_8319,London,32.30727486874498,3.40536857026316,MAINTAIN
Node_8320,Cape Town,62.359378463688266,1.328242661633563,MAINTAIN
Node_8321,Cape Town,35.9961741522757,3.335776083038807,MAINTAIN
Node_8322,London,84.64447864087451,4.840871274072454,MAINTAIN
Node_8323,New York,78.62586251078136,2.206977753973947,MAINTAIN
Node_8324,London,34.59516602162522,2.8182503193670305,MAINTAIN
Node_8325,Cape Town,81.18860977993901,1.8095880071242962,MAINTAIN
Node_8326,New York,45.11633693643962,1.700990372927113,MAINTAIN
Node_8327,New York,33.9398256987385,2.266301038072376,MAINTAIN
Node_8328,London,68.82651191616029,2.738847387787815,MAINTAIN
Node_8329,London,58.840836557580246,2.139007043028951,MAINTAIN
Node_8330,London,93.09018118036242,1.3124154084646882,MAINTAIN
Node_8331,Cape Town,44.84819882733889,2.246360114792458,MAINTAIN
Node_8332,London,56.88499023027376,2.635267278344309,MAINTAIN
Node_8333,Cape Town,33.01505944789335,4.330272493010204,MAINTAIN
Node_8334,London,70.37954131457761,2.416861626591073,MAINTAIN
Node_8335,New York,38.1577805653209,2.1886720932453816,MAINTAIN
Node_8336,New York,64.18467013221945,4.728753180566024,MAINTAIN
Node_8337,New York,76.72395546027697,0.7362926769696547,MAINTAIN
Node_8338,New York,71.2424649604313,4.958133531407806,MAINTAIN
Node_8339,New York,30.2325630227027,3.969960876459395,MAINTAIN
Node_8340,Cape Town,68.62821628935941,4.413744495868515,MAINTAIN
Node_8341,New York,79.82786051688187,3.330844178180745,MAINTAIN
Node_8342,Cape Town,18.509738048508677,4.824588176623629,SHUTDOWN
Node_8343,London,32.5666462326462,3.4167430276051327,MAINTAIN
Node_8344,London,47.71527964182591,3.0905118372060865,MAINTAIN
Node_8345,Cape Town,41.04287639473182,0.9999707590542211,MAINTAIN
Node_8346,New York,98.15387926038638,4.388576158573627,MAINTAIN
Node_8347,New York,70.34416819321214,3.494048036137003,MAINTAIN
Node_8348,New York,90.32553967104812,4.585665545094612,MAINTAIN
Node_8349,New York,54.86454484036646,1.5707888349599601,MAINTAIN
Node_8350,Cape Town,16.397545937943143,3.567823207079642,SHUTDOWN
Node_8351,London,61.863893650492194,3.187170401508174,MAINTAIN
Node_8352,New York,95.24716533200684,1.4182426889191542,MAINTAIN
Node_8353,London,33.288950148502195,2.7353728038567873,MAINTAIN
Node_8354,London,47.50002801994015,0.5442588072696237,MAINTAIN
Node_8355,Cape Town,84.14859034318427,4.31772195667077,MAINTAIN
Node_8356,New York,22.4655749121928,4.69818657267356,SHUTDOWN
Node_8357,Cape Town,53.80694325703694,4.864302210314377,MAINTAIN
Node_8358,New York,73.29905620436976,1.3060898125954212,MAINTAIN
Node_8359,Cape Town,27.329878740858284,2.9223934701305465,SHUTDOWN
Node_8360,Cape Town,37.631266654273794,1.8559582565645099,MAINTAIN
Node_8361,London,17.561603181072854,2.2455390685727252,SHUTDOWN
Node_8362,Cape Town,46.00833326049524,3.822613895559502,MAINTAIN
Node_8363,London,20.135383833673774,3.1323833787236603,SHUTDOWN
Node_8364,New York,51.66257058860023,2.984550630231225,MAINTAIN
Node_8365,Cape Town,37.37590783161393,4.576163654603259,MAINTAIN
Node_8366,London,20.85718972525379,2.7841818504109237,SHUTDOWN
Node_8367,London,94.98626519928862,3.3809013530210423,MAINTAIN
Node_8368,Cape Town,86.1977848097362,1.4322401824168338,MAINTAIN
Node_8369,London,75.8058925673201,3.671548189221114,MAINTAIN
Node_8370,New York,60.77008852656792,3.1964715804844395,MAINTAIN
Node_8371,Cape Town,15.517964684002722,1.6316886672737936,SHUTDOWN
Node_8372,New York,81.92000559026152,3.0123666289662667,MAINTAIN
Node_8373,New York,13.054722772997605,4.489812057099497,SHUTDOWN
Node_8374,New York,69.15931499479109,0.605801042944353,MAINTAIN
Node_8375,New York,86.62249675351525,4.535103902292388,MAINTAIN
Node_8376,Cape Town,52.10078816058386,4.6018794134983105,MAINTAIN
Node_8377,Cape Town,98.81963615774777,2.4676247919031375,MAINTAIN
Node_8378,New York,46.09433206549604,0.6160587323825409,MAINTAIN
Node_8379,Cape Town,81.04589823722921,1.308044526570306,MAINTAIN
Node_8380,Cape Town,43.339159058465945,4.92980857779258,MAINTAIN
Node_8381,New York,33.430381247477165,2.8253788501894808,MAINTAIN
Node_8382,Cape Town,93.1359781528511,4.4137820741976395,MAINTAIN
Node_8383,Cape Town,83.08100464650762,3.907105023535591,MAINTAIN
Node_8384,New York,52.95341272938933,3.9740421182325987,MAINTAIN
Node_8385,Cape Town,94.48940219958168,4.033069681922157,MAINTAIN
Node_8386,London,77.3313178485404,0.9051321000901256,MAINTAIN
Node_8387,Cape Town,91.19405935048529,3.031642738062551,MAINTAIN
Node_8388,London,16.270109090744818,1.5267882890507494,SHUTDOWN
Node_8389,New York,90.19930277702628,2.9960782822999508,MAINTAIN
Node_8390,Cape Town,17.73768983146384,4.431300578510617,SHUTDOWN
Node_8391,New York,32.460356929483694,2.7509362703478044,MAINTAIN
Node_8392,New York,97.3287475627975,2.2589647315987698,MAINTAIN
Node_8393,Cape Town,26.96506465329102,1.6794928157258768,SHUTDOWN
Node_8394,London,68.77227628314932,2.8910135135995736,MAINTAIN
Node_8395,Cape Town,84.88426854963033,4.552744663542427,MAINTAIN
Node_8396,New York,92.05030507558654,4.212235288104948,MAINTAIN
Node_8397,Cape Town,47.12466917100644,1.708350423155587,MAINTAIN
Node_8398,New York,27.762593293070807,2.150462674912985,SHUTDOWN
Node_8399,London,79.40958140315912,4.812783431089475,MAINTAIN
Node_8400,London,72.63019798788713,2.699275375857104,MAINTAIN
Node_8401,London,39.48266298646148,4.6789859246740635,MAINTAIN
Node_8402,New York,10.849633988691572,3.3309277653694886,SHUTDOWN
Node_8403,London,38.858585099619546,1.4357026640919994,MAINTAIN
Node_8404,London,75.62085234684885,4.076151029978231,MAINTAIN
Node_8405,London,49.613853931674974,4.954353905697375,MAINTAIN
Node_8406,New York,16.657605130897508,1.6626157116493225,SHUTDOWN
Node_8407,Cape Town,18.416651551393535,3.4454587862986243,SHUTDOWN
Node_8408,New York,51.88495316995943,1.2571430489962516,MAINTAIN
Node_8409,Cape Town,47.417777917329495,1.5893702559526224,MAINTAIN
Node_8410,London,46.28249142099924,0.9034324393987385,MAINTAIN
Node_8411,Cape Town,34.73610150175429,0.5837874191567998,MAINTAIN
Node_8412,London,57.95717359893936,1.2651455261116304,MAINTAIN
Node_8413,London,87.93568107709606,3.6586291665412083,MAINTAIN
Node_8414,London,44.382811798713185,4.588742996127614,MAINTAIN
Node_8415,Cape Town,87.91235577605225,3.90529929814254,MAINTAIN
Node_8416,New York,43.94756218707216,4.035156679245432,MAINTAIN
Node_8417,London,35.258250395431375,3.545442848990378,MAINTAIN
Node_8418,London,63.49665744388604,3.597352043783564,MAINTAIN
Node_8419,London,26.42850513983429,3.857058976389223,SHUTDOWN
Node_8420,London,68.75836268055951,4.658045158495765,MAINTAIN
Node_8421,Cape Town,52.24064582301515,1.464350880741799,MAINTAIN
Node_8422,New York,50.47610123159928,4.329470384443471,MAINTAIN
Node_8423,New York,41.2195533871104,1.3876701346961426,MAINTAIN
Node_8424,Cape Town,24.851796119433416,1.8624073464615005,SHUTDOWN
Node_8425,Cape Town,39.271186793338714,4.141616927042176,MAINTAIN
Node_8426,London,71.12820226207327,2.7354714405973266,MAINTAIN
Node_8427,London,58.86103078927678,2.7581945908959735,MAINTAIN
Node_8428,New York,67.95623359980866,0.8309295619141731,MAINTAIN
Node_8429,Cape Town,23.100579880394143,2.092110910603073,SHUTDOWN
Node_8430,Cape Town,69.99391423199597,1.2664720747875606,MAINTAIN
Node_8431,Cape Town,12.779889121432879,3.3057984143512322,SHUTDOWN
Node_8432,London,56.34522129219594,4.550463801329259,MAINTAIN
Node_8433,New York,76.5353058780089,4.836497941263188,MAINTAIN
Node_8434,London,64.02735750409173,2.0752181087973174,MAINTAIN
Node_8435,London,43.262564830074254,3.7478405686853438,MAINTAIN
Node_8436,Cape Town,11.193478395947208,4.081710997726793,SHUTDOWN
Node_8437,London,73.90935648765904,1.1220330656411772,MAINTAIN
Node_8438,New York,18.769320102258085,3.3866076091322195,SHUTDOWN
Node_8439,London,67.08388855111488,2.1573239120973353,MAINTAIN
Node_8440,London,31.192534808715937,4.271301669946033,MAINTAIN
Node_8441,London,71.38778541557807,3.3601263052812342,MAINTAIN
Node_8442,New York,88.21485118247976,3.785924466385367,MAINTAIN
Node_8443,New York,78.68164521029904,2.3407033301731746,MAINTAIN
Node_8444,New York,83.7033890386342,2.500216528283702,MAINTAIN
Node_8445,Cape Town,65.67762760683439,4.643072690527955,MAINTAIN
Node_8446,Cape Town,62.053695866902,1.0646576510841448,MAINTAIN
Node_8447,New York,99.35280722646019,1.912267210106715,MAINTAIN
Node_8448,New York,50.19705048848046,2.451070473219602,MAINTAIN
Node_8449,New York,15.090181143694277,1.552876227635514,SHUTDOWN
Node_8450,New York,21.94646529423909,3.091981387411617,SHUTDOWN
Node_8451,New York,50.518522914915295,4.622308000476415,MAINTAIN
Node_8452,Cape Town,84.62170793075407,0.8901667720944912,MAINTAIN
Node_8453,Cape Town,41.87642683988011,2.51581532689563,MAINTAIN
Node_8454,New York,67.34993386358826,2.1808968303021685,MAINTAIN
Node_8455,New York,35.01142271114226,0.8155572080004024,MAINTAIN
Node_8456,New York,76.01962606070072,4.257606282254677,MAINTAIN
Node_8457,New York,74.15974401308628,3.9603293051924315,MAINTAIN
Node_8458,London,90.02586392299939,0.604843974065603,MAINTAIN
Node_8459,London,32.70499192755371,4.6087461961883065,MAINTAIN
Node_8460,London,20.11117531112377,4.106174919994077,SHUTDOWN
Node_8461,New York,51.877916064733164,0.755878470177498,MAINTAIN
Node_8462,London,16.57004418974517,3.121274347811657,SHUTDOWN
Node_8463,London,91.91120800493864,3.1190047257172706,MAINTAIN
Node_8464,New York,90.16875934117719,1.3562432014466956,MAINTAIN
Node_8465,New York,48.89232564197918,2.3168455183806165,MAINTAIN
Node_8466,London,83.9070282539031,2.022809911617252,MAINTAIN
Node_8467,Cape Town,76.50016913086496,2.794569629689981,MAINTAIN
Node_8468,Cape Town,95.62704285158351,2.826313093704333,MAINTAIN
Node_8469,New York,57.21215444638341,3.6617086332948814,MAINTAIN
Node_8470,New York,44.69050931473322,4.960852319592379,MAINTAIN
Node_8471,Cape Town,26.534918590592476,3.2452082996484344,SHUTDOWN
Node_8472,Cape Town,63.67053167988476,1.181252582756966,MAINTAIN
Node_8473,Cape Town,19.49968293309866,1.667762545095736,SHUTDOWN
Node_8474,Cape Town,25.895384706557746,3.47334003159672,SHUTDOWN
Node_8475,New York,67.85542707146125,0.6925941346104857,MAINTAIN
Node_8476,New York,22.648146773874878,4.611631649018716,SHUTDOWN
Node_8477,New York,86.33209866181326,0.9268481311534861,MAINTAIN
Node_8478,New York,29.710500508898875,0.6734806996723804,SHUTDOWN
Node_8479,Cape Town,86.4616062724881,2.8149323229010372,MAINTAIN
Node_8480,Cape Town,12.42644828473125,4.124433665143724,SHUTDOWN
Node_8481,Cape Town,72.61524278145669,2.423475853374807,MAINTAIN
Node_8482,New York,23.93600930869181,4.363054553186906,SHUTDOWN
Node_8483,Cape Town,82.76296060590771,4.66690152667951,MAINTAIN
Node_8484,New York,86.88176263728064,4.910699253676797,MAINTAIN
Node_8485,Cape Town,18.952056331428075,2.752074721284757,SHUTDOWN
Node_8486,Cape Town,39.408375695697444,1.5252251834891788,MAINTAIN
Node_8487,New York,90.97837997505881,2.069562096852917,MAINTAIN
Node_8488,New York,16.28587192513693,1.1884603703335066,SHUTDOWN
Node_8489,New York,56.74903093711826,1.8791908836287212,MAINTAIN
Node_8490,New York,16.582135018767623,4.61859321150571,SHUTDOWN
Node_8491,London,64.86876092445867,3.2932880313632777,MAINTAIN
Node_8492,New York,37.01054635682286,0.8091231163636443,MAINTAIN
Node_8493,London,15.806747820161313,2.767341316580191,SHUTDOWN
Node_8494,New York,23.836912390289946,3.3601804055514206,SHUTDOWN
Node_8495,London,49.02775028517212,2.4781431750832956,MAINTAIN
Node_8496,Cape Town,27.013429753279716,2.504842902273414,SHUTDOWN
Node_8497,Cape Town,14.618412539787828,2.9811638379916015,SHUTDOWN
Node_8498,London,81.21707653431305,4.778611209198161,MAINTAIN
Node_8499,Cape Town,87.08844059830308,0.5211019996599775,MAINTAIN
Node_8500,Cape Town,19.047408481588413,2.419631188633412,SHUTDOWN
Node_8501,London,80.19398728176837,1.9683516945803248,MAINTAIN
Node_8502,New York,81.07013273522178,1.0389446260076816,MAINTAIN
Node_8503,London,32.75820607054851,3.0564212580128327,MAINTAIN
Node_8504,Cape Town,12.896043124375248,3.0881814014857456,SHUTDOWN
Node_8505,London,61.54814857884596,3.2742125299887848,MAINTAIN
Node_8506,New York,40.54426141778751,0.7897485027085724,MAINTAIN
Node_8507,New York,77.50491419810736,2.259927974466212,MAINTAIN
Node_8508,Cape Town,10.372046469688357,3.6279424668180544,SHUTDOWN
Node_8509,Cape Town,15.154573577285309,1.660018685875909,SHUTDOWN
Node_8510,New York,47.81048627432175,4.067466301965103,MAINTAIN
Node_8511,London,49.70501100651093,0.5827849100263972,MAINTAIN
Node_8512,Cape Town,90.48614730509354,1.8266488478403144,MAINTAIN
Node_8513,New York,12.048368968185892,1.051982140591689,SHUTDOWN
Node_8514,London,72.69880149312593,2.3114789608751916,MAINTAIN
Node_8515,Cape Town,91.11571691509154,0.6450717581511998,MAINTAIN
Node_8516,Cape Town,26.901625820925464,3.9968989563143866,SHUTDOWN
Node_8517,London,41.42799131827023,0.6341836480252886,MAINTAIN
Node_8518,New York,70.26464777280731,4.272768633091686,MAINTAIN
Node_8519,London,51.29379356770882,4.3233432004257555,MAINTAIN
Node_8520,New York,38.76034511937323,3.495644822989089,MAINTAIN
Node_8521,New York,82.1842631930186,2.7894476450599512,MAINTAIN
Node_8522,New York,57.64640421926867,3.4136016526926136,MAINTAIN
Node_8523,Cape Town,11.464379466320315,4.376772828044542,SHUTDOWN
Node_8524,New York,18.91207433393125,4.298336352449617,SHUTDOWN
Node_8525,New York,49.46914160536552,2.223301329704073,MAINTAIN
Node_8526,London,54.41895906929176,1.7316087935707405,MAINTAIN
Node_8527,New York,79.29384709719002,1.3159295536928615,MAINTAIN
Node_8528,Cape Town,87.29897667345816,3.888887466519607,MAINTAIN
Node_8529,New York,75.05722027569125,4.551529407474721,MAINTAIN
Node_8530,Cape Town,76.95033937038131,2.4301530099253172,MAINTAIN
Node_8531,London,72.82253307989455,2.8348378175497677,MAINTAIN
Node_8532,London,82.92152379978201,0.8388795522797985,MAINTAIN
Node_8533,New York,98.18633187620176,2.9595777803439187,MAINTAIN
Node_8534,Cape Town,71.96282675244643,2.4340416709496715,MAINTAIN
Node_8535,Cape Town,93.26229364285645,3.78367983190888,MAINTAIN
Node_8536,London,30.487079191007513,3.8090896096885682,MAINTAIN
Node_8537,London,58.01161277695197,1.0912814476793566,MAINTAIN
Node_8538,New York,23.664368042606128,1.4091720372043606,SHUTDOWN
Node_8539,New York,91.09388521429852,3.301883636022946,MAINTAIN
Node_8540,New York,58.575790514919404,3.1242154613876325,MAINTAIN
Node_8541,London,78.91193435858217,0.8078386002404405,MAINTAIN
Node_8542,New York,67.77360567209581,4.524077036285144,MAINTAIN
Node_8543,Cape Town,25.415184940913463,1.0225048775828682,SHUTDOWN
Node_8544,Cape Town,20.256644364570676,1.291190927708927,SHUTDOWN
Node_8545,Cape Town,97.06211002069873,3.210589521260384,MAINTAIN
Node_8546,London,64.46479335126003,2.81744941840976,MAINTAIN
Node_8547,London,10.05976068887049,3.2871086767452184,SHUTDOWN
Node_8548,New York,39.341732129127585,0.5500341184180326,MAINTAIN
Node_8549,London,91.53606321897408,3.5132995001712812,MAINTAIN
Node_8550,New York,71.98206661027274,1.6337375483619616,MAINTAIN
Node_8551,London,92.59238649729795,3.7512689125685794,MAINTAIN
Node_8552,London,76.13809428747707,3.4387799832061563,MAINTAIN
Node_8553,New York,76.46430346024253,2.477304457510129,MAINTAIN
Node_8554,New York,72.21531647987595,0.9156843228864786,MAINTAIN
Node_8555,Cape Town,27.084899113071497,3.6244890962984075,SHUTDOWN
Node_8556,New York,63.770382337528645,3.5637867325832486,MAINTAIN
Node_8557,Cape Town,68.27981706511527,2.675275749987767,MAINTAIN
Node_8558,London,59.206493320963624,4.242603799573212,MAINTAIN
Node_8559,Cape Town,87.83499119177802,4.942232321734891,MAINTAIN
Node_8560,London,36.96395752688913,4.721858665307577,MAINTAIN
Node_8561,Cape Town,57.937241505603325,1.8141867407897363,MAINTAIN
Node_8562,New York,40.10581720893417,2.198202176698256,MAINTAIN
Node_8563,Cape Town,45.316937440195865,4.006590589587863,MAINTAIN
Node_8564,New York,62.07979934709106,3.445907776533917,MAINTAIN
Node_8565,New York,33.54896206956131,3.858005394495422,MAINTAIN
Node_8566,New York,85.07485302239732,3.710807128168992,MAINTAIN
Node_8567,London,36.91459614630808,3.568655073308085,MAINTAIN
Node_8568,Cape Town,94.76161662930097,1.7121396003319052,MAINTAIN
Node_8569,New York,57.02608540833518,3.2144086200060253,MAINTAIN
Node_8570,New York,98.83261572762133,1.8587650729174707,MAINTAIN
Node_8571,Cape Town,79.44992013215403,4.539992345907303,MAINTAIN
Node_8572,Cape Town,90.19491462628888,3.256932234180687,MAINTAIN
Node_8573,London,46.32231299903597,3.10875830971137,MAINTAIN
Node_8574,London,49.07437196419948,3.8606464560705125,MAINTAIN
Node_8575,London,85.81077605178776,4.22262236255489,MAINTAIN
Node_8576,New York,84.4492373119746,4.9933990472764656,MAINTAIN
Node_8577,London,22.370679401496176,3.2552085013032372,SHUTDOWN
Node_8578,New York,13.299491101678594,1.922704571909937,SHUTDOWN
Node_8579,New York,65.47002348285847,3.1461335131324173,MAINTAIN
Node_8580,New York,69.16391087254212,4.426289118506903,MAINTAIN
Node_8581,New York,47.29375129271729,2.6174811712440764,MAINTAIN
Node_8582,Cape Town,31.81505239167467,0.7195922928333359,MAINTAIN
Node_8583,London,58.283957450556116,1.8488334198000498,MAINTAIN
Node_8584,London,13.30840530494834,4.7298895514456065,SHUTDOWN
Node_8585,New York,27.442656965532393,3.9112380460866962,SHUTDOWN
Node_8586,Cape Town,84.78164509001293,0.9846316522222595,MAINTAIN
Node_8587,Cape Town,58.16303763256086,3.9375303890339843,MAINTAIN
Node_8588,Cape Town,61.45966999625286,4.449901376247045,MAINTAIN
Node_8589,New York,15.541176006940212,1.295521992473982,SHUTDOWN
Node_8590,Cape Town,18.42012370201164,4.247840245511187,SHUTDOWN
Node_8591,London,19.9656501219969,4.5924118276863295,SHUTDOWN
Node_8592,New York,48.34678294430983,4.6359294573850995,MAINTAIN
Node_8593,London,77.56994023013276,0.7496872468573982,MAINTAIN
Node_8594,Cape Town,77.26122330010249,2.1771065122594666,MAINTAIN
Node_8595,Cape Town,60.587827063553874,3.1627079498340853,MAINTAIN
Node_8596,London,41.657679493338314,1.3922350042852272,MAINTAIN
Node_8597,Cape Town,94.72622257055788,3.451961642968057,MAINTAIN
Node_8598,Cape Town,47.297367370615966,4.467659611872804,MAINTAIN
Node_8599,New York,74.31044608091926,3.7056293730092733,MAINTAIN
Node_8600,New York,43.72879312232807,1.607255578427703,MAINTAIN
Node_8601,Cape Town,40.31177321275436,3.617205390393313,MAINTAIN
Node_8602,Cape Town,91.26012256310688,3.2989003681191673,MAINTAIN
Node_8603,London,69.14329214594068,3.767780316797825,MAINTAIN
Node_8604,Cape Town,26.288087214018798,1.787469564817727,SHUTDOWN
Node_8605,London,92.14229340469363,3.078235477933325,MAINTAIN
Node_8606,Cape Town,32.00142508182018,0.9332643060849957,MAINTAIN
Node_8607,New York,70.2953794951794,2.8764636839724695,MAINTAIN
Node_8608,London,67.02597571056462,3.3753310732624358,MAINTAIN
Node_8609,London,57.22517332637704,1.0019583230270626,MAINTAIN
Node_8610,London,22.53941275047398,1.88678380336285,SHUTDOWN
Node_8611,Cape Town,73.79573349102918,2.7094847494775807,MAINTAIN
Node_8612,Cape Town,20.908975941681568,4.563444570384569,SHUTDOWN
Node_8613,New York,93.73422051094258,2.4009500230488148,MAINTAIN
Node_8614,New York,47.99644228654749,3.758517566792849,MAINTAIN
Node_8615,Cape Town,24.696339936570425,3.4400227191725294,SHUTDOWN
Node_8616,New York,63.63131904960075,1.1605225255123988,MAINTAIN
Node_8617,London,92.60864085782381,2.3408696907736832,MAINTAIN
Node_8618,New York,27.62709825665903,4.501708403329986,SHUTDOWN
Node_8619,New York,90.23068193178152,4.858569844108262,MAINTAIN
Node_8620,New York,64.17244196334849,0.5257507787251547,MAINTAIN
Node_8621,London,50.00137026980042,3.753054907809371,MAINTAIN
Node_8622,London,74.37143318820925,2.3399423200113247,MAINTAIN
Node_8623,New York,83.23084442050627,4.637995367780905,MAINTAIN
Node_8624,Cape Town,23.53235663930741,3.686737618111257,SHUTDOWN
Node_8625,London,37.838061632671256,2.1985135473478943,MAINTAIN
Node_8626,London,49.829868532754965,4.481064272378303,MAINTAIN
Node_8627,New York,29.80331321817008,1.9937145878581863,SHUTDOWN
Node_8628,New York,39.39051754478221,0.8056522600248397,MAINTAIN
Node_8629,Cape Town,68.51981121702232,3.730764218006119,MAINTAIN
Node_8630,New York,25.975299291485275,0.9294845153520326,SHUTDOWN
Node_8631,Cape Town,76.35519023919177,1.3208605973930898,MAINTAIN
Node_8632,London,33.18137992075076,4.147453727707267,MAINTAIN
Node_8633,Cape Town,37.739940867364965,3.2139510523985324,MAINTAIN
Node_8634,New York,25.147874203450442,0.7493972418010539,SHUTDOWN
Node_8635,New York,26.130409731661473,0.6908086592961236,SHUTDOWN
Node_8636,London,12.972721165440161,3.288671876364484,SHUTDOWN
Node_8637,London,62.10657082448807,2.6985972384609243,MAINTAIN
Node_8638,New York,32.62272266868759,2.0996332523482995,MAINTAIN
Node_8639,Cape Town,40.8360005684513,0.665352533643706,MAINTAIN
Node_8640,London,98.38712930106219,1.3862789004894023,MAINTAIN
Node_8641,London,29.331535982491122,4.573599465407815,SHUTDOWN
Node_8642,Cape Town,20.38614276837651,2.3731145175822532,SHUTDOWN
Node_8643,New York,76.63716569975995,1.9325875783927524,MAINTAIN
Node_8644,Cape Town,86.1933419812127,1.6479632379565254,MAINTAIN
Node_8645,New York,98.33237109705732,4.752201953015136,MAINTAIN
Node_8646,London,45.17354130989301,4.460762169667172,MAINTAIN
Node_8647,Cape Town,45.04353389262816,1.0043891537344614,MAINTAIN
Node_8648,London,12.306299286141359,3.3622197246905436,SHUTDOWN
Node_8649,New York,91.73348256622482,0.7801097004917423,MAINTAIN
Node_8650,London,97.69843726412839,4.592661781997944,MAINTAIN
Node_8651,Cape Town,98.64700591299368,3.071287209201055,MAINTAIN
Node_8652,Cape Town,73.87406115933669,3.8004083545702985,MAINTAIN
Node_8653,Cape Town,82.4078032789964,4.6274809523585825,MAINTAIN
Node_8654,New York,91.82599662139465,1.5634030022564416,MAINTAIN
Node_8655,New York,31.096094561015402,2.3900509507285603,MAINTAIN
Node_8656,Cape Town,34.526853027108785,0.8727148375074533,MAINTAIN
Node_8657,Cape Town,42.85112976486358,2.6866697906549786,MAINTAIN
Node_8658,New York,72.34397741907452,3.4311473441197102,MAINTAIN
Node_8659,London,40.897216396384536,0.6774747674127481,MAINTAIN
Node_8660,New York,13.324468821371319,0.5880674024752697,SHUTDOWN
Node_8661,New York,45.98817579981521,3.051024928509863,MAINTAIN
Node_8662,London,97.87789651068087,4.887024384867015,MAINTAIN
Node_8663,New York,91.03947153556793,2.2646231813880577,MAINTAIN
Node_8664,New York,13.674897827660875,3.410447673402982,SHUTDOWN
Node_8665,London,49.262917065948386,1.400302485094963,MAINTAIN
Node_8666,New York,90.31317353559193,2.9125086495895474,MAINTAIN
Node_8667,Cape Town,54.79512102293015,3.6639316599558223,MAINTAIN
Node_8668,New York,52.49966276918064,4.116418206840822,MAINTAIN
Node_8669,London,42.78045243870951,1.329554638013604,MAINTAIN
Node_8670,London,78.11403314567046,2.1742567758444427,MAINTAIN
Node_8671,London,42.09922585098759,1.9759486678537792,MAINTAIN
Node_8672,New York,37.17429665156016,2.8249854698068835,MAINTAIN
Node_8673,London,80.17897860999699,1.8150862502842784,MAINTAIN
Node_8674,London,57.949205715004545,2.7516002296320696,MAINTAIN
Node_8675,New York,86.8218916671265,3.7662170857413386,MAINTAIN
Node_8676,London,60.37889113115189,2.9125312127734952,MAINTAIN
Node_8677,New York,89.76607777041954,4.92705013512748,MAINTAIN
Node_8678,London,77.55163924186664,3.2232408268229293,MAINTAIN
Node_8679,Cape Town,74.97169203323604,2.9891407904405014,MAINTAIN
Node_8680,Cape Town,30.53955854381578,1.6762271870774426,MAINTAIN
Node_8681,Cape Town,31.513282959432782,2.8278958424234624,MAINTAIN
Node_8682,Cape Town,31.872970871181522,1.5926744413884186,MAINTAIN
Node_8683,London,11.331408886860308,3.8669159915334843,SHUTDOWN
Node_8684,New York,77.30051869781178,2.6534793974723354,MAINTAIN
Node_8685,New York,42.377553375629276,3.0362659455037826,MAINTAIN
Node_8686,London,56.84837099369885,0.5781341542164761,MAINTAIN
Node_8687,London,40.29951924950737,4.413473706371555,MAINTAIN
Node_8688,Cape Town,42.128612129770964,3.297417304762885,MAINTAIN
Node_8689,Cape Town,21.94755585438417,3.0857558470076745,SHUTDOWN
Node_8690,Cape Town,99.11812708344766,1.1791019364102782,MAINTAIN
Node_8691,Cape Town,91.97353822544359,4.048071138063122,MAINTAIN
Node_8692,London,89.77717774564395,2.1612646240800744,MAINTAIN
Node_8693,Cape Town,47.70358613490637,0.9615162834437567,MAINTAIN
Node_8694,London,69.84036301261115,3.6889758141952873,MAINTAIN
Node_8695,New York,11.896978368860267,1.0979503151375105,SHUTDOWN
Node_8696,Cape Town,30.324173942781332,4.469614784724958,MAINTAIN
Node_8697,Cape Town,29.26170988678206,2.6667326585953193,SHUTDOWN
Node_8698,Cape Town,51.88645058110546,2.9716250480416697,MAINTAIN
Node_8699,London,61.42578024618879,1.3358876561901654,MAINTAIN
Node_8700,London,37.58624810797902,4.899884941462609,MAINTAIN
Node_8701,Cape Town,73.46787378548902,1.3560054123465757,MAINTAIN
Node_8702,New York,68.27313833065936,2.921787549088474,MAINTAIN
Node_8703,New York,34.860313479659766,3.6639294228788666,MAINTAIN
Node_8704,Cape Town,45.03154453463046,0.6237744968015471,MAINTAIN
Node_8705,London,20.695308080858705,3.1587549451027135,SHUTDOWN
Node_8706,Cape Town,20.683154415351687,3.8822865660536428,SHUTDOWN
Node_8707,New York,13.129130598102897,1.857735225548262,SHUTDOWN
Node_8708,London,89.34547010290987,2.698175793005874,MAINTAIN
Node_8709,London,70.14219545661905,0.6629160509921265,MAINTAIN
Node_8710,London,16.92361453317652,2.447366690989009,SHUTDOWN
Node_8711,Cape Town,29.236249465663658,4.188404362676982,SHUTDOWN
Node_8712,New York,42.64555214168584,4.778073578431256,MAINTAIN
Node_8713,London,83.21297328305315,2.298360604003755,MAINTAIN
Node_8714,New York,76.1399021629086,2.4591606424574652,MAINTAIN
Node_8715,New York,63.82216615373707,1.5593821437510096,MAINTAIN
Node_8716,London,50.795534449111486,2.928150684076453,MAINTAIN
Node_8717,London,57.25164637910537,1.3881429854748009,MAINTAIN
Node_8718,London,70.54863479609763,1.5680376816021073,MAINTAIN
Node_8719,Cape Town,46.654140242731295,3.3228044737731106,MAINTAIN
Node_8720,London,58.17678799509591,3.76943110170517,MAINTAIN
Node_8721,Cape Town,64.04227827729437,2.4763142328800782,MAINTAIN
Node_8722,London,89.40591550917122,3.702481301385168,MAINTAIN
Node_8723,New York,77.89093535797866,1.4663965262985001,MAINTAIN
Node_8724,London,92.48390251546175,1.6875004326865968,MAINTAIN
Node_8725,London,39.27629835955055,4.999566519956049,MAINTAIN
Node_8726,London,16.863876557495626,4.3670217517009835,SHUTDOWN
Node_8727,Cape Town,93.86788729713852,0.7051005459304331,MAINTAIN
Node_8728,New York,53.58393385463925,3.4775130154273026,MAINTAIN
Node_8729,Cape Town,61.125195376485046,0.7979666322410635,MAINTAIN
Node_8730,New York,58.9137030804459,3.0185209631822074,MAINTAIN
Node_8731,London,22.075559446123364,2.404991078700831,SHUTDOWN
Node_8732,Cape Town,92.60971784549744,2.451209123297134,MAINTAIN
Node_8733,Cape Town,27.210203143690187,2.1285068079586345,SHUTDOWN
Node_8734,Cape Town,19.534066520245922,0.7154444469312448,SHUTDOWN
Node_8735,New York,70.2859395780639,3.8001014445872436,MAINTAIN
Node_8736,London,74.29703897550512,0.7468559199928149,MAINTAIN
Node_8737,Cape Town,67.36784151239765,1.8803844822799975,MAINTAIN
Node_8738,New York,20.990213601533117,2.5359397513459223,SHUTDOWN
Node_8739,New York,52.17059195705029,2.9864970139486484,MAINTAIN
Node_8740,Cape Town,59.81504292415973,1.5326803502361184,MAINTAIN
Node_8741,London,71.68223646645919,4.486431749478831,MAINTAIN
Node_8742,London,43.66227816565062,2.585243165242829,MAINTAIN
Node_8743,New York,48.279433616669145,4.387838605723167,MAINTAIN
Node_8744,New York,99.84392599672715,4.53017831032652,MAINTAIN
Node_8745,New York,49.16138210320716,2.819691907610619,MAINTAIN
Node_8746,Cape Town,70.19832934351541,1.8553406346957262,MAINTAIN
Node_8747,Cape Town,53.80830017308808,3.9266520791675137,MAINTAIN
Node_8748,London,36.60734250476398,3.787453419129013,MAINTAIN
Node_8749,London,70.18422266848484,1.0922963192338764,MAINTAIN
Node_8750,London,65.88505999207749,3.6913993948126294,MAINTAIN
Node_8751,New York,95.13186099089886,3.8979628865945424,MAINTAIN
Node_8752,Cape Town,19.084248572586183,1.5190133387977733,SHUTDOWN
Node_8753,Cape Town,97.0285561880635,1.8206315630221404,MAINTAIN
Node_8754,London,33.76658676915069,4.233900284997661,MAINTAIN
Node_8755,Cape Town,69.49250541870153,1.1517447189138919,MAINTAIN
Node_8756,London,80.18819626161795,1.6938648260906577,MAINTAIN
Node_8757,Cape Town,27.905004913442465,2.3800381494390095,SHUTDOWN
Node_8758,London,23.21455372900114,0.5637820763155192,SHUTDOWN
Node_8759,London,27.274934093829483,3.076931458043111,SHUTDOWN
Node_8760,London,85.97362863769168,0.7575285296705099,MAINTAIN
Node_8761,London,77.24239423170049,1.0174973634599267,MAINTAIN
Node_8762,Cape Town,63.72568764478005,3.1797122981531545,MAINTAIN
Node_8763,London,34.148021855199325,3.6368987965013173,MAINTAIN
Node_8764,London,36.93980419074353,1.4065387669115623,MAINTAIN
Node_8765,Cape Town,75.50335286824973,3.9366130083458963,MAINTAIN
Node_8766,Cape Town,47.64928592082926,4.503369164126797,MAINTAIN
Node_8767,Cape Town,84.98453308106897,4.434831557177926,MAINTAIN
Node_8768,Cape Town,79.10788814622268,0.8273538179050623,MAINTAIN
Node_8769,New York,85.7280138278595,3.2361716873783535,MAINTAIN
Node_8770,Cape Town,50.022324675707544,4.071488057430983,MAINTAIN
Node_8771,New York,12.164749738075392,2.346271031941014,SHUTDOWN
Node_8772,London,23.98016106427125,0.5107781291970381,SHUTDOWN
Node_8773,London,68.59112976795696,2.327717917588722,MAINTAIN
Node_8774,London,26.437319036891765,3.6559078903296665,SHUTDOWN
Node_8775,Cape Town,27.36100345275503,1.1197668391292968,SHUTDOWN
Node_8776,Cape Town,55.1747192514103,3.974928884896661,MAINTAIN
Node_8777,New York,21.78059925564734,1.7829976801168312,SHUTDOWN
Node_8778,London,13.59119175426666,1.9687343185723343,SHUTDOWN
Node_8779,London,54.86504965970822,3.9914183371308667,MAINTAIN
Node_8780,Cape Town,55.75352106783095,2.357126699100059,MAINTAIN
Node_8781,London,45.58031998912915,0.8487171054564985,MAINTAIN
Node_8782,London,16.289163984332248,1.3075088434713376,SHUTDOWN
Node_8783,New York,70.08803757735953,0.614903462676837,MAINTAIN
Node_8784,Cape Town,53.107625581606825,3.0765260461112067,MAINTAIN
Node_8785,Cape Town,43.691197795544795,0.5450428580059622,MAINTAIN
Node_8786,New York,36.37268372765591,1.9292886751515266,MAINTAIN
Node_8787,London,99.73175765034608,2.6093972542342128,MAINTAIN
Node_8788,New York,19.37778034972262,3.693622215159895,SHUTDOWN
Node_8789,New York,99.86202453782779,3.103004466753362,MAINTAIN
Node_8790,London,62.02424852993669,2.1503233506226027,MAINTAIN
Node_8791,New York,68.06108967329149,2.9339270166866886,MAINTAIN
Node_8792,London,89.55503162802971,3.2701521347616826,MAINTAIN
Node_8793,New York,13.879032474130957,3.6335522995808285,SHUTDOWN
Node_8794,London,52.074714612781285,0.8817089900276773,MAINTAIN
Node_8795,New York,95.81492318913546,3.174171053950216,MAINTAIN
Node_8796,Cape Town,77.6861301043782,3.487594684715145,MAINTAIN
Node_8797,London,63.25920729041167,1.930502950782919,MAINTAIN
Node_8798,Cape Town,98.5890544326452,2.4602490252193414,MAINTAIN
Node_8799,London,89.89115200371438,1.3822460365549258,MAINTAIN
Node_8800,Cape Town,45.304607138393706,2.2006809098426388,MAINTAIN
Node_8801,London,63.84009687731703,0.7694354562416754,MAINTAIN
Node_8802,New York,34.63784463372545,2.779055512873941,MAINTAIN
Node_8803,New York,62.55863268899925,2.7375472465388584,MAINTAIN
Node_8804,New York,66.40436897221326,1.9472142951554894,MAINTAIN
Node_8805,London,32.704403929038484,3.2103512496824838,MAINTAIN
Node_8806,New York,21.7667687608638,0.5500415806869704,SHUTDOWN
Node_8807,New York,95.49687695549133,4.322280746759366,MAINTAIN
Node_8808,London,33.61741070045542,2.08861911873673,MAINTAIN
Node_8809,New York,97.26910042188118,4.587975368477145,MAINTAIN
Node_8810,London,69.4241586902251,1.1222638119184611,MAINTAIN
Node_8811,New York,88.54342754230684,1.097540592751052,MAINTAIN
Node_8812,New York,72.16140931038143,3.9601572031854726,MAINTAIN
Node_8813,London,65.1872530303872,4.167424476903726,MAINTAIN
Node_8814,London,12.436227111436128,3.4434451249658067,SHUTDOWN
Node_8815,Cape Town,97.35410659893003,2.0756841508726565,MAINTAIN
Node_8816,Cape Town,55.94910784217939,2.052815059728153,MAINTAIN
Node_8817,Cape Town,85.99648293475533,1.1531210753666215,MAINTAIN
Node_8818,Cape Town,74.24627312090053,3.4070371035407208,MAINTAIN
Node_8819,New York,36.83851094816186,4.725836093166327,MAINTAIN
Node_8820,New York,92.25122780839907,0.5088320462054514,MAINTAIN
Node_8821,London,44.1000843273758,2.641873188743633,MAINTAIN
Node_8822,New York,94.54227244351249,1.9996697662341039,MAINTAIN
Node_8823,Cape Town,44.84380299584872,2.7278696177079715,MAINTAIN
Node_8824,New York,49.51032264166669,1.257107589754203,MAINTAIN
Node_8825,New York,34.50897617893512,3.951593600224505,MAINTAIN
Node_8826,London,57.95280275186081,0.8944574495535472,MAINTAIN
Node_8827,Cape Town,32.33050891164706,4.98779262326083,MAINTAIN
Node_8828,New York,43.33742606138719,3.8376553129179394,MAINTAIN
Node_8829,Cape Town,73.58334054468406,2.112002836708194,MAINTAIN
Node_8830,London,13.694107023622854,4.961314217166421,SHUTDOWN
Node_8831,Cape Town,72.77296330971723,2.345701163771614,MAINTAIN
Node_8832,New York,97.69231326561938,0.9519713482386885,MAINTAIN
Node_8833,Cape Town,94.81270948437185,0.9525166214697973,MAINTAIN
Node_8834,London,93.57074823666979,0.889769187572053,MAINTAIN
Node_8835,New York,22.235278845857163,1.2713367196974246,SHUTDOWN
Node_8836,Cape Town,40.52847752574457,1.319409420295632,MAINTAIN
Node_8837,Cape Town,89.08450989626849,2.2043104641846707,MAINTAIN
Node_8838,Cape Town,61.26755314812542,3.9747481220367247,MAINTAIN
Node_8839,New York,44.58756648392297,3.632854141463541,MAINTAIN
Node_8840,Cape Town,41.0085519568319,2.916105241818171,MAINTAIN
Node_8841,London,55.68919091223763,3.97041683553668,MAINTAIN
Node_8842,London,62.99252475675004,4.893134208564078,MAINTAIN
Node_8843,New York,66.21295000741812,4.616750143614591,MAINTAIN
Node_8844,London,81.38336506470782,4.909333683732058,MAINTAIN
Node_8845,New York,73.4009791861104,1.6186882562877,MAINTAIN
Node_8846,Cape Town,30.27626113976642,2.666463564884926,MAINTAIN
Node_8847,London,96.26394554358676,1.258761965233577,MAINTAIN
Node_8848,New York,15.928982401037235,2.8458771388547652,SHUTDOWN
Node_8849,London,32.007784044645774,2.5292601567649955,MAINTAIN
Node_8850,London,79.05398471068932,1.1638242233970109,MAINTAIN
Node_8851,London,56.514638338011295,3.790097426436602,MAINTAIN
Node_8852,Cape Town,97.58448722252025,2.2298937325001673,MAINTAIN
Node_8853,New York,26.188467025470903,1.7620927559282429,SHUTDOWN
Node_8854,Cape Town,47.08397272117697,2.5395127904031014,MAINTAIN
Node_8855,London,28.012161848228313,2.552594572310583,SHUTDOWN
Node_8856,London,31.99319736768496,4.221231411808567,MAINTAIN
Node_8857,Cape Town,86.41857117218939,2.9050971435578092,MAINTAIN
Node_8858,Cape Town,48.3474219724828,4.967687728482336,MAINTAIN
Node_8859,London,92.34057060026359,1.1580167461822906,MAINTAIN
Node_8860,London,98.32622537815621,3.6462928938308456,MAINTAIN
Node_8861,New York,68.86038647822802,1.1416651814490604,MAINTAIN
Node_8862,Cape Town,50.33010323394902,1.6388853592766015,MAINTAIN
Node_8863,New York,83.7269209351602,4.44586377599902,MAINTAIN
Node_8864,London,30.255505450649675,3.9750348291720745,MAINTAIN
Node_8865,New York,96.04777423832381,3.175588805162663,MAINTAIN
Node_8866,New York,99.9547851485781,1.8367248013225632,MAINTAIN
Node_8867,Cape Town,83.56649274072039,4.595527121130294,MAINTAIN
Node_8868,London,97.44806243481318,2.7174177918190727,MAINTAIN
Node_8869,New York,92.36777280269905,1.5652005909113813,MAINTAIN
Node_8870,Cape Town,45.15461308767085,0.876275854067169,MAINTAIN
Node_8871,New York,18.820073426253558,3.8317354691872207,SHUTDOWN
Node_8872,New York,15.804111588398985,2.4462227078636944,SHUTDOWN
Node_8873,London,35.48785754510508,4.970941065923324,MAINTAIN
Node_8874,London,63.870068540092916,2.6510660776327293,MAINTAIN
Node_8875,New York,58.69093090385826,3.169411050988371,MAINTAIN
Node_8876,London,32.24958738733397,4.106500589422836,MAINTAIN
Node_8877,New York,92.25654871495027,1.0149142647085072,MAINTAIN
Node_8878,New York,37.0305367028285,2.909914767853712,MAINTAIN
Node_8879,Cape Town,12.395293785181813,4.706863168679153,SHUTDOWN
Node_8880,New York,84.15370678429197,3.7715735722011856,MAINTAIN
Node_8881,Cape Town,37.56475825404051,4.311109249203355,MAINTAIN
Node_8882,Cape Town,46.616222371887204,2.96287811020137,MAINTAIN
Node_8883,Cape Town,41.516981749275914,2.397565848585937,MAINTAIN
Node_8884,London,31.525747831628898,1.668638180763336,MAINTAIN
Node_8885,London,90.3338366779018,2.704957502860736,MAINTAIN
Node_8886,New York,98.97618209595691,4.84348198271356,MAINTAIN
Node_8887,Cape Town,15.085448781220396,2.927218095222147,SHUTDOWN
Node_8888,London,67.95809572974736,1.0979654765894993,MAINTAIN
Node_8889,New York,95.96140465347608,3.9434570090147725,MAINTAIN
Node_8890,London,10.004899812506002,4.712088939519327,SHUTDOWN
Node_8891,London,59.561890940593656,3.835528186398156,MAINTAIN
Node_8892,London,97.27096860438587,1.2034794227655436,MAINTAIN
Node_8893,London,84.32151967015773,3.3638579759500935,MAINTAIN
Node_8894,London,92.00828756446275,1.8170892204407334,MAINTAIN
Node_8895,New York,74.8904923328113,1.8917757610531856,MAINTAIN
Node_8896,New York,64.22164533940268,3.7816718991977085,MAINTAIN
Node_8897,London,36.33703088342571,1.4697922454294787,MAINTAIN
Node_8898,New York,82.42148962963844,4.684433834930819,MAINTAIN
Node_8899,Cape Town,78.6682901816567,1.300819975195706,MAINTAIN
Node_8900,London,68.66717057893104,3.114706506503634,MAINTAIN
Node_8901,London,86.79245632899263,3.4057419006008818,MAINTAIN
Node_8902,New York,51.463977750526574,4.39633010798917,MAINTAIN
Node_8903,London,38.14780928924262,1.0412654767009863,MAINTAIN
Node_8904,London,77.6665613699277,4.709987739283712,MAINTAIN
Node_8905,New York,69.83803925191609,2.2951258461058712,MAINTAIN
Node_8906,Cape Town,50.29974721677501,3.091306014265172,MAINTAIN
Node_8907,New York,41.51284251891648,3.545497548578354,MAINTAIN
Node_8908,Cape Town,44.430091587017095,4.432996731080103,MAINTAIN
Node_8909,Cape Town,56.668555976803034,4.236570490543441,MAINTAIN
Node_8910,New York,59.02481838893323,4.931123844311877,MAINTAIN
Node_8911,New York,88.77246792634796,3.343373963035986,MAINTAIN
Node_8912,Cape Town,26.143091824784605,2.826370286528187,SHUTDOWN
Node_8913,Cape Town,19.784749218724528,0.9850110869647017,SHUTDOWN
Node_8914,London,45.44321252194808,2.144841954329335,MAINTAIN
Node_8915,New York,51.83473754686369,2.128529818746218,MAINTAIN
Node_8916,New York,15.562379473394383,0.9663895138948622,SHUTDOWN
Node_8917,London,62.45135218228411,2.4836119435603754,MAINTAIN
Node_8918,New York,83.64117135042389,2.5977695630701563,MAINTAIN
Node_8919,London,71.63876370043448,2.0325224365967607,MAINTAIN
Node_8920,London,94.0568863174395,3.8312700328646647,MAINTAIN
Node_8921,London,75.49831188815217,3.33576251335853,MAINTAIN
Node_8922,New York,14.972703493409345,4.246698701918596,SHUTDOWN
Node_8923,Cape Town,82.79336665667714,0.961484011019059,MAINTAIN
Node_8924,Cape Town,46.13287797148028,1.7884002277151316,MAINTAIN
Node_8925,London,93.89960465170732,2.8439135014490815,MAINTAIN
Node_8926,Cape Town,63.24272191864206,4.592591282802027,MAINTAIN
Node_8927,New York,14.555491606119269,0.5979278979078613,SHUTDOWN
Node_8928,Cape Town,81.80685255146165,4.64069153584837,MAINTAIN
Node_8929,Cape Town,99.56302384889537,1.5311835526057145,MAINTAIN
Node_8930,Cape Town,11.918704746601462,2.172325199058852,SHUTDOWN
Node_8931,London,74.84022528136182,4.892730399077227,MAINTAIN
Node_8932,Cape Town,18.744553141808744,1.0906213894616896,SHUTDOWN
Node_8933,Cape Town,94.61078145891773,2.451321239282407,MAINTAIN
Node_8934,New York,47.382915958182316,4.614309945628297,MAINTAIN
Node_8935,London,16.563544763029896,1.0568513463310651,SHUTDOWN
Node_8936,London,95.02739612374873,0.5207368031220866,MAINTAIN
Node_8937,New York,61.88128053720743,3.1546503610168224,MAINTAIN
Node_8938,New York,35.42817732291428,2.436796107439374,MAINTAIN
Node_8939,Cape Town,57.80570415671153,4.596405676028457,MAINTAIN
Node_8940,New York,36.51494502150262,0.5390150969998659,MAINTAIN
Node_8941,Cape Town,73.83486620048846,4.964169954046289,MAINTAIN
Node_8942,London,43.540688563080636,1.0134978590568375,MAINTAIN
Node_8943,New York,17.440898954575328,2.7336893199969428,SHUTDOWN
Node_8944,London,33.99906227311593,3.767784900666885,MAINTAIN
Node_8945,New York,29.47719809816494,2.642101935652906,SHUTDOWN
Node_8946,New York,10.39146956189645,3.0422634507270887,SHUTDOWN
Node_8947,New York,69.46374782270465,0.9608829260107584,MAINTAIN
Node_8948,Cape Town,84.77068758971997,2.7967267447553263,MAINTAIN
Node_8949,Cape Town,98.52878493488849,1.5319097642668855,MAINTAIN
Node_8950,Cape Town,39.556461132362415,2.709402558769057,MAINTAIN
Node_8951,Cape Town,35.04307012278089,2.0933970662318284,MAINTAIN
Node_8952,London,97.10595891710017,2.184783810710046,MAINTAIN
Node_8953,London,25.740709424256018,2.085198058853152,SHUTDOWN
Node_8954,Cape Town,52.31926706719826,3.575507249311589,MAINTAIN
Node_8955,London,17.868585132957744,4.654798978102635,SHUTDOWN
Node_8956,London,51.01168023867321,3.543316112383554,MAINTAIN
Node_8957,New York,30.989696422085434,1.048801044366983,MAINTAIN
Node_8958,London,74.63118517985183,3.667789831082732,MAINTAIN
Node_8959,Cape Town,46.673714629615596,3.447018396799604,MAINTAIN
Node_8960,New York,81.62173413128261,2.897336727120604,MAINTAIN
Node_8961,Cape Town,33.54079430118075,4.716196762863266,MAINTAIN
Node_8962,Cape Town,39.554251640342855,4.92217292189057,MAINTAIN
Node_8963,Cape Town,85.93174451801572,1.0391380452584742,MAINTAIN
Node_8964,Cape Town,73.34534264491494,4.384473427245943,MAINTAIN
Node_8965,New York,83.54323919546975,3.1949740716121675,MAINTAIN
Node_8966,London,95.33868066083217,4.607042753322019,MAINTAIN
Node_8967,London,94.63644543729299,3.9366166067655,MAINTAIN
Node_8968,Cape Town,99.01811986012879,2.0859101112328524,MAINTAIN
Node_8969,London,50.839578421987085,2.1557315741368823,MAINTAIN
Node_8970,New York,75.68801909652358,2.2608170710411377,MAINTAIN
Node_8971,London,21.737100324530516,1.398232805299968,SHUTDOWN
Node_8972,Cape Town,84.67180691047953,2.2886279708533674,MAINTAIN
Node_8973,Cape Town,43.762736798103546,2.5361144441028824,MAINTAIN
Node_8974,Cape Town,92.26028618306759,3.310925101552675,MAINTAIN
Node_8975,New York,41.72229741380698,1.0001397383384132,MAINTAIN
Node_8976,Cape Town,52.78213148480199,4.078824659602985,MAINTAIN
Node_8977,London,60.75471920719809,4.2406199142633625,MAINTAIN
Node_8978,New York,30.197369362192553,3.073465740304044,MAINTAIN
Node_8979,New York,93.77628003546793,4.651644947940187,MAINTAIN
Node_8980,London,60.37753951870513,1.426041348253999,MAINTAIN
Node_8981,Cape Town,66.66136742868385,4.666613114495098,MAINTAIN
Node_8982,Cape Town,17.625526250282014,2.669650940227989,SHUTDOWN
Node_8983,Cape Town,83.4971045545395,3.4270663145109497,MAINTAIN
Node_8984,Cape Town,21.82486754824913,3.9868498651696624,SHUTDOWN
Node_8985,London,39.715000227111055,4.568599359093557,MAINTAIN
Node_8986,London,42.98498139021565,0.6329742246592542,MAINTAIN
Node_8987,Cape Town,56.09435960209827,0.5369715506069712,MAINTAIN
Node_8988,New York,78.80747931354259,3.382603901600989,MAINTAIN
Node_8989,Cape Town,12.506607711680099,0.5485458113420368,SHUTDOWN
Node_8990,Cape Town,70.40715369049911,4.386476459706316,MAINTAIN
Node_8991,New York,47.945100082834486,0.7657180670875331,MAINTAIN
Node_8992,New York,48.24741526552766,3.2388797283064172,MAINTAIN
Node_8993,London,40.645590797121145,1.0368535024233956,MAINTAIN
Node_8994,New York,18.01613748547904,4.206934507016662,SHUTDOWN
Node_8995,Cape Town,69.54929051285454,3.3782039091456553,MAINTAIN
Node_8996,Cape Town,53.413887266289315,2.9405462961472537,MAINTAIN
Node_8997,Cape Town,92.73454537936028,0.7870024987011961,MAINTAIN
Node_8998,New York,40.41938916938751,0.8255466158412876,MAINTAIN
Node_8999,New York,96.51745730058491,2.0166703614356347,MAINTAIN
Node_9000,London,44.58074073390808,3.3873109275546702,MAINTAIN
Node_9001,New York,28.3785450285341,3.4379311495349656,SHUTDOWN
Node_9002,London,31.780315509860586,2.2553801733450114,MAINTAIN
Node_9003,New York,97.45712946861254,2.5514604749674534,MAINTAIN
Node_9004,London,36.22960310355019,4.765733854652787,MAINTAIN
Node_9005,London,63.93231649212429,2.504889819964929,MAINTAIN
Node_9006,New York,93.12870993450547,1.7498600566877536,MAINTAIN
Node_9007,Cape Town,45.400671658837325,3.9096226143723567,MAINTAIN
Node_9008,New York,46.90288975326957,1.6315475223970917,MAINTAIN
Node_9009,Cape Town,11.405089437052405,0.9048958661134971,SHUTDOWN
Node_9010,Cape Town,52.260390042097505,3.5584040125715157,MAINTAIN
Node_9011,New York,34.18797253365094,4.851536813718234,MAINTAIN
Node_9012,Cape Town,74.66944451209781,2.1148907502265235,MAINTAIN
Node_9013,New York,92.27448117039523,4.778697820043332,MAINTAIN
Node_9014,Cape Town,50.67389177079435,0.6009664200625411,MAINTAIN
Node_9015,New York,55.720138124979684,1.8407772285828905,MAINTAIN
Node_9016,Cape Town,66.7167642211473,2.887476096782564,MAINTAIN
Node_9017,New York,84.31846437206268,4.159673617816361,MAINTAIN
Node_9018,Cape Town,60.61710895009296,4.620901625437685,MAINTAIN
Node_9019,New York,21.406374434424208,3.303130641178134,SHUTDOWN
Node_9020,Cape Town,89.10778182236228,1.0273435027131002,MAINTAIN
Node_9021,Cape Town,73.229587565986,1.2763348780477881,MAINTAIN
Node_9022,New York,84.92316293523072,4.46171514203028,MAINTAIN
Node_9023,Cape Town,21.674150443822718,4.832669868393955,SHUTDOWN
Node_9024,London,25.95489001057624,3.5129604474600304,SHUTDOWN
Node_9025,Cape Town,30.917746147813258,4.51044600953983,MAINTAIN
Node_9026,Cape Town,79.73537090116342,4.656582690672302,MAINTAIN
Node_9027,London,96.74371442964052,2.6587741149050768,MAINTAIN
Node_9028,Cape Town,19.051607047793823,4.94093477987832,SHUTDOWN
Node_9029,New York,55.56098236838067,0.8847238726152973,MAINTAIN
Node_9030,London,90.4359009041468,1.7355421713895425,MAINTAIN
Node_9031,London,11.50054237795862,2.7450353539896866,SHUTDOWN
Node_9032,Cape Town,43.37700824764753,4.6752907364367084,MAINTAIN
Node_9033,New York,62.12766134337722,2.392568100582868,MAINTAIN
Node_9034,London,85.8743179835247,2.4891671591448548,MAINTAIN
Node_9035,London,35.02466644910663,3.745534122494724,MAINTAIN
Node_9036,Cape Town,13.424034566199492,1.071851053657507,SHUTDOWN
Node_9037,Cape Town,37.88997002113134,4.673124446792361,MAINTAIN
Node_9038,Cape Town,80.98618540893789,2.111285368119686,MAINTAIN
Node_9039,Cape Town,16.65648407194213,1.0407575606403068,SHUTDOWN
Node_9040,New York,30.602543821808762,4.3567446209668015,MAINTAIN
Node_9041,London,90.11352754580969,3.9212990466165385,MAINTAIN
Node_9042,New York,42.75379100128174,3.499207457117687,MAINTAIN
Node_9043,Cape Town,94.1030263887184,2.004414573605384,MAINTAIN
Node_9044,Cape Town,19.866393726005935,3.445959183295484,SHUTDOWN
Node_9045,London,58.287792172217124,1.0184422026231719,MAINTAIN
Node_9046,London,16.070854011015683,2.4834219881744732,SHUTDOWN
Node_9047,London,14.406993672741518,3.8882706924794688,SHUTDOWN
Node_9048,London,61.61643737643969,2.262287821864244,MAINTAIN
Node_9049,London,11.45037152881563,1.8838322481141114,SHUTDOWN
Node_9050,New York,63.489182781913826,2.905201810167961,MAINTAIN
Node_9051,Cape Town,54.843812943725695,2.262729749030252,MAINTAIN
Node_9052,New York,36.04560021620915,2.677811737308627,MAINTAIN
Node_9053,London,34.406911370935475,3.9285404194422773,MAINTAIN
Node_9054,London,69.65018252392537,3.3206186699935127,MAINTAIN
Node_9055,New York,27.67794538147584,3.7215313821037777,SHUTDOWN
Node_9056,London,26.210239481088948,4.0044618914997185,SHUTDOWN
Node_9057,New York,86.00227046861067,4.434060864928624,MAINTAIN
Node_9058,New York,90.60072371457036,4.644630598234683,MAINTAIN
Node_9059,New York,74.78234014763798,2.648143718015567,MAINTAIN
Node_9060,Cape Town,95.17448635463599,2.719484129598036,MAINTAIN
Node_9061,New York,97.447590172472,4.881797247251783,MAINTAIN
Node_9062,Cape Town,73.0842008185927,3.7143872679540406,MAINTAIN
Node_9063,Cape Town,44.9818948200638,2.6743060675046566,MAINTAIN
Node_9064,Cape Town,16.34011478724149,4.417644074456553,SHUTDOWN
Node_9065,London,30.662551212835204,2.3901208504485663,MAINTAIN
Node_9066,New York,99.2890697016442,0.812238151510181,MAINTAIN
Node_9067,London,43.69290266727644,2.555953578861399,MAINTAIN
Node_9068,London,82.82954868542868,3.2450005876319272,MAINTAIN
Node_9069,London,30.67468543285562,4.682921832806857,MAINTAIN
Node_9070,Cape Town,79.39158681848212,3.3531467567010287,MAINTAIN
Node_9071,London,38.43297251456853,2.5031003556815907,MAINTAIN
Node_9072,Cape Town,55.91194189988102,1.0788543526282546,MAINTAIN
Node_9073,Cape Town,67.31608636028398,1.40987264329052,MAINTAIN
Node_9074,New York,63.98997517577742,1.9550724764993492,MAINTAIN
Node_9075,Cape Town,32.93659951774825,2.0065262628320943,MAINTAIN
Node_9076,London,96.62927545981712,2.35357990196359,MAINTAIN
Node_9077,Cape Town,31.40700651218896,4.6282463896104815,MAINTAIN
Node_9078,New York,24.53827999737984,3.765460069398795,SHUTDOWN
Node_9079,Cape Town,75.25654534301404,1.6697799828116744,MAINTAIN
Node_9080,New York,92.91939499815368,4.437999650640805,MAINTAIN
Node_9081,London,35.59423752600963,1.1162908895719243,MAINTAIN
Node_9082,Cape Town,54.48998984216765,3.47997870183741,MAINTAIN
Node_9083,Cape Town,42.62266462164217,2.416140775745604,MAINTAIN
Node_9084,New York,55.0820104663461,1.4765499271590419,MAINTAIN
Node_9085,London,69.03519257783564,1.5820051129945933,MAINTAIN
Node_9086,London,75.0016329126469,2.1538905263231847,MAINTAIN
Node_9087,Cape Town,83.01298391281115,4.00275746929478,MAINTAIN
Node_9088,New York,24.125794728526728,4.624367635761717,SHUTDOWN
Node_9089,London,55.206088207748294,1.7265733914787922,MAINTAIN
Node_9090,Cape Town,88.81506213600706,2.167819449493118,MAINTAIN
Node_9091,London,92.93626477593361,3.276096513919669,MAINTAIN
Node_9092,London,98.05629001165498,3.453413525032446,MAINTAIN
Node_9093,New York,62.804252613345305,3.7606665978071208,MAINTAIN
Node_9094,London,52.55904753266343,3.0357671124242396,MAINTAIN
Node_9095,Cape Town,66.60980829261362,4.616647341848693,MAINTAIN
Node_9096,London,28.303629791571435,3.758462692514505,SHUTDOWN
Node_9097,New York,38.61511841391572,4.1460249251970644,MAINTAIN
Node_9098,New York,65.38917575292041,2.0107679715512132,MAINTAIN
Node_9099,London,76.0626400009927,3.9514728485516373,MAINTAIN
Node_9100,New York,47.296469577737476,0.9745049993008723,MAINTAIN
Node_9101,London,12.275160192998893,4.687941479971106,SHUTDOWN
Node_9102,New York,57.514299101274,2.8957664865822044,MAINTAIN
Node_9103,London,89.83135554513441,1.2583769271104395,MAINTAIN
Node_9104,Cape Town,77.7961703560553,3.529114157347243,MAINTAIN
Node_9105,London,91.30988172838592,1.2641663761434778,MAINTAIN
Node_9106,Cape Town,43.49627483477546,2.699940154227107,MAINTAIN
Node_9107,Cape Town,42.78116841653901,1.132178866247015,MAINTAIN
Node_9108,New York,17.893595933544134,0.8841749820584381,SHUTDOWN
Node_9109,Cape Town,68.6014398921299,3.747882229430279,MAINTAIN
Node_9110,New York,29.856107407707484,1.767142522809238,SHUTDOWN
Node_9111,Cape Town,47.90607771650235,1.2152813161204135,MAINTAIN
Node_9112,Cape Town,59.29798857663186,4.767129762550733,MAINTAIN
Node_9113,Cape Town,43.43615093569291,4.017463426688926,MAINTAIN
Node_9114,Cape Town,52.967351304635,0.571241772974803,MAINTAIN
Node_9115,New York,15.50922036490836,1.3841532022766496,SHUTDOWN
Node_9116,New York,21.382931633273245,1.0226850148673874,SHUTDOWN
Node_9117,Cape Town,56.93089965708741,3.154296463068767,MAINTAIN
Node_9118,New York,17.89151677248515,4.970786460614374,SHUTDOWN
Node_9119,New York,89.60931948073188,0.8915264292773285,MAINTAIN
Node_9120,Cape Town,43.9425294018008,1.3750883842737711,MAINTAIN
Node_9121,Cape Town,90.5945435225047,0.8540620670076609,MAINTAIN
Node_9122,Cape Town,35.24059738470273,4.717298687159762,MAINTAIN
Node_9123,New York,99.54836473284011,3.284616430482679,MAINTAIN
Node_9124,London,21.377028111934244,2.3023285292025495,SHUTDOWN
Node_9125,New York,27.54436781580579,2.1797153928439856,SHUTDOWN
Node_9126,Cape Town,71.63254479063042,4.34542713664108,MAINTAIN
Node_9127,New York,13.715780133552904,0.6396822955194563,SHUTDOWN
Node_9128,New York,74.22890957608921,2.388951730514722,MAINTAIN
Node_9129,Cape Town,45.80766090770824,3.064096589945894,MAINTAIN
Node_9130,Cape Town,70.29435572676005,4.244859887658123,MAINTAIN
Node_9131,New York,37.77601080101394,3.891412282985368,MAINTAIN
Node_9132,New York,21.90968164730483,1.3918370508643432,SHUTDOWN
Node_9133,Cape Town,21.98787664874364,2.7049831685624617,SHUTDOWN
Node_9134,Cape Town,37.31226749580187,1.9606690308400645,MAINTAIN
Node_9135,Cape Town,31.755177223993865,4.741400649490208,MAINTAIN
Node_9136,New York,10.729038676805677,2.27954835935141,SHUTDOWN
Node_9137,Cape Town,70.87866112849409,3.9891935724333463,MAINTAIN
Node_9138,New York,43.56300999443511,4.034893235621094,MAINTAIN
Node_9139,New York,61.55710122775815,2.939834806904691,MAINTAIN
Node_9140,London,30.81717733434901,3.797467854047403,MAINTAIN
Node_9141,London,64.9561270202756,4.889792032082385,MAINTAIN
Node_9142,London,76.92225279990058,1.7728983378835301,MAINTAIN
Node_9143,Cape Town,86.85676827343246,4.459537900468862,MAINTAIN
Node_9144,New York,94.89239353872034,3.13613744291401,MAINTAIN
Node_9145,London,64.14375879209004,0.8936650205223848,MAINTAIN
Node_9146,Cape Town,43.084010320917486,3.359613500530099,MAINTAIN
Node_9147,Cape Town,86.40841005652229,0.6654003843099783,MAINTAIN
Node_9148,Cape Town,58.894447930924976,2.1716205922969207,MAINTAIN
Node_9149,London,39.24210143082222,1.3438743895760334,MAINTAIN
Node_9150,Cape Town,91.32232674300056,1.2115516572491143,MAINTAIN
Node_9151,New York,11.938969191664711,1.6463670192865425,SHUTDOWN
Node_9152,London,59.38572327421399,2.2867025575793827,MAINTAIN
Node_9153,Cape Town,43.52329886931477,3.4642700288505117,MAINTAIN
Node_9154,London,67.12261673022357,4.898985945149737,MAINTAIN
Node_9155,New York,70.40127671954367,4.945528075195422,MAINTAIN
Node_9156,London,38.7002931606374,0.9819009953011915,MAINTAIN
Node_9157,New York,77.90015769406912,3.0021617806207312,MAINTAIN
Node_9158,London,60.08054810352404,3.8459224925340116,MAINTAIN
Node_9159,Cape Town,96.77225604681692,4.652293161160647,MAINTAIN
Node_9160,Cape Town,68.18982581766298,2.147897032499939,MAINTAIN
Node_9161,New York,16.36987139744303,0.9458192130376297,SHUTDOWN
Node_9162,Cape Town,72.21174478420552,0.9952399228758144,MAINTAIN
Node_9163,Cape Town,37.352944164102524,2.9030233284160984,MAINTAIN
Node_9164,Cape Town,84.73077817533637,2.3515118742339025,MAINTAIN
Node_9165,London,93.54970248724426,1.6627536013640605,MAINTAIN
Node_9166,New York,57.20543282460338,4.755162004029742,MAINTAIN
Node_9167,New York,20.38578807730493,1.2529475520717646,SHUTDOWN
Node_9168,London,97.11692967094878,4.91375921771677,MAINTAIN
Node_9169,Cape Town,98.92053774164634,4.589004954405861,MAINTAIN
Node_9170,New York,56.98175537467079,3.5035977432610315,MAINTAIN
Node_9171,New York,95.3462708022618,4.660308405085229,MAINTAIN
Node_9172,London,76.09415119500423,4.35492506762124,MAINTAIN
Node_9173,Cape Town,52.565833107361485,1.3924072985650429,MAINTAIN
Node_9174,New York,43.248033447080275,4.99179090532726,MAINTAIN
Node_9175,London,62.20581627928283,0.7850195680734726,MAINTAIN
Node_9176,London,25.041223545984888,0.899139180325134,SHUTDOWN
Node_9177,London,81.66192160220474,3.5649999992432173,MAINTAIN
Node_9178,Cape Town,28.2029067869468,1.4580701351357226,SHUTDOWN
Node_9179,New York,72.59647747109015,3.380545452053342,MAINTAIN
Node_9180,New York,98.6282970443988,3.540296458378381,MAINTAIN
Node_9181,London,57.21861752529072,1.0092066122561723,MAINTAIN
Node_9182,London,49.65137792812052,1.072608182588508,MAINTAIN
Node_9183,New York,13.363123840547907,2.3405481447668857,SHUTDOWN
Node_9184,Cape Town,32.002898962460826,0.6425782017769773,MAINTAIN
Node_9185,New York,39.42254912249727,1.5652510573495502,MAINTAIN
Node_9186,New York,26.797997946939894,4.789855056640862,SHUTDOWN
Node_9187,New York,43.763236137207414,4.5346846750248915,MAINTAIN
Node_9188,Cape Town,75.09562376678109,4.34337941801478,MAINTAIN
Node_9189,Cape Town,22.071684301775875,1.4913639194466155,SHUTDOWN
Node_9190,London,15.738327660586915,2.156112925303292,SHUTDOWN
Node_9191,Cape Town,13.044450442540075,1.5520678192990105,SHUTDOWN
Node_9192,Cape Town,54.93162657447454,3.71338996634171,MAINTAIN
Node_9193,London,88.12800340388469,1.4116121256609193,MAINTAIN
Node_9194,London,53.15803817915969,1.9001414131757293,MAINTAIN
Node_9195,New York,51.391970857458155,1.733378056007574,MAINTAIN
Node_9196,New York,74.83789966623205,3.0048042663401384,MAINTAIN
Node_9197,New York,15.828100599959434,1.1079141205589702,SHUTDOWN
Node_9198,London,45.30744574951667,2.858812463643396,MAINTAIN
Node_9199,New York,73.15736882953435,1.0146699947000029,MAINTAIN
Node_9200,Cape Town,75.74619506569536,3.8604154039650638,MAINTAIN
Node_9201,Cape Town,83.36358116270608,1.3983789714904518,MAINTAIN
Node_9202,New York,13.023841532714872,1.1241966523957088,SHUTDOWN
Node_9203,London,94.48756088210203,3.099734102801375,MAINTAIN
Node_9204,New York,58.59870358013387,1.110811124796336,MAINTAIN
Node_9205,Cape Town,63.93697593508263,3.775907527425652,MAINTAIN
Node_9206,Cape Town,89.66361619682888,2.6168868058650294,MAINTAIN
Node_9207,New York,92.84668793421885,3.731086316832986,MAINTAIN
Node_9208,New York,14.315208742913436,3.6762682690510537,SHUTDOWN
Node_9209,New York,18.16936212849634,4.175070506957564,SHUTDOWN
Node_9210,Cape Town,10.195836385475227,3.8887193748643756,SHUTDOWN
Node_9211,New York,36.48273254495871,2.6707027753838157,MAINTAIN
Node_9212,New York,46.39837694034075,2.9826675706884855,MAINTAIN
Node_9213,Cape Town,18.262669471314894,2.7582929051441503,SHUTDOWN
Node_9214,Cape Town,17.948555544332248,1.2291747156138233,SHUTDOWN
Node_9215,London,37.622022123625555,1.0935655481096114,MAINTAIN
Node_9216,New York,86.00939879627634,1.1791078649056743,MAINTAIN
Node_9217,New York,56.62272046338791,3.053315596167377,MAINTAIN
Node_9218,New York,52.19664739500572,4.802846140989648,MAINTAIN
Node_9219,Cape Town,57.72330232367613,1.4743427780176266,MAINTAIN
Node_9220,Cape Town,96.92067092765015,1.7262580419790465,MAINTAIN
Node_9221,London,93.1517751034365,0.8972587595146092,MAINTAIN
Node_9222,London,34.453968795600986,3.034387488921972,MAINTAIN
Node_9223,Cape Town,80.6067278590114,2.5118077412454882,MAINTAIN
Node_9224,London,19.31305063912688,1.486446849347567,SHUTDOWN
Node_9225,New York,49.66389275329417,3.5575324862917626,MAINTAIN
Node_9226,New York,55.970859901076714,4.082048981510187,MAINTAIN
Node_9227,New York,36.761089579149605,4.809147092242958,MAINTAIN
Node_9228,Cape Town,71.72118080109767,4.286602536166987,MAINTAIN
Node_9229,London,32.84718620599149,3.2803361292127544,MAINTAIN
Node_9230,London,25.32868729227459,0.7424644650700364,SHUTDOWN
Node_9231,London,59.35938805566596,4.616183380725285,MAINTAIN
Node_9232,New York,92.749424502362,4.798770827547383,MAINTAIN
Node_9233,Cape Town,70.20935470548774,1.4663411779385245,MAINTAIN
Node_9234,London,27.27669438842428,4.036934728658313,SHUTDOWN
Node_9235,London,51.26690681745873,1.8203892078808683,MAINTAIN
Node_9236,Cape Town,11.42260603800953,4.502673823497765,SHUTDOWN
Node_9237,Cape Town,38.6476042412609,1.0193952239452841,MAINTAIN
Node_9238,New York,69.01168599953226,1.7099018129367103,MAINTAIN
Node_9239,New York,43.780491711200966,1.0478858857387066,MAINTAIN
Node_9240,Cape Town,56.8457110029381,0.6588402036739927,MAINTAIN
Node_9241,London,95.66157332735871,3.30714987298881,MAINTAIN
Node_9242,London,63.440789835264106,3.075611761753972,MAINTAIN
Node_9243,London,42.91953824347238,1.252226693742815,MAINTAIN
Node_9244,New York,93.89744028694119,3.309620862907693,MAINTAIN
Node_9245,Cape Town,56.48898398525371,1.0715662377530486,MAINTAIN
Node_9246,Cape Town,94.33574650602584,3.8053704056683406,MAINTAIN
Node_9247,London,47.758640863422656,1.0612441704545463,MAINTAIN
Node_9248,Cape Town,83.28828834887187,2.5021878007622664,MAINTAIN
Node_9249,New York,64.93147533346489,4.130394495074119,MAINTAIN
Node_9250,New York,15.947869282838402,4.337294555034621,SHUTDOWN
Node_9251,London,50.81194667451004,2.05355270473833,MAINTAIN
Node_9252,Cape Town,22.99639663161662,1.7965328808732854,SHUTDOWN
Node_9253,Cape Town,88.60518237830212,1.7714826286833394,MAINTAIN
Node_9254,New York,89.73775727510714,3.0622804185786157,MAINTAIN
Node_9255,New York,73.16700986648351,2.8570270167500706,MAINTAIN
Node_9256,London,66.21945493770671,1.3621215355874288,MAINTAIN
Node_9257,London,10.424114177160696,4.916180605205981,SHUTDOWN
Node_9258,Cape Town,61.97548738949939,1.5236894133194676,MAINTAIN
Node_9259,New York,16.523969506218215,4.671454348940137,SHUTDOWN
Node_9260,London,45.510874311839785,0.7629688472687017,MAINTAIN
Node_9261,Cape Town,68.92880287594058,2.657067471557953,MAINTAIN
Node_9262,Cape Town,13.364170515653313,4.897299963201401,SHUTDOWN
Node_9263,New York,95.32925968534016,4.951698457512205,MAINTAIN
Node_9264,Cape Town,56.697053575183205,2.317427408656639,MAINTAIN
Node_9265,New York,81.55763515647725,4.667830154183148,MAINTAIN
Node_9266,London,96.63962014597784,4.777069555842678,MAINTAIN
Node_9267,New York,10.59269662882203,3.6308066560862557,SHUTDOWN
Node_9268,Cape Town,57.5856610494767,1.0687266816234369,MAINTAIN
Node_9269,New York,48.87987984035492,3.606308787945604,MAINTAIN
Node_9270,London,55.43880772974659,2.9527784537330977,MAINTAIN
Node_9271,Cape Town,75.82287508972755,1.9305793469841062,MAINTAIN
Node_9272,Cape Town,46.47371238476622,1.2052442991128811,MAINTAIN
Node_9273,London,12.240779506853393,3.5167576268222276,SHUTDOWN
Node_9274,London,58.81988713420591,0.6389747877118301,MAINTAIN
Node_9275,New York,26.215331992322206,1.9368614928886398,SHUTDOWN
Node_9276,London,30.546644599467044,0.7466766939719265,MAINTAIN
Node_9277,Cape Town,60.47295989817707,3.129420382335579,MAINTAIN
Node_9278,London,77.59456955876554,4.348380720829514,MAINTAIN
Node_9279,New York,71.5894669036032,3.574012595393313,MAINTAIN
Node_9280,London,82.32014064305494,2.599550158693334,MAINTAIN
Node_9281,New York,13.030321244495902,1.7370753242761028,SHUTDOWN
Node_9282,London,77.14187663535645,3.533449662824046,MAINTAIN
Node_9283,London,71.46423899362068,4.648546640023605,MAINTAIN
Node_9284,Cape Town,22.2756888968432,4.03626620000497,SHUTDOWN
Node_9285,New York,77.71670607758925,4.651972901991619,MAINTAIN
Node_9286,Cape Town,91.81088429346215,2.220380778054702,MAINTAIN
Node_9287,London,16.30338272713514,2.759880821418917,SHUTDOWN
Node_9288,London,36.560210787346705,1.691149377749507,MAINTAIN
Node_9289,New York,18.859686859651898,1.1060634228379378,SHUTDOWN
Node_9290,New York,54.9130407792014,1.530909038731283,MAINTAIN
Node_9291,New York,21.376654925840356,2.67064447753334,SHUTDOWN
Node_9292,Cape Town,98.39536247085368,3.8287912568730746,MAINTAIN
Node_9293,New York,79.49341082741081,3.3034503085071467,MAINTAIN
Node_9294,New York,40.77340738789353,4.88589999984497,MAINTAIN
Node_9295,Cape Town,94.03986707529808,3.3000483101786475,MAINTAIN
Node_9296,London,24.334732887192402,1.1616380854664334,SHUTDOWN
Node_9297,London,20.192062860490864,1.6156178154628114,SHUTDOWN
Node_9298,New York,29.974381661879498,3.0131059443343333,SHUTDOWN
Node_9299,New York,68.82995207857664,1.0556846062563272,MAINTAIN
Node_9300,Cape Town,16.352957725321406,2.2699199486155712,SHUTDOWN
Node_9301,Cape Town,68.76276073749716,4.930966679698199,MAINTAIN
Node_9302,London,35.969734483438685,4.261117262571073,MAINTAIN
Node_9303,Cape Town,38.85645174778291,4.536465786595329,MAINTAIN
Node_9304,New York,24.70363378082514,2.203864350163542,SHUTDOWN
Node_9305,New York,95.11700685066144,1.2948982427657225,MAINTAIN
Node_9306,New York,60.768402484641506,2.9766156178623224,MAINTAIN
Node_9307,Cape Town,87.52249185434637,3.7250264792751695,MAINTAIN
Node_9308,New York,24.19849822803897,4.304565560950094,SHUTDOWN
Node_9309,London,68.75388315331193,3.098745783626901,MAINTAIN
Node_9310,London,24.16824981976233,1.6678682138694636,SHUTDOWN
Node_9311,New York,79.68142540365348,1.347015355105324,MAINTAIN
Node_9312,New York,35.166671535011844,3.035271282687487,MAINTAIN
Node_9313,London,75.58878569320017,3.436983196473851,MAINTAIN
Node_9314,Cape Town,19.227581173606758,4.298825140522489,SHUTDOWN
Node_9315,London,59.69742463927399,4.797632584539501,MAINTAIN
Node_9316,Cape Town,52.69433611992891,3.4814487908119864,MAINTAIN
Node_9317,Cape Town,86.8314416736732,3.2564785824181257,MAINTAIN
Node_9318,New York,85.89334763433985,4.873899272867614,MAINTAIN
Node_9319,London,96.38930893943721,4.855530925742637,MAINTAIN
Node_9320,New York,52.78271225508611,4.8213144013005715,MAINTAIN
Node_9321,New York,74.17632613154383,3.886140688198308,MAINTAIN
Node_9322,London,64.39995996602806,1.5638174103075855,MAINTAIN
Node_9323,London,25.303489665008087,1.964794717664386,SHUTDOWN
Node_9324,Cape Town,91.16076889313506,1.069860583536925,MAINTAIN
Node_9325,London,57.595155377893185,3.876987499774489,MAINTAIN
Node_9326,Cape Town,16.061164570337887,0.6363885829644483,SHUTDOWN
Node_9327,Cape Town,10.477454274059546,3.8995410892692797,SHUTDOWN
Node_9328,London,59.45648265762506,4.554159518434999,MAINTAIN
Node_9329,Cape Town,60.47818774918768,4.1735979037182345,MAINTAIN
Node_9330,Cape Town,96.61074533890346,4.104055773430655,MAINTAIN
Node_9331,London,22.349625801387845,3.547929203437901,SHUTDOWN
Node_9332,New York,44.095021994695074,3.278796921689977,MAINTAIN
Node_9333,Cape Town,10.651748557448066,4.543292517661213,SHUTDOWN
Node_9334,New York,85.79431984841493,2.359163582318299,MAINTAIN
Node_9335,New York,65.24193610978901,3.3216424170301266,MAINTAIN
Node_9336,New York,26.57623568390994,4.515126479780028,SHUTDOWN
Node_9337,New York,57.186450321972806,0.6026545638712324,MAINTAIN
Node_9338,London,86.54717226933757,1.8518872534796924,MAINTAIN
Node_9339,New York,61.627143901300926,2.5463832437225227,MAINTAIN
Node_9340,New York,92.4649932403701,2.887372543474535,MAINTAIN
Node_9341,Cape Town,55.69036521607686,0.7285928527200654,MAINTAIN
Node_9342,New York,90.7301338802224,4.2484338817934475,MAINTAIN
Node_9343,New York,45.99171255391801,4.189036480596306,MAINTAIN
Node_9344,New York,10.922757191109127,1.623953566723661,SHUTDOWN
Node_9345,New York,67.36497519006423,2.065106234798087,MAINTAIN
Node_9346,New York,79.72717438441902,4.106397989813951,MAINTAIN
Node_9347,London,40.759329168133675,4.68909312485536,MAINTAIN
Node_9348,Cape Town,85.31431988036223,2.2156888190095443,MAINTAIN
Node_9349,London,49.59765422651913,1.5204827725950332,MAINTAIN
Node_9350,London,27.825299078910987,0.8665633127979563,SHUTDOWN
Node_9351,London,78.73455398183602,3.602359708002813,MAINTAIN
Node_9352,New York,81.89252145914112,3.331967058296024,MAINTAIN
Node_9353,London,55.55210514596719,3.5976897882523255,MAINTAIN
Node_9354,London,24.901505460411855,3.288122368945873,SHUTDOWN
Node_9355,Cape Town,95.7588465356234,1.2720388695027864,MAINTAIN
Node_9356,New York,80.43569246499261,0.6289048833047067,MAINTAIN
Node_9357,London,47.27068234811668,3.6735053137927314,MAINTAIN
Node_9358,Cape Town,36.571065543513754,0.892839143602826,MAINTAIN
Node_9359,New York,50.82335322234658,0.868489507497782,MAINTAIN
Node_9360,New York,87.24319556115637,4.475526603448901,MAINTAIN
Node_9361,Cape Town,25.145688096412158,1.3749210891778367,SHUTDOWN
Node_9362,New York,74.22600841621221,2.2054835969067623,MAINTAIN
Node_9363,London,69.50262052766294,2.277641981014827,MAINTAIN
Node_9364,London,22.92424078971781,4.116370035571082,SHUTDOWN
Node_9365,London,99.29193952375593,2.477493569622885,MAINTAIN
Node_9366,London,52.24185242437595,4.618396764044679,MAINTAIN
Node_9367,London,47.63436324271358,1.8602667175489032,MAINTAIN
Node_9368,New York,67.82494810542673,3.85718269474472,MAINTAIN
Node_9369,New York,41.56945152180149,2.1327279140199367,MAINTAIN
Node_9370,Cape Town,27.709692486864338,3.040426310867056,SHUTDOWN
Node_9371,Cape Town,96.17423634681874,2.7725099012741348,MAINTAIN
Node_9372,New York,94.48345391025445,0.7776191862960895,MAINTAIN
Node_9373,London,88.29702860365374,1.7282550755042159,MAINTAIN
Node_9374,London,10.830846723161997,1.3042720905999952,SHUTDOWN
Node_9375,Cape Town,37.72373701641385,0.5983878473190576,MAINTAIN
Node_9376,London,26.797290055180664,1.1448819669605326,SHUTDOWN
Node_9377,Cape Town,99.88821221313756,2.7547858703023413,MAINTAIN
Node_9378,London,90.67070966621353,4.174062502877807,MAINTAIN
Node_9379,Cape Town,83.54047889523223,2.8695055475781515,MAINTAIN
Node_9380,Cape Town,24.81673205791171,3.2836143397133077,SHUTDOWN
Node_9381,London,70.80358883890693,4.899424023269738,MAINTAIN
Node_9382,New York,24.67017237750001,1.827722905164829,SHUTDOWN
Node_9383,London,59.60719661513292,1.6908518715380647,MAINTAIN
Node_9384,New York,48.42957483853386,2.2383461499230957,MAINTAIN
Node_9385,New York,44.73820214739994,4.176629371547214,MAINTAIN
Node_9386,London,87.4971210902225,1.1961290925273136,MAINTAIN
Node_9387,New York,92.07021420076309,1.0709918904541789,MAINTAIN
Node_9388,London,18.681592672434526,2.973695797299272,SHUTDOWN
Node_9389,Cape Town,53.670781651791415,2.1121050414861413,MAINTAIN
Node_9390,New York,77.28428789798265,4.087336428679521,MAINTAIN
Node_9391,Cape Town,24.16427122283152,1.5887459276530043,SHUTDOWN
Node_9392,London,32.66506539447306,4.277456757312265,MAINTAIN
Node_9393,London,88.9067404923088,2.000325351053199,MAINTAIN
Node_9394,New York,35.85310542228537,2.72596774749802,MAINTAIN
Node_9395,Cape Town,14.535540842424469,3.7717105050103408,SHUTDOWN
Node_9396,New York,91.72253387698855,3.4825256107521203,MAINTAIN
Node_9397,New York,47.45305375118541,0.7752413417954149,MAINTAIN
Node_9398,Cape Town,88.36364714719149,4.898922163718838,MAINTAIN
Node_9399,London,17.76801583549009,4.657890407774789,SHUTDOWN
Node_9400,London,91.83177925503006,1.0959613393595886,MAINTAIN
Node_9401,New York,66.44059049700007,2.8086630744325634,MAINTAIN
Node_9402,Cape Town,98.32970280797906,1.7253503642431252,MAINTAIN
Node_9403,London,64.80082005676255,3.3746780841516286,MAINTAIN
Node_9404,Cape Town,85.17012785134045,2.49158797623188,MAINTAIN
Node_9405,Cape Town,37.6259709018758,3.741383791976759,MAINTAIN
Node_9406,London,57.67056200350907,4.403184144914651,MAINTAIN
Node_9407,New York,56.95755693397756,1.556174489575615,MAINTAIN
Node_9408,Cape Town,35.523290678328834,1.2372477227109409,MAINTAIN
Node_9409,Cape Town,31.133250285085694,1.4066536887094763,MAINTAIN
Node_9410,Cape Town,78.55254692043042,1.1388979955943679,MAINTAIN
Node_9411,London,44.64119965953685,0.8289157962897007,MAINTAIN
Node_9412,New York,85.06216436155002,3.000207427511337,MAINTAIN
Node_9413,Cape Town,98.20235877146132,4.0853122849817165,MAINTAIN
Node_9414,New York,92.44371342479877,3.6559523803366596,MAINTAIN
Node_9415,Cape Town,36.013655751394694,3.7617059953260035,MAINTAIN
Node_9416,Cape Town,42.78853144688484,4.397198894020731,MAINTAIN
Node_9417,Cape Town,10.265664167251744,4.3687168795788685,SHUTDOWN
Node_9418,Cape Town,12.72917204775992,3.837076990236522,SHUTDOWN
Node_9419,Cape Town,99.34628816386137,2.0694736786479444,MAINTAIN
Node_9420,New York,84.59005198961711,4.214606555616362,MAINTAIN
Node_9421,London,48.82580590017967,4.371163370150912,MAINTAIN
Node_9422,London,69.57116657144195,1.2956109269318261,MAINTAIN
Node_9423,Cape Town,89.10883945217365,4.57841517068001,MAINTAIN
Node_9424,London,12.457820934933691,1.6776212427591082,SHUTDOWN
Node_9425,New York,39.76526844792463,2.0976025333376938,MAINTAIN
Node_9426,Cape Town,20.265218136421968,0.7879330129787119,SHUTDOWN
Node_9427,London,12.209293647957134,3.8536235760819255,SHUTDOWN
Node_9428,New York,22.851919996902986,3.2753502138773323,SHUTDOWN
Node_9429,Cape Town,41.13519798125451,4.225231722085566,MAINTAIN
Node_9430,New York,68.5105556721084,2.375370829565512,MAINTAIN
Node_9431,Cape Town,29.716553808036497,0.7359959487011933,SHUTDOWN
Node_9432,Cape Town,83.79612871217194,3.813566521053746,MAINTAIN
Node_9433,New York,95.66353535744818,4.201194446578681,MAINTAIN
Node_9434,New York,11.302010228329939,2.596273027112116,SHUTDOWN
Node_9435,New York,67.36337608108609,1.0793680880339986,MAINTAIN
Node_9436,London,12.767835295502907,1.3243879356832804,SHUTDOWN
Node_9437,New York,86.44448455911487,2.919814007777951,MAINTAIN
Node_9438,New York,67.20937407847401,1.7985033729611763,MAINTAIN
Node_9439,Cape Town,60.89251437577961,3.2191677396678244,MAINTAIN
Node_9440,New York,54.50607514890333,3.689064993400198,MAINTAIN
Node_9441,London,84.54770495414014,3.1028967060774173,MAINTAIN
Node_9442,London,18.323355220262123,4.570868912426806,SHUTDOWN
Node_9443,London,95.11135431199288,2.6156286662995156,MAINTAIN
Node_9444,New York,52.07610754950363,1.3268554165869866,MAINTAIN
Node_9445,New York,80.23178518283763,4.707027666410502,MAINTAIN
Node_9446,Cape Town,36.834644926643215,0.784585194948231,MAINTAIN
Node_9447,New York,25.40849817867089,3.260644155316396,SHUTDOWN
Node_9448,New York,13.9298129460099,2.739536481040419,SHUTDOWN
Node_9449,London,71.8560714314968,2.5504060107244295,MAINTAIN
Node_9450,London,14.503024647227242,1.5983808555606602,SHUTDOWN
Node_9451,New York,37.10146637127706,2.023867772249461,MAINTAIN
Node_9452,Cape Town,77.86161282545945,1.611144871568184,MAINTAIN
Node_9453,New York,63.65322674214414,1.039604573117489,MAINTAIN
Node_9454,New York,47.15433037720406,2.4116395622065028,MAINTAIN
Node_9455,London,50.52742770113811,1.2382206231761788,MAINTAIN
Node_9456,New York,41.44407566894686,2.5732020918255643,MAINTAIN
Node_9457,London,43.097161363161064,1.1273289083924918,MAINTAIN
Node_9458,New York,66.10188404132197,0.7146952674068603,MAINTAIN
Node_9459,London,71.62176792740041,3.183153337553438,MAINTAIN
Node_9460,London,39.46192455106133,4.572446574434368,MAINTAIN
Node_9461,Cape Town,14.8740823530688,3.0497153591081116,SHUTDOWN
Node_9462,Cape Town,66.28770180968147,3.844849970580061,MAINTAIN
Node_9463,Cape Town,13.676021465097161,2.832495042305892,SHUTDOWN
Node_9464,New York,42.14385273721905,1.0195537998923747,MAINTAIN
Node_9465,London,60.325043858362534,2.6950075400109244,MAINTAIN
Node_9466,New York,18.027074074920904,0.7278353486984399,SHUTDOWN
Node_9467,London,14.512677281288985,0.9759066099473861,SHUTDOWN
Node_9468,London,62.55323692166671,1.6701234640332825,MAINTAIN
Node_9469,New York,68.36181648020576,2.8509385517859642,MAINTAIN
Node_9470,Cape Town,27.7577943235589,4.646203035539914,SHUTDOWN
Node_9471,London,93.80818818233975,3.1935089537390127,MAINTAIN
Node_9472,Cape Town,84.71397485369727,2.1853792107179535,MAINTAIN
Node_9473,New York,38.418850366439415,1.409768321828751,MAINTAIN
Node_9474,London,51.69987663027296,2.5882140536335467,MAINTAIN
Node_9475,Cape Town,40.84973514094307,3.3822651234409395,MAINTAIN
Node_9476,Cape Town,75.19134234357224,4.323655514637517,MAINTAIN
Node_9477,New York,25.474437548699747,1.244178907019021,SHUTDOWN
Node_9478,London,91.68185061371095,2.798407414948037,MAINTAIN
Node_9479,London,42.42580896756607,2.6362213263191485,MAINTAIN
Node_9480,New York,68.93112441341637,0.9735597167482508,MAINTAIN
Node_9481,Cape Town,12.408109042011588,4.394027104424211,SHUTDOWN
Node_9482,London,55.288350383948085,4.8340658820078835,MAINTAIN
Node_9483,Cape Town,14.513536968087593,1.9041253994278788,SHUTDOWN
Node_9484,London,89.56177788335874,2.3988157478284453,MAINTAIN
Node_9485,New York,15.76785538140246,3.1662931835805614,SHUTDOWN
Node_9486,London,83.48089969528665,4.187735666820096,MAINTAIN
Node_9487,Cape Town,15.587322973625305,1.1661972391054989,SHUTDOWN
Node_9488,New York,51.445302521875035,2.747203254518004,MAINTAIN
Node_9489,London,30.5433857637189,4.602489804888413,MAINTAIN
Node_9490,London,93.80484347757891,3.2307419086753266,MAINTAIN
Node_9491,New York,97.26907584975551,3.6441208836239487,MAINTAIN
Node_9492,Cape Town,85.9136956903561,4.015310683954809,MAINTAIN
Node_9493,London,57.082903254909176,4.971827769135895,MAINTAIN
Node_9494,Cape Town,55.760146289468224,1.290670364819045,MAINTAIN
Node_9495,London,98.20178518435382,2.195104626348295,MAINTAIN
Node_9496,Cape Town,46.80772901145499,0.8280267757328834,MAINTAIN
Node_9497,New York,68.52750946727714,2.541848189421744,MAINTAIN
Node_9498,London,12.029048672589031,2.3736030613813437,SHUTDOWN
Node_9499,London,96.27605171649813,2.628845595646072,MAINTAIN
Node_9500,New York,34.92412136262879,0.6152168811928933,MAINTAIN
Node_9501,Cape Town,22.89035504426662,1.584901892407174,SHUTDOWN
Node_9502,New York,41.1080819226131,1.6410603298530986,MAINTAIN
Node_9503,London,51.97843962907858,3.4166742939350416,MAINTAIN
Node_9504,Cape Town,68.93862045439161,4.232653664121107,MAINTAIN
Node_9505,London,80.9281684902889,2.7487067722566296,MAINTAIN
Node_9506,London,91.89504954210469,0.995509239948057,MAINTAIN
Node_9507,Cape Town,21.051163082392748,2.8852000607403707,SHUTDOWN
Node_9508,New York,76.4627524148645,0.72279620498126,MAINTAIN
Node_9509,New York,77.06146774294051,2.0329541199993773,MAINTAIN
Node_9510,London,54.37934074698194,3.1989272898135495,MAINTAIN
Node_9511,Cape Town,26.61826470055565,3.0088992787991327,SHUTDOWN
Node_9512,London,69.13773352650269,3.3526539394972623,MAINTAIN
Node_9513,New York,29.0380650066566,3.447222863545024,SHUTDOWN
Node_9514,Cape Town,63.238607511013655,0.620634580993497,MAINTAIN
Node_9515,Cape Town,67.70481400946343,1.0185894504041968,MAINTAIN
Node_9516,London,33.562131348779246,4.719316262212021,MAINTAIN
Node_9517,Cape Town,93.96570573260156,1.6489003354273286,MAINTAIN
Node_9518,New York,90.8184238186523,4.618923607037126,MAINTAIN
Node_9519,Cape Town,40.35226253044766,1.0412010237287133,MAINTAIN
Node_9520,Cape Town,57.60136601088418,2.1438782149090874,MAINTAIN
Node_9521,New York,89.28628198045467,4.4194254755823845,MAINTAIN
Node_9522,New York,97.36333910086105,2.9521171764271648,MAINTAIN
Node_9523,London,48.84489923842861,4.395286223445998,MAINTAIN
Node_9524,London,48.69805771408062,4.812977565739234,MAINTAIN
Node_9525,Cape Town,91.65938118628335,3.799629370839482,MAINTAIN
Node_9526,New York,76.63802627945618,0.8612126194638581,MAINTAIN
Node_9527,London,56.005903671004994,4.71780584797024,MAINTAIN
Node_9528,New York,32.7144852218461,4.427367138350679,MAINTAIN
Node_9529,New York,87.70831027643565,2.4566239771843263,MAINTAIN
Node_9530,London,29.922822933815787,1.26732444995989,SHUTDOWN
Node_9531,Cape Town,72.92416259548098,3.489429470881083,MAINTAIN
Node_9532,New York,11.917093156093358,1.3281601079471925,SHUTDOWN
Node_9533,Cape Town,63.32420888007103,2.1964096291876123,MAINTAIN
Node_9534,New York,44.8504129403636,4.283861316239722,MAINTAIN
Node_9535,London,93.91690530759851,0.7342659305302838,MAINTAIN
Node_9536,London,23.60882098926569,2.485903929813645,SHUTDOWN
Node_9537,New York,80.43410936492134,0.906438136841357,MAINTAIN
Node_9538,London,90.90880766539556,3.5312613308764105,MAINTAIN
Node_9539,New York,71.62737235581604,1.3360377665213323,MAINTAIN
Node_9540,London,15.985935889630145,2.3753866884596206,SHUTDOWN
Node_9541,Cape Town,32.67976124477133,3.3084699491108944,MAINTAIN
Node_9542,New York,31.84233987103707,3.563807072826887,MAINTAIN
Node_9543,New York,61.40077320111182,1.8053211552055939,MAINTAIN
Node_9544,Cape Town,81.18579704247888,1.1101659218359372,MAINTAIN
Node_9545,New York,34.957377597821534,4.682640527336182,MAINTAIN
Node_9546,London,32.83552548220016,2.4936972709953764,MAINTAIN
Node_9547,New York,58.22448787829675,4.998702335829128,MAINTAIN
Node_9548,Cape Town,80.80582402783708,3.9413995672435775,MAINTAIN
Node_9549,London,34.1266260626099,1.4498447351155193,MAINTAIN
Node_9550,Cape Town,18.123921499284567,1.9561415804297397,SHUTDOWN
Node_9551,Cape Town,62.24503445915649,4.7911763503355,MAINTAIN
Node_9552,London,36.14801180375163,1.2617921847216338,MAINTAIN
Node_9553,Cape Town,94.02543806595239,2.425976604520163,MAINTAIN
Node_9554,New York,76.61743913125886,1.3584748342076942,MAINTAIN
Node_9555,New York,93.54571964353626,1.8516406840067328,MAINTAIN
Node_9556,Cape Town,68.35729392985147,3.866084948141222,MAINTAIN
Node_9557,Cape Town,23.84851783554269,4.450746215265408,SHUTDOWN
Node_9558,Cape Town,60.85434020460354,4.832668613357361,MAINTAIN
Node_9559,New York,28.2121075171763,1.649775437884776,SHUTDOWN
Node_9560,Cape Town,16.767493171762844,4.494813061980862,SHUTDOWN
Node_9561,London,59.57604786142991,1.2440809670884319,MAINTAIN
Node_9562,Cape Town,16.096499377455284,0.773410764171039,SHUTDOWN
Node_9563,London,36.648409472350075,0.6131552632282071,MAINTAIN
Node_9564,London,48.97215589600794,2.354191777164287,MAINTAIN
Node_9565,London,63.08629240450964,0.7871411361100447,MAINTAIN
Node_9566,Cape Town,46.020143925608785,4.529554022077314,MAINTAIN
Node_9567,New York,75.38108309042761,4.2424929850811095,MAINTAIN
Node_9568,Cape Town,55.440843344188416,2.4952352542602605,MAINTAIN
Node_9569,New York,95.09803475713505,4.154569274103175,MAINTAIN
Node_9570,Cape Town,26.142421149938446,3.9865736826021427,SHUTDOWN
Node_9571,Cape Town,74.68372893514365,3.6004875541649963,MAINTAIN
Node_9572,Cape Town,98.82242466416024,4.048390111434909,MAINTAIN
Node_9573,Cape Town,57.222084639376035,2.139036321546253,MAINTAIN
Node_9574,New York,32.07618156354015,4.56139825105862,MAINTAIN
Node_9575,London,56.37201864846734,3.3003072362424857,MAINTAIN
Node_9576,London,88.19077855709648,4.025076305750957,MAINTAIN
Node_9577,London,29.720855574234402,1.1703319071905165,SHUTDOWN
Node_9578,New York,26.41454949240792,2.4807641278427712,SHUTDOWN
Node_9579,Cape Town,28.622866638399437,3.8198952854193235,SHUTDOWN
Node_9580,London,22.708049865940858,3.969028256054604,SHUTDOWN
Node_9581,New York,94.32518558959927,1.079892860751654,MAINTAIN
Node_9582,London,27.17361189889081,3.985229291394439,SHUTDOWN
Node_9583,Cape Town,58.24322049561991,4.04673158460975,MAINTAIN
Node_9584,London,67.1679807080537,4.749045579708552,MAINTAIN
Node_9585,Cape Town,67.84458898072265,0.5139645979760799,MAINTAIN
Node_9586,Cape Town,91.02232633320446,3.6015997855592556,MAINTAIN
Node_9587,New York,94.67936422980245,0.940965280629262,MAINTAIN
Node_9588,Cape Town,79.93348610514175,1.602560590786489,MAINTAIN
Node_9589,London,15.016503702607281,0.5787709336300667,SHUTDOWN
Node_9590,New York,73.95137942404148,2.0548762347003997,MAINTAIN
Node_9591,Cape Town,69.72383325877134,2.8427476773916407,MAINTAIN
Node_9592,Cape Town,75.52792357408478,2.932437392427207,MAINTAIN
Node_9593,London,27.541333287667022,0.7721560887426719,SHUTDOWN
Node_9594,New York,19.798015453794633,3.3482376405545877,SHUTDOWN
Node_9595,New York,49.0384784742125,4.436292061244734,MAINTAIN
Node_9596,London,98.35565477069028,2.1033221368499246,MAINTAIN
Node_9597,London,31.084508411949535,1.2862494528407036,MAINTAIN
Node_9598,Cape Town,44.09549613373529,2.5853999256885087,MAINTAIN
Node_9599,Cape Town,29.82540237032283,2.420428762763403,SHUTDOWN
Node_9600,New York,34.36575315918361,0.6849650193176832,MAINTAIN
Node_9601,New York,37.93103531570833,2.089721355394151,MAINTAIN
Node_9602,London,72.8293092218787,0.5136513064631216,MAINTAIN
Node_9603,New York,84.12952270959687,0.9170172049147649,MAINTAIN
Node_9604,London,12.614525100267805,0.5454351757323955,SHUTDOWN
Node_9605,New York,30.06009830121882,4.267761317614015,MAINTAIN
Node_9606,London,44.282963348668005,4.553741098016682,MAINTAIN
Node_9607,Cape Town,59.82873493563312,2.278607776694188,MAINTAIN
Node_9608,Cape Town,27.323872578495415,1.2910095092700875,SHUTDOWN
Node_9609,New York,56.76700706676484,0.8268012878469827,MAINTAIN
Node_9610,New York,86.10560737438597,1.3647847129955606,MAINTAIN
Node_9611,New York,88.50578336216026,4.025228437229083,MAINTAIN
Node_9612,London,46.53232199382716,4.261889146581787,MAINTAIN
Node_9613,London,65.36478077872323,0.8515038107625451,MAINTAIN
Node_9614,Cape Town,33.59134701379301,3.907769691073654,MAINTAIN
Node_9615,London,58.07845612659994,4.0982755474789245,MAINTAIN
Node_9616,Cape Town,62.56501681818787,4.300481404902856,MAINTAIN
Node_9617,New York,56.70904294917126,2.0009833155709944,MAINTAIN
Node_9618,Cape Town,94.48236026469311,4.962995218998694,MAINTAIN
Node_9619,New York,29.303653378401133,1.0264244520159744,SHUTDOWN
Node_9620,New York,95.09697196237951,4.570972763857188,MAINTAIN
Node_9621,Cape Town,84.8175626400363,1.653263962971898,MAINTAIN
Node_9622,London,65.3231403139718,0.6733694063770435,MAINTAIN
Node_9623,New York,51.82192244215478,0.566551819726206,MAINTAIN
Node_9624,Cape Town,20.71240801351032,3.7892156942582385,SHUTDOWN
Node_9625,London,98.40439349813332,3.1834988744714194,MAINTAIN
Node_9626,London,99.28810355942771,0.9052346584826461,MAINTAIN
Node_9627,Cape Town,82.997469123416,4.0276368169005154,MAINTAIN
Node_9628,Cape Town,71.25023026344621,2.052504529175284,MAINTAIN
Node_9629,Cape Town,51.64926058326466,1.371842765721695,MAINTAIN
Node_9630,London,55.399973310447066,0.7235814276085353,MAINTAIN
Node_9631,Cape Town,59.03681259520066,2.6436471547494413,MAINTAIN
Node_9632,New York,32.65357485867408,1.0342110827572393,MAINTAIN
Node_9633,New York,57.738555208452006,1.7672264915106846,MAINTAIN
Node_9634,London,38.28675917074355,0.844061243966528,MAINTAIN
Node_9635,New York,48.32219522983348,0.7123469663949635,MAINTAIN
Node_9636,Cape Town,35.263478121863436,3.651871769990498,MAINTAIN
Node_9637,New York,63.82896535835066,3.744077039634287,MAINTAIN
Node_9638,Cape Town,98.28046161071356,4.89697571215003,MAINTAIN
Node_9639,New York,81.82343360275708,2.976314856531702,MAINTAIN
Node_9640,Cape Town,17.765723511471226,2.4281819709253147,SHUTDOWN
Node_9641,London,11.790432493620413,3.127793194545304,SHUTDOWN
Node_9642,Cape Town,53.337851007134766,3.4305452941611407,MAINTAIN
Node_9643,New York,42.034774252364244,2.4659732627877853,MAINTAIN
Node_9644,Cape Town,72.38897461067302,2.7936615584596565,MAINTAIN
Node_9645,New York,78.30952522962413,1.3759847788229558,MAINTAIN
Node_9646,New York,49.90706123063921,1.2880540678248418,MAINTAIN
Node_9647,New York,79.6892997173086,4.728406511204644,MAINTAIN
Node_9648,Cape Town,44.13171248254315,2.9397880650707315,MAINTAIN
Node_9649,New York,94.3740543801216,1.8524698338298653,MAINTAIN
Node_9650,Cape Town,12.133134599948232,1.394670005378366,SHUTDOWN
Node_9651,Cape Town,72.21498599011612,1.061589164564691,MAINTAIN
Node_9652,Cape Town,36.26780503563856,4.134296328658385,MAINTAIN
Node_9653,London,27.529081529413368,4.750151378327823,SHUTDOWN
Node_9654,New York,86.90329828183488,2.2738554256178376,MAINTAIN
Node_9655,London,66.74819486296244,1.1241999053463811,MAINTAIN
Node_9656,New York,68.13839484118878,3.1319578189810526,MAINTAIN
Node_9657,Cape Town,11.54164004934385,4.45682628747008,SHUTDOWN
Node_9658,London,27.64332180422813,4.940463864159999,SHUTDOWN
Node_9659,London,75.91238822787227,2.9541990373668963,MAINTAIN
Node_9660,London,85.76709221860952,1.0188315225245426,MAINTAIN
Node_9661,Cape Town,65.33993490377938,2.036520508106138,MAINTAIN
Node_9662,Cape Town,54.411321248045425,3.3671825893232246,MAINTAIN
Node_9663,New York,22.850099198773954,0.7440085986694093,SHUTDOWN
Node_9664,Cape Town,97.20539865513071,1.8848593970421725,MAINTAIN
Node_9665,Cape Town,98.33712798967177,4.465269696546098,MAINTAIN
Node_9666,New York,34.28499321974159,3.444865478940321,MAINTAIN
Node_9667,Cape Town,64.52267590082373,4.903597265881074,MAINTAIN
Node_9668,London,50.831054171157774,1.6443516127115656,MAINTAIN
Node_9669,New York,77.95204053324692,4.993387991823609,MAINTAIN
Node_9670,Cape Town,11.480494655214242,3.3702937948316425,SHUTDOWN
Node_9671,New York,88.9833334557052,3.3008995836205197,MAINTAIN
Node_9672,New York,66.05519001956758,2.3822911091275194,MAINTAIN
Node_9673,London,53.54749958888139,2.0177991485959725,MAINTAIN
Node_9674,Cape Town,82.88069191028748,1.0958966899575238,MAINTAIN
Node_9675,London,42.13672344304695,3.0692227821523703,MAINTAIN
Node_9676,London,72.716527918319,2.988657693202069,MAINTAIN
Node_9677,London,11.421008977483853,1.2405474005741868,SHUTDOWN
Node_9678,Cape Town,13.22152279759706,2.8604787518300037,SHUTDOWN
Node_9679,London,41.57173218410537,2.435737317458827,MAINTAIN
Node_9680,Cape Town,25.46325428959465,1.6272266516579375,SHUTDOWN
Node_9681,New York,53.36064069849421,0.5140929800259049,MAINTAIN
Node_9682,London,99.47446060180604,1.2867002080843977,MAINTAIN
Node_9683,Cape Town,25.083488894326813,2.86263982787935,SHUTDOWN
Node_9684,Cape Town,74.2146779633892,2.2653736256746595,MAINTAIN
Node_9685,Cape Town,26.480468251585627,3.7055521939648504,SHUTDOWN
Node_9686,New York,84.06125838233558,2.2887143850305165,MAINTAIN
Node_9687,Cape Town,42.11398570153119,1.0810961823742256,MAINTAIN
Node_9688,Cape Town,43.66243941170559,1.3911559293569447,MAINTAIN
Node_9689,New York,12.684840506586868,4.561915564013393,SHUTDOWN
Node_9690,Cape Town,56.89499277584991,3.6665219839858665,MAINTAIN
Node_9691,London,29.745626473973044,2.788849049682518,SHUTDOWN
Node_9692,Cape Town,93.01232198575005,2.2049243650341204,MAINTAIN
Node_9693,London,71.53856359617626,4.790340855004426,MAINTAIN
Node_9694,London,54.771775305058945,4.224044674474616,MAINTAIN
Node_9695,London,49.111914535139626,1.589170341219317,MAINTAIN
Node_9696,New York,82.74819203237575,2.238849636313177,MAINTAIN
Node_9697,New York,60.4924504634238,0.5993660302762228,MAINTAIN
Node_9698,London,18.16771498807857,4.458261830195006,SHUTDOWN
Node_9699,London,12.748436507996066,0.674852081526683,SHUTDOWN
Node_9700,Cape Town,12.171399144363495,1.3117932370698662,SHUTDOWN
Node_9701,Cape Town,72.23315699526826,2.924206393313948,MAINTAIN
Node_9702,London,81.95720340496493,0.9104246583306791,MAINTAIN
Node_9703,Cape Town,69.70170057590937,2.0322960336456624,MAINTAIN
Node_9704,New York,45.35808027971893,2.6097973606547824,MAINTAIN
Node_9705,New York,34.55915558441288,3.3840413514115504,MAINTAIN
Node_9706,New York,28.07298572987931,2.4936077946550204,SHUTDOWN
Node_9707,London,73.21323201839243,0.5922435759321416,MAINTAIN
Node_9708,Cape Town,27.761904595878065,0.6446028588318158,SHUTDOWN
Node_9709,Cape Town,28.55383109360173,4.402005555601818,SHUTDOWN
Node_9710,London,52.919295634618955,4.4503240309593615,MAINTAIN
Node_9711,New York,43.61846755055647,2.6701664950943678,MAINTAIN
Node_9712,New York,44.211219985134164,2.1927231321306033,MAINTAIN
Node_9713,Cape Town,74.06394614833057,2.6526952383953275,MAINTAIN
Node_9714,New York,87.33234181732804,2.6398488274608205,MAINTAIN
Node_9715,Cape Town,23.663135377900133,4.0272757917229525,SHUTDOWN
Node_9716,London,84.94966622846462,1.7328272415220434,MAINTAIN
Node_9717,London,60.34399056245915,2.6053277811167157,MAINTAIN
Node_9718,London,90.28420048615106,3.863368555391503,MAINTAIN
Node_9719,London,94.21120578187585,4.8855426264265205,MAINTAIN
Node_9720,Cape Town,32.41142091649899,0.6361846232663946,MAINTAIN
Node_9721,New York,24.445885001720395,2.7123000590681574,SHUTDOWN
Node_9722,New York,40.51168493718561,1.3429031226022512,MAINTAIN
Node_9723,London,79.32506781748725,2.935824620733971,MAINTAIN
Node_9724,New York,39.439498086795055,4.117670449348266,MAINTAIN
Node_9725,London,31.73156705671914,1.1859347535656148,MAINTAIN
Node_9726,Cape Town,26.128246672916884,2.4403209096971916,SHUTDOWN
Node_9727,Cape Town,34.93005042468968,0.5429895026553884,MAINTAIN
Node_9728,Cape Town,34.23751297815978,4.195669608596676,MAINTAIN
Node_9729,New York,88.33873655299445,2.9992991877072948,MAINTAIN
Node_9730,Cape Town,72.36474239840129,2.345971367299609,MAINTAIN
Node_9731,Cape Town,73.21085680126363,1.3479040572982741,MAINTAIN
Node_9732,Cape Town,83.07869986406281,0.7841718103819505,MAINTAIN
Node_9733,London,96.13188284642546,2.366642234437437,MAINTAIN
Node_9734,Cape Town,97.39839463463149,3.9674145660189986,MAINTAIN
Node_9735,London,46.7985527887951,3.910806820561417,MAINTAIN
Node_9736,London,80.36486636213235,1.7925900597304918,MAINTAIN
Node_9737,London,14.266368118660875,0.794151359862661,SHUTDOWN
Node_9738,London,88.92412150043566,4.300163975017486,MAINTAIN
Node_9739,Cape Town,31.71622659086423,4.735133670956992,MAINTAIN
Node_9740,New York,81.04464664284576,3.6138095937509247,MAINTAIN
Node_9741,London,62.47230988720111,2.218838899804199,MAINTAIN
Node_9742,London,90.00406220358478,4.224141261950699,MAINTAIN
Node_9743,New York,38.46035516737417,1.11654112230151,MAINTAIN
Node_9744,Cape Town,78.50244442049045,2.172188447489367,MAINTAIN
Node_9745,New York,67.85272779371385,4.164067031476944,MAINTAIN
Node_9746,London,69.12962746260882,3.674591105979823,MAINTAIN
Node_9747,Cape Town,97.40804791251436,4.255247853065891,MAINTAIN
Node_9748,New York,55.393250570222015,2.860254117372947,MAINTAIN
Node_9749,New York,50.74450961692668,2.0684483493248527,MAINTAIN
Node_9750,London,30.643469405565483,3.6162682686489407,MAINTAIN
Node_9751,London,66.85178874633876,2.2959069542352575,MAINTAIN
Node_9752,Cape Town,33.56007018180861,0.9155871990200604,MAINTAIN
Node_9753,London,99.29208374945857,1.412233538061261,MAINTAIN
Node_9754,London,90.57794060415245,1.846583746431207,MAINTAIN
Node_9755,Cape Town,92.07239445979283,3.573075914220483,MAINTAIN
Node_9756,London,65.84889316195,2.1942608205918623,MAINTAIN
Node_9757,London,15.837325883782459,4.029408818548296,SHUTDOWN
Node_9758,New York,50.74955997367473,0.9174262160590263,MAINTAIN
Node_9759,New York,70.5723443315357,0.9860468634453757,MAINTAIN
Node_9760,Cape Town,33.98071320423418,1.0981270558573883,MAINTAIN
Node_9761,New York,45.473040865608674,2.2336589385105707,MAINTAIN
Node_9762,Cape Town,57.63819688981505,1.549814616124121,MAINTAIN
Node_9763,New York,31.52569393680035,3.9609173767215613,MAINTAIN
Node_9764,Cape Town,72.58186686291253,1.7620594914060796,MAINTAIN
Node_9765,London,45.233593147831094,1.2641476281615325,MAINTAIN
Node_9766,New York,91.1541719245398,4.536581529482833,MAINTAIN
Node_9767,London,23.56602922364378,1.1067466135962936,SHUTDOWN
Node_9768,Cape Town,81.04015631843771,4.214704204976875,MAINTAIN
Node_9769,London,75.91850801739184,2.2369291902302373,MAINTAIN
Node_9770,Cape Town,18.791328592963318,2.7828047954023427,SHUTDOWN
Node_9771,New York,71.5211072922354,1.4329489153384818,MAINTAIN
Node_9772,London,57.99595902992202,0.8207338231126629,MAINTAIN
Node_9773,Cape Town,47.3927103485826,2.987500350098464,MAINTAIN
Node_9774,New York,97.62886775345694,3.484402722305952,MAINTAIN
Node_9775,Cape Town,79.59885584128513,0.8954989562336981,MAINTAIN
Node_9776,Cape Town,52.11955591195354,0.7528934309223168,MAINTAIN
Node_9777,Cape Town,64.78855683175587,3.3721945051150346,MAINTAIN
Node_9778,New York,31.996534138136777,4.231140774914659,MAINTAIN
Node_9779,New York,30.713165725841602,3.7452298473960326,MAINTAIN
Node_9780,New York,18.168155104459288,3.6342743191762343,SHUTDOWN
Node_9781,New York,15.166686956424595,3.4589947620305517,SHUTDOWN
Node_9782,Cape Town,26.781873124507428,4.211790429455414,SHUTDOWN
Node_9783,London,53.398984777712705,3.9767052759809736,MAINTAIN
Node_9784,London,24.273549591661443,1.7373782439256718,SHUTDOWN
Node_9785,London,55.47561669726022,4.9145891466656035,MAINTAIN
Node_9786,Cape Town,52.31708047934898,0.9890629915159365,MAINTAIN
Node_9787,New York,14.351196305131896,4.697330496357826,SHUTDOWN
Node_9788,London,86.18499419941577,2.2716488800835757,MAINTAIN
Node_9789,Cape Town,93.80621316555217,0.5134629172054519,MAINTAIN
Node_9790,London,85.8836097113169,3.1450214955719966,MAINTAIN
Node_9791,London,83.24822018639045,1.8693088512230998,MAINTAIN
Node_9792,London,17.861086085197293,0.9067579498841773,SHUTDOWN
Node_9793,New York,66.58814934748659,3.429653096854506,MAINTAIN
Node_9794,London,95.89400164342644,1.506594875013509,MAINTAIN
Node_9795,London,35.32815166878796,3.261935415693025,MAINTAIN
Node_9796,New York,15.36958913954351,2.2604811685378565,SHUTDOWN
Node_9797,Cape Town,34.85224131719863,4.689698181628092,MAINTAIN
Node_9798,New York,24.774536598978735,3.2810488102714817,SHUTDOWN
Node_9799,Cape Town,63.60315364238542,3.332825074882794,MAINTAIN
Node_9800,New York,92.06163270634907,0.9883051367157613,MAINTAIN
Node_9801,New York,49.91690190283182,0.8930107212246478,MAINTAIN
Node_9802,London,80.3235931498682,1.8421637616188162,MAINTAIN
Node_9803,London,51.53675507261483,1.881762585928814,MAINTAIN
Node_9804,New York,75.3336486253976,2.812290777724142,MAINTAIN
Node_9805,New York,89.74876929531116,0.7022850624634077,MAINTAIN
Node_9806,Cape Town,25.61051318265379,3.072963739528446,SHUTDOWN
Node_9807,New York,98.96255270021356,1.064595876322418,MAINTAIN
Node_9808,London,46.12840116193609,2.1798377792072365,MAINTAIN
Node_9809,Cape Town,14.470799226110021,1.468291679142643,SHUTDOWN
Node_9810,London,96.12915672123351,2.24692082961386,MAINTAIN
Node_9811,Cape Town,50.05114886373607,0.805009711648085,MAINTAIN
Node_9812,New York,41.86900530406352,4.991539904436444,MAINTAIN
Node_9813,Cape Town,64.50695687216387,3.9509732641110475,MAINTAIN
Node_9814,New York,32.7494284863684,4.976662622766136,MAINTAIN
Node_9815,New York,23.646727834967646,3.5374649332597636,SHUTDOWN
Node_9816,London,63.38341950779879,4.510734171234029,MAINTAIN
Node_9817,New York,76.89237183809719,3.7782677079454845,MAINTAIN
Node_9818,New York,72.05550366748585,4.528168462794255,MAINTAIN
Node_9819,New York,44.33569243931995,1.6599135965635574,MAINTAIN
Node_9820,New York,34.57609835739322,4.551223856269917,MAINTAIN
Node_9821,London,18.302116899608095,4.612371892983625,SHUTDOWN
Node_9822,Cape Town,89.69132103663617,1.7724802640650632,MAINTAIN
Node_9823,London,11.078527555518518,2.3791191149646203,SHUTDOWN
Node_9824,New York,29.709692167653074,3.8143413320324258,SHUTDOWN
Node_9825,New York,27.702003001362222,1.4424154228577952,SHUTDOWN
Node_9826,New York,51.49199131017499,3.142429657047475,MAINTAIN
Node_9827,Cape Town,99.4252304045712,2.65898993683664,MAINTAIN
Node_9828,London,88.70304029161196,0.6211643135911782,MAINTAIN
Node_9829,Cape Town,25.096270562442477,2.4059475914294572,SHUTDOWN
Node_9830,Cape Town,69.63029862385453,1.3344001624524677,MAINTAIN
Node_9831,Cape Town,84.0047681961687,2.698762919130424,MAINTAIN
Node_9832,Cape Town,98.91168321535038,0.6287082811475511,MAINTAIN
Node_9833,Cape Town,24.70894936118038,1.5154556724008317,SHUTDOWN
Node_9834,New York,80.57434017752949,1.8939793615358715,MAINTAIN
Node_9835,Cape Town,60.7914024303396,4.9885685069953665,MAINTAIN
Node_9836,Cape Town,35.48509857924023,4.193397326511322,MAINTAIN
Node_9837,London,98.97969670976684,1.8920620722639043,MAINTAIN
Node_9838,Cape Town,35.938612967631315,4.8227618573109,MAINTAIN
Node_9839,Cape Town,75.5597608096264,2.9397018318553103,MAINTAIN
Node_9840,London,90.20026601810552,4.59158811712552,MAINTAIN
Node_9841,London,52.751635351036406,0.7472184036575471,MAINTAIN
Node_9842,London,87.83214584054359,4.815121297705322,MAINTAIN
Node_9843,London,26.05338433822045,2.1587374558042405,SHUTDOWN
Node_9844,London,43.757319689081484,3.0133738850777374,MAINTAIN
Node_9845,London,38.489206287509475,4.487417315500721,MAINTAIN
Node_9846,Cape Town,98.50556952223208,1.3779686904678257,MAINTAIN
Node_9847,Cape Town,12.772868635851003,4.72586253292574,SHUTDOWN
Node_9848,Cape Town,26.51560351674431,1.7288005625747283,SHUTDOWN
Node_9849,London,91.71651376702756,4.559269604583623,MAINTAIN
Node_9850,New York,94.39944208929342,3.0964261583462016,MAINTAIN
Node_9851,New York,85.87378654068515,1.4194908500534382,MAINTAIN
Node_9852,Cape Town,79.30962774473345,0.903800308670063,MAINTAIN
Node_9853,Cape Town,29.10382145437505,3.65095581108371,SHUTDOWN
Node_9854,Cape Town,53.961963339594014,2.295287075339475,MAINTAIN
Node_9855,London,52.41808406593161,1.378814377121695,MAINTAIN
Node_9856,Cape Town,93.08669928877259,2.0017720243079618,MAINTAIN
Node_9857,Cape Town,46.69572308980145,2.6219331976251823,MAINTAIN
Node_9858,Cape Town,16.35914048845926,4.112276128501032,SHUTDOWN
Node_9859,New York,25.684956904578627,2.09257191641192,SHUTDOWN
Node_9860,London,84.46259080115848,2.5105712631820625,MAINTAIN
Node_9861,London,52.120500200340764,3.336478060363969,MAINTAIN
Node_9862,Cape Town,13.507731202843008,2.7188294948548517,SHUTDOWN
Node_9863,Cape Town,13.799332075449016,1.0445960092115714,SHUTDOWN
Node_9864,New York,88.48758833099592,3.411160451930942,MAINTAIN
Node_9865,New York,40.41897472997934,2.3835828984306033,MAINTAIN
Node_9866,Cape Town,14.4491693605422,1.7793799091516938,SHUTDOWN
Node_9867,Cape Town,42.156740431106826,2.4398396611018134,MAINTAIN
Node_9868,Cape Town,97.89869947543848,3.9417833761627232,MAINTAIN
Node_9869,New York,71.07237167656822,4.826664083077307,MAINTAIN
Node_9870,London,85.30638807084544,3.291731719633665,MAINTAIN
Node_9871,Cape Town,26.632360502440406,1.5779495444704406,SHUTDOWN
Node_9872,New York,39.02547666088031,3.7277492629805757,MAINTAIN
Node_9873,London,89.6057056304247,2.21446135011682,MAINTAIN
Node_9874,Cape Town,58.333882762272445,2.4439475808704656,MAINTAIN
Node_9875,New York,39.53985943309533,0.7383720953133432,MAINTAIN
Node_9876,New York,78.68880052506798,2.306722263015461,MAINTAIN
Node_9877,New York,21.842984977960164,4.326681204435522,SHUTDOWN
Node_9878,London,15.85690396058644,4.851593571143568,SHUTDOWN
Node_9879,London,53.00750405449624,1.7960310111157125,MAINTAIN
Node_9880,Cape Town,62.14421689082618,0.9058058641548363,MAINTAIN
Node_9881,Cape Town,46.52673227938362,2.1375315731567994,MAINTAIN
Node_9882,London,27.98981409890902,4.151883080361052,SHUTDOWN
Node_9883,New York,11.85349925992726,0.6722272102550726,SHUTDOWN
Node_9884,London,87.80220730746686,2.4441495344405872,MAINTAIN
Node_9885,London,11.894879257667842,1.6686267737658742,SHUTDOWN
Node_9886,London,97.90684803199004,3.131308406715706,MAINTAIN
Node_9887,Cape Town,36.270345438594944,3.0385370897412596,MAINTAIN
Node_9888,New York,75.18933675557574,1.3742995181783666,MAINTAIN
Node_9889,New York,13.12460324606759,4.682842686585201,SHUTDOWN
Node_9890,New York,74.31244444170565,2.4718765240949936,MAINTAIN
Node_9891,London,10.51755618632045,4.732653559386929,SHUTDOWN
Node_9892,New York,89.68658001448165,4.486167434575037,MAINTAIN
Node_9893,London,17.72508204300012,1.9380785505450187,SHUTDOWN
Node_9894,Cape Town,43.99873832664238,4.87771235284547,MAINTAIN
Node_9895,New York,94.12842838384108,4.599877652007915,MAINTAIN
Node_9896,London,20.766514775800644,2.141457979641568,SHUTDOWN
Node_9897,New York,71.09605753987145,1.9241866215907153,MAINTAIN
Node_9898,London,62.89578286355878,2.476011744522923,MAINTAIN
Node_9899,London,91.54915073009617,1.1394078750774495,MAINTAIN
Node_9900,New York,94.0638626033122,1.0034917037791264,MAINTAIN
Node_9901,New York,82.26454118192024,2.907510503972246,MAINTAIN
Node_9902,Cape Town,80.00632720225661,3.6939480146403474,MAINTAIN
Node_9903,London,30.24651774588002,2.407414703707518,MAINTAIN
Node_9904,London,48.44404537683181,1.6082514723393146,MAINTAIN
Node_9905,Cape Town,48.122661081865196,4.465419970643824,MAINTAIN
Node_9906,New York,51.67762360995395,0.5431235421849856,MAINTAIN
Node_9907,New York,11.134804874415172,2.169447796155617,SHUTDOWN
Node_9908,Cape Town,90.59858873741359,4.458566878549503,MAINTAIN
Node_9909,Cape Town,30.330323721231565,2.74703691448316,MAINTAIN
Node_9910,Cape Town,31.893766911894808,4.379692431566497,MAINTAIN
Node_9911,London,39.27785400269299,2.031809016746446,MAINTAIN
Node_9912,London,55.129819956872666,4.549902329309321,MAINTAIN
Node_9913,London,21.217128331278758,4.841745959292039,SHUTDOWN
Node_9914,Cape Town,34.77342233064246,1.9737532524860746,MAINTAIN
Node_9915,London,96.70816052824722,2.3477748962093203,MAINTAIN
Node_9916,London,37.53649157713599,4.675827950868999,MAINTAIN
Node_9917,Cape Town,45.39208017723158,3.409130027180464,MAINTAIN
Node_9918,London,53.762185922638615,4.021115371470637,MAINTAIN
Node_9919,London,54.22789477310409,1.7271307841985872,MAINTAIN
Node_9920,London,74.22803569160793,4.926468125628363,MAINTAIN
Node_9921,New York,91.97553930601049,1.572821529292706,MAINTAIN
Node_9922,New York,19.957479609789246,3.2813873456907685,SHUTDOWN
Node_9923,New York,92.40757328034478,0.5124981964978703,MAINTAIN
Node_9924,London,63.97178248617367,3.5395614820266657,MAINTAIN
Node_9925,London,79.11202878952477,1.3364690869368427,MAINTAIN
Node_9926,Cape Town,16.931327862672006,2.217331334812004,SHUTDOWN
Node_9927,New York,34.458314191306584,1.1225178070037953,MAINTAIN
Node_9928,New York,31.186975086896553,3.004205868327615,MAINTAIN
Node_9929,London,77.70450340794272,4.381285204671188,MAINTAIN
Node_9930,London,80.1888074847209,2.147986018581741,MAINTAIN
Node_9931,Cape Town,43.48444307499389,2.102007349492435,MAINTAIN
Node_9932,Cape Town,50.88727602756168,1.809669181944911,MAINTAIN
Node_9933,New York,56.47588893842893,4.320612074305819,MAINTAIN
Node_9934,Cape Town,72.9003645554634,3.935182465101652,MAINTAIN
Node_9935,London,19.312806389428587,1.0740605833482,SHUTDOWN
Node_9936,London,90.94467282234712,1.2041235741810845,MAINTAIN
Node_9937,New York,73.55532152554755,4.959338287829488,MAINTAIN
Node_9938,London,18.632935641436962,3.5147388590059587,SHUTDOWN
Node_9939,New York,30.443170759948746,4.812389848416963,MAINTAIN
Node_9940,New York,88.58698671486812,2.050506494257617,MAINTAIN
Node_9941,New York,35.7350280681255,4.661783680388946,MAINTAIN
Node_9942,New York,12.944031923496997,1.9399997852341553,SHUTDOWN
Node_9943,London,55.13560008788282,1.110665221103941,MAINTAIN
Node_9944,Cape Town,75.50026663282297,1.567068688093689,MAINTAIN
Node_9945,London,83.38113508150558,1.9756744342537544,MAINTAIN
Node_9946,London,22.005264308838214,3.472826872824016,SHUTDOWN
Node_9947,New York,65.39219979735661,4.572389992683226,MAINTAIN
Node_9948,New York,48.26037105578232,2.884804246168951,MAINTAIN
Node_9949,New York,13.151866102711029,3.843312441977321,SHUTDOWN
Node_9950,London,22.50271475645534,1.9064180385443128,SHUTDOWN
Node_9951,Cape Town,41.0404761051651,2.5792268130138813,MAINTAIN
Node_9952,New York,58.909574380012295,3.8975552266321096,MAINTAIN
Node_9953,Cape Town,48.22306683143891,3.9780249784415975,MAINTAIN
Node_9954,Cape Town,42.65259285700848,1.0243682194966477,MAINTAIN
Node_9955,New York,73.73793479459562,4.594215138165302,MAINTAIN
Node_9956,Cape Town,74.94668097500244,4.6411970618246565,MAINTAIN
Node_9957,New York,36.23378288304319,1.9766259145784573,MAINTAIN
Node_9958,London,43.77148423026883,2.6243393582715493,MAINTAIN
Node_9959,Cape Town,46.32690963238113,3.3474048352445815,MAINTAIN
Node_9960,London,39.162133080632586,0.9254060000786106,MAINTAIN
Node_9961,New York,99.05652453842748,0.8407722106369747,MAINTAIN
Node_9962,Cape Town,68.29844186504747,1.3651499806395275,MAINTAIN
Node_9963,London,44.324100877118035,1.0064045351080688,MAINTAIN
Node_9964,London,74.28752711919452,2.645457498409594,MAINTAIN
Node_9965,New York,26.37547116845844,2.9547080333405225,SHUTDOWN
Node_9966,Cape Town,51.71239172145992,0.8450356385792207,MAINTAIN
Node_9967,New York,34.301933108659895,2.261856341572818,MAINTAIN
Node_9968,London,56.66218780207318,4.8002510640798555,MAINTAIN
Node_9969,New York,23.29856810716573,2.77321539009072,SHUTDOWN
Node_9970,New York,44.23236552826308,3.278795006203003,MAINTAIN
Node_9971,Cape Town,90.62268507503073,3.740711321921846,MAINTAIN
Node_9972,Cape Town,15.339318549934994,4.425686550152181,SHUTDOWN
Node_9973,Cape Town,97.84787734188147,4.25877368628172,MAINTAIN
Node_9974,Cape Town,97.84792503149622,1.6817828532810581,MAINTAIN
Node_9975,Cape Town,13.097579982232435,4.881510621848656,SHUTDOWN
Node_9976,New York,63.691633956901285,3.331697687005933,MAINTAIN
Node_9977,New York,68.96985961703756,3.0047709900272617,MAINTAIN
Node_9978,New York,55.58056805297826,1.3560529615871681,MAINTAIN
Node_9979,London,75.38084665667199,2.7770898602214844,MAINTAIN
Node_9980,Cape Town,36.73328712327107,3.979704010517567,MAINTAIN
Node_9981,Cape Town,71.48025250371228,2.116541866990799,MAINTAIN
Node_9982,New York,89.23195113752911,4.183670441868601,MAINTAIN
Node_9983,Cape Town,74.17060082853517,1.818998607901465,MAINTAIN
Node_9984,New York,91.81694558441046,1.4523216514162796,MAINTAIN
Node_9985,Cape Town,66.88875858481512,1.5763913035702906,MAINTAIN
Node_9986,Cape Town,26.737806083414632,0.9832367448681718,SHUTDOWN
Node_9987,New York,60.164722679773284,2.666249841262408,MAINTAIN
Node_9988,New York,39.383457826305246,2.4746325559234483,MAINTAIN
Node_9989,New York,93.32058789999425,2.366363685759774,MAINTAIN
Node_9990,London,12.232816247101812,4.291199272307631,SHUTDOWN
Node_9991,New York,95.33368948431693,2.7214483373915823,MAINTAIN
Node_9992,London,17.097590615203394,1.1729414020149858,SHUTDOWN
Node_9993,London,32.26307714641624,3.8153860727545483,MAINTAIN
Node_9994,New York,28.296321391795974,1.2970974131283992,SHUTDOWN
Node_9995,New York,43.27146034105567,1.6286537123613494,MAINTAIN
Node_9996,New York,89.47572580940394,3.221371440492737,MAINTAIN
Node_9997,New York,73.39640303370717,4.508794236929602,MAINTAIN
Node_9998,Cape Town,89.07786431891424,2.0672944988570645,MAINTAIN
Node_9999,Cape Town,20.66347681583016,1.4474465548881716,SHUTDOWN
